{
  "type": "FeatureCollection",
  "features": [
    {
      "type": "Feature",
      "geometry": {
        "type": "Point",
        "coordinates": [
          3.5919,
          26.918
        ]
      },
      "properties": {
        "id": "cmsv3pa9h0004t9lul1ya1skz",
        "name": "Test Company 1",
        "slug": "test-company-1-1786842185525",
        "wilaya": "00",
        "wilayaName": "00",
        "commune": "Test",
        "address": "Test",
        "employeeCount": 25,
        "verificationStatus": "PENDING",
        "hasWebsite": false
      }
    },
    {
      "type": "Feature",
      "geometry": {
        "type": "Point",
        "coordinates": [
          -0.1079,
          27.4962
        ]
      },
      "properties": {
        "id": "cmsv3pa9i0006t9luz0vop9gr",
        "name": "Test Company 2",
        "slug": "test-company-2-1786842185526",
        "wilaya": "00",
        "wilayaName": "00",
        "commune": "Test",
        "address": "Test",
        "employeeCount": 25,
        "verificationStatus": "PENDING",
        "hasWebsite": false
      }
    },
    {
      "type": "Feature",
      "geometry": {
        "type": "Point",
        "coordinates": [
          2.124,
          29.2961
        ]
      },
      "properties": {
        "id": "cmsv3pa9j0008t9lu33r2dyqf",
        "name": "Test Company 3",
        "slug": "test-company-3-1786842185527",
        "wilaya": "00",
        "wilayaName": "00",
        "commune": "Test",
        "address": "Test",
        "employeeCount": 25,
        "verificationStatus": "PENDING",
        "hasWebsite": false
      }
    },
    {
      "type": "Feature",
      "geometry": {
        "type": "Point",
        "coordinates": [
          2.1259,
          36.2686
        ]
      },
      "properties": {
        "id": "cmsv3q1zn0004t9reefaa3hjc",
        "name": "SPE Ghrib - Société de Production d'Électricité de Ghrib",
        "slug": "spe-ghrib-societe-de-production-delectricite-de-ghrib",
        "wilaya": "39",
        "wilayaName": "Tipaza",
        "commune": "El Abadia",
        "address": "El Abadia, Aïn Defla, Algeria",
        "employeeCount": 25,
        "verificationStatus": "PENDING",
        "hasWebsite": true
      }
    },
    {
      "type": "Feature",
      "geometry": {
        "type": "Point",
        "coordinates": [
          2.2381,
          36.2592
        ]
      },
      "properties": {
        "id": "cmsv3q1zp0006t9re0u8fqvc7",
        "name": "Complexe Agrume Aïn Defla (CAAD) - EAC",
        "slug": "complexe-agrume-ain-defla-caad-eac",
        "wilaya": "39",
        "wilayaName": "Tipaza",
        "commune": "Khemis Miliana",
        "address": "Khemis Miliana, Aïn Defla, Algeria",
        "employeeCount": 25,
        "verificationStatus": "PENDING",
        "hasWebsite": false
      }
    },
    {
      "type": "Feature",
      "geometry": {
        "type": "Point",
        "coordinates": [
          2.2471,
          36.2809
        ]
      },
      "properties": {
        "id": "cmsv3q1zr0008t9rer3uabvru",
        "name": "Cimenterie de l'Oued Chéliff - CIOC",
        "slug": "cimenterie-de-loued-cheliff-cioc",
        "wilaya": "39",
        "wilayaName": "Tipaza",
        "commune": "Khemis Miliana",
        "address": "Khemis Miliana, Aïn Defla, Algeria",
        "employeeCount": 25,
        "verificationStatus": "PENDING",
        "hasWebsite": false
      }
    },
    {
      "type": "Feature",
      "geometry": {
        "type": "Point",
        "coordinates": [
          2.2042,
          36.2696
        ]
      },
      "properties": {
        "id": "cmsv3q1zt000at9re92bafus8",
        "name": "Cave Coopérative Vinicole Khemis Miliana (CCVKM)",
        "slug": "cave-cooperative-vinicole-khemis-miliana-ccvkm",
        "wilaya": "39",
        "wilayaName": "Tipaza",
        "commune": "Khemis Miliana",
        "address": "Khemis Miliana, Aïn Defla, Algeria",
        "employeeCount": 25,
        "verificationStatus": "PENDING",
        "hasWebsite": false
      }
    },
    {
      "type": "Feature",
      "geometry": {
        "type": "Point",
        "coordinates": [
          2.1365,
          36.2582
        ]
      },
      "properties": {
        "id": "cmsv3q1zu000ct9reoe9guior",
        "name": "Laiterie de la Vallée du Chéliff (LDVC)",
        "slug": "laiterie-de-la-vallee-du-cheliff-ldvc",
        "wilaya": "39",
        "wilayaName": "Tipaza",
        "commune": "Aïn Defla",
        "address": "Aïn Defla, Aïn Defla, Algeria",
        "employeeCount": 25,
        "verificationStatus": "PENDING",
        "hasWebsite": false
      }
    },
    {
      "type": "Feature",
      "geometry": {
        "type": "Point",
        "coordinates": [
          2.1772,
          36.2468
        ]
      },
      "properties": {
        "id": "cmsv3q1zv000et9reaxzrclxh",
        "name": "Société des Engrais d'Aïn Defla (SEAD)",
        "slug": "societe-des-engrais-dain-defla-sead",
        "wilaya": "39",
        "wilayaName": "Tipaza",
        "commune": "El Attaf",
        "address": "El Attaf, Aïn Defla, Algeria",
        "employeeCount": 25,
        "verificationStatus": "PENDING",
        "hasWebsite": true
      }
    },
    {
      "type": "Feature",
      "geometry": {
        "type": "Point",
        "coordinates": [
          2.1529,
          36.2395
        ]
      },
      "properties": {
        "id": "cmsv3q1zx000gt9rec5b1xu7i",
        "name": "Minoterie Industrielle du Chéliff (MIC)",
        "slug": "minoterie-industrielle-du-cheliff-mic",
        "wilaya": "39",
        "wilayaName": "Tipaza",
        "commune": "Aïn Defla",
        "address": "Aïn Defla, Aïn Defla, Algeria",
        "employeeCount": 25,
        "verificationStatus": "PENDING",
        "hasWebsite": false
      }
    },
    {
      "type": "Feature",
      "geometry": {
        "type": "Point",
        "coordinates": [
          2.2413,
          36.2436
        ]
      },
      "properties": {
        "id": "cmsv3q1zy000it9re4weuh154",
        "name": "Station d'Emballage des Agrumes de Khemis Miliana (SEAKM)",
        "slug": "station-demballage-des-agrumes-de-khemis-miliana-seakm",
        "wilaya": "39",
        "wilayaName": "Tipaza",
        "commune": "Khemis Miliana",
        "address": "Khemis Miliana, Aïn Defla, Algeria",
        "employeeCount": 25,
        "verificationStatus": "PENDING",
        "hasWebsite": false
      }
    },
    {
      "type": "Feature",
      "geometry": {
        "type": "Point",
        "coordinates": [
          2.1737,
          36.2489
        ]
      },
      "properties": {
        "id": "cmsv3q200000kt9reqdr914pr",
        "name": "Exploitation Phoenicicole Oued Chéliff (EPOC)",
        "slug": "exploitation-phoenicicole-oued-cheliff-epoc",
        "wilaya": "39",
        "wilayaName": "Tipaza",
        "commune": "Djendel Saadi Mohamed",
        "address": "Djendel Saadi Mohamed, Aïn Defla, Algeria",
        "employeeCount": 25,
        "verificationStatus": "PENDING",
        "hasWebsite": false
      }
    },
    {
      "type": "Feature",
      "geometry": {
        "type": "Point",
        "coordinates": [
          2.1274,
          36.249
        ]
      },
      "properties": {
        "id": "cmsv3q202000mt9reck92qpjd",
        "name": "Carrières du Zaccar - CARZAC",
        "slug": "carrieres-du-zaccar-carzac",
        "wilaya": "39",
        "wilayaName": "Tipaza",
        "commune": "El Amra",
        "address": "El Amra, Aïn Defla, Algeria",
        "employeeCount": 25,
        "verificationStatus": "PENDING",
        "hasWebsite": false
      }
    },
    {
      "type": "Feature",
      "geometry": {
        "type": "Point",
        "coordinates": [
          2.2417,
          36.2535
        ]
      },
      "properties": {
        "id": "cmsv3q203000ot9revc2vnbpf",
        "name": "Huilerie Moderne d'Aïn Defla (HMAD)",
        "slug": "huilerie-moderne-dain-defla-hmad",
        "wilaya": "39",
        "wilayaName": "Tipaza",
        "commune": "Khemis Miliana",
        "address": "Khemis Miliana, Aïn Defla, Algeria",
        "employeeCount": 25,
        "verificationStatus": "PENDING",
        "hasWebsite": false
      }
    },
    {
      "type": "Feature",
      "geometry": {
        "type": "Point",
        "coordinates": [
          2.1477,
          36.2509
        ]
      },
      "properties": {
        "id": "cmsv3q205000qt9reppkxzn4w",
        "name": "BTP Chéliff Construction (BTCC)",
        "slug": "btp-cheliff-construction-btcc",
        "wilaya": "39",
        "wilayaName": "Tipaza",
        "commune": "Aïn Defla",
        "address": "Aïn Defla, Aïn Defla, Algeria",
        "employeeCount": 25,
        "verificationStatus": "PENDING",
        "hasWebsite": false
      }
    },
    {
      "type": "Feature",
      "geometry": {
        "type": "Point",
        "coordinates": [
          2.1455,
          36.243
        ]
      },
      "properties": {
        "id": "cmsv3q206000st9resfgohnsy",
        "name": "Coopérative Céréalière d'El Abadia (CCEA)",
        "slug": "cooperative-cerealiere-del-abadia-ccea",
        "wilaya": "39",
        "wilayaName": "Tipaza",
        "commune": "El Abadia",
        "address": "El Abadia, Aïn Defla, Algeria",
        "employeeCount": 25,
        "verificationStatus": "PENDING",
        "hasWebsite": false
      }
    },
    {
      "type": "Feature",
      "geometry": {
        "type": "Point",
        "coordinates": [
          2.1304,
          36.2476
        ]
      },
      "properties": {
        "id": "cmsv3q208000ut9re31sgehvg",
        "name": "Élevages Avicoles du Chéliff (EAC)",
        "slug": "elevages-avicoles-du-cheliff-eac",
        "wilaya": "39",
        "wilayaName": "Tipaza",
        "commune": "Khemis Djemaâ",
        "address": "Khemis Djemaâ, Aïn Defla, Algeria",
        "employeeCount": 25,
        "verificationStatus": "PENDING",
        "hasWebsite": false
      }
    },
    {
      "type": "Feature",
      "geometry": {
        "type": "Point",
        "coordinates": [
          2.1511,
          36.2555
        ]
      },
      "properties": {
        "id": "cmsv3q20h000wt9rem1mvakxq",
        "name": "Pépinières Agricoles d'Aïn Defla (PAAD)",
        "slug": "pepinieres-agricoles-dain-defla-paad",
        "wilaya": "39",
        "wilayaName": "Tipaza",
        "commune": "Aïn Defla",
        "address": "Aïn Defla, Aïn Defla, Algeria",
        "employeeCount": 25,
        "verificationStatus": "PENDING",
        "hasWebsite": false
      }
    },
    {
      "type": "Feature",
      "geometry": {
        "type": "Point",
        "coordinates": [
          2.1284,
          36.2401
        ]
      },
      "properties": {
        "id": "cmsv3q20k000yt9reonrucd7q",
        "name": "Transports et Logistique du Chéliff (TLC)",
        "slug": "transports-et-logistique-du-cheliff-tlc",
        "wilaya": "39",
        "wilayaName": "Tipaza",
        "commune": "Aïn Defla",
        "address": "Aïn Defla, Aïn Defla, Algeria",
        "employeeCount": 25,
        "verificationStatus": "PENDING",
        "hasWebsite": false
      }
    },
    {
      "type": "Feature",
      "geometry": {
        "type": "Point",
        "coordinates": [
          2.2469,
          36.2666
        ]
      },
      "properties": {
        "id": "cmsv3q20m0010t9re2ad01ju9",
        "name": "Conserves de Fruits et Légumes du Chéliff (CFLC)",
        "slug": "conserves-de-fruits-et-legumes-du-cheliff-cflc",
        "wilaya": "39",
        "wilayaName": "Tipaza",
        "commune": "Khemis Miliana",
        "address": "Khemis Miliana, Aïn Defla, Algeria",
        "employeeCount": 25,
        "verificationStatus": "PENDING",
        "hasWebsite": false
      }
    },
    {
      "type": "Feature",
      "geometry": {
        "type": "Point",
        "coordinates": [
          2.1317,
          36.2316
        ]
      },
      "properties": {
        "id": "cmsv3q20o0012t9rejtkjkpin",
        "name": "Matériaux Électriques et Plomberie Aïn Defla (MEPAD)",
        "slug": "materiaux-electriques-et-plomberie-ain-defla-mepad",
        "wilaya": "39",
        "wilayaName": "Tipaza",
        "commune": "Aïn Defla",
        "address": "Aïn Defla, Aïn Defla, Algeria",
        "employeeCount": 25,
        "verificationStatus": "PENDING",
        "hasWebsite": false
      }
    },
    {
      "type": "Feature",
      "geometry": {
        "type": "Point",
        "coordinates": [
          2.1398,
          36.2442
        ]
      },
      "properties": {
        "id": "cmsv3q20p0014t9reykazdpgp",
        "name": "Apiculture du Djebel Zaccar (ADZ)",
        "slug": "apiculture-du-djebel-zaccar-adz",
        "wilaya": "39",
        "wilayaName": "Tipaza",
        "commune": "El Amra",
        "address": "El Amra, Aïn Defla, Algeria",
        "employeeCount": 25,
        "verificationStatus": "PENDING",
        "hasWebsite": false
      }
    },
    {
      "type": "Feature",
      "geometry": {
        "type": "Point",
        "coordinates": [
          2.1169,
          36.2723
        ]
      },
      "properties": {
        "id": "cmsv3q20q0016t9renatliegb",
        "name": "Station Thermale Hamam Righa (STHR)",
        "slug": "station-thermale-hamam-righa-sthr",
        "wilaya": "39",
        "wilayaName": "Tipaza",
        "commune": "Hamam Righa",
        "address": "Hamam Righa, Aïn Defla, Algeria",
        "employeeCount": 25,
        "verificationStatus": "PENDING",
        "hasWebsite": true
      }
    },
    {
      "type": "Feature",
      "geometry": {
        "type": "Point",
        "coordinates": [
          2.1498,
          36.2484
        ]
      },
      "properties": {
        "id": "cmsv3q20r0018t9re067vnkcz",
        "name": "Irrigation Moderne du Chéliff (IMC)",
        "slug": "irrigation-moderne-du-cheliff-imc",
        "wilaya": "39",
        "wilayaName": "Tipaza",
        "commune": "Aïn Defla",
        "address": "Aïn Defla, Aïn Defla, Algeria",
        "employeeCount": 25,
        "verificationStatus": "PENDING",
        "hasWebsite": false
      }
    },
    {
      "type": "Feature",
      "geometry": {
        "type": "Point",
        "coordinates": [
          2.1775,
          36.2509
        ]
      },
      "properties": {
        "id": "cmsv3q20t001at9reqjkeiy72",
        "name": "Société de Négoce Agricole Aïn Defla (SNAAD)",
        "slug": "societe-de-negoce-agricole-ain-defla-snaad",
        "wilaya": "39",
        "wilayaName": "Tipaza",
        "commune": "Aïn Defla",
        "address": "Aïn Defla, Aïn Defla, Algeria",
        "employeeCount": 25,
        "verificationStatus": "PENDING",
        "hasWebsite": false
      }
    },
    {
      "type": "Feature",
      "geometry": {
        "type": "Point",
        "coordinates": [
          2.2504,
          36.2904
        ]
      },
      "properties": {
        "id": "cmsv3q20u001ct9re68p8ro55",
        "name": "Scierie Industrielle du Chéliff (SIC)",
        "slug": "scierie-industrielle-du-cheliff-sic",
        "wilaya": "39",
        "wilayaName": "Tipaza",
        "commune": "Khemis Miliana",
        "address": "Khemis Miliana, Aïn Defla, Algeria",
        "employeeCount": 25,
        "verificationStatus": "PENDING",
        "hasWebsite": false
      }
    },
    {
      "type": "Feature",
      "geometry": {
        "type": "Point",
        "coordinates": [
          2.155,
          36.2479
        ]
      },
      "properties": {
        "id": "cmsv3q20v001et9rendtgpjko",
        "name": "Ferme Équine de l'Oued Chéliff (FEOC)",
        "slug": "ferme-equine-de-loued-cheliff-feoc",
        "wilaya": "39",
        "wilayaName": "Tipaza",
        "commune": "El Amra",
        "address": "El Amra, Aïn Defla, Algeria",
        "employeeCount": 25,
        "verificationStatus": "PENDING",
        "hasWebsite": false
      }
    },
    {
      "type": "Feature",
      "geometry": {
        "type": "Point",
        "coordinates": [
          0.8318,
          35.9235
        ]
      },
      "properties": {
        "id": "cmsv3q20w001gt9repd81073t",
        "name": "FROMAGERIE ARTISANALE DU CHELIFF (FAC)",
        "slug": "fromagerie-artisanale-du-cheliff-fac",
        "wilaya": "48",
        "wilayaName": "Ouled Djellal",
        "commune": "Oued Rhiou",
        "address": "Oued Rhiou, Relizane, Algeria",
        "employeeCount": 25,
        "verificationStatus": "PENDING",
        "hasWebsite": false
      }
    },
    {
      "type": "Feature",
      "geometry": {
        "type": "Point",
        "coordinates": [
          2.2231,
          36.2629
        ]
      },
      "properties": {
        "id": "cmsv3q20y001it9reubszvd5n",
        "name": "Agence Commerciale et Immobilière Khemis Miliana (ACIKM)",
        "slug": "agence-commerciale-et-immobiliere-khemis-miliana-acikm",
        "wilaya": "39",
        "wilayaName": "Tipaza",
        "commune": "Khemis Miliana",
        "address": "Khemis Miliana, Aïn Defla, Algeria",
        "employeeCount": 25,
        "verificationStatus": "PENDING",
        "hasWebsite": false
      }
    },
    {
      "type": "Feature",
      "geometry": {
        "type": "Point",
        "coordinates": [
          2.1502,
          36.2612
        ]
      },
      "properties": {
        "id": "cmsv3q20z001kt9re91mojfmo",
        "name": "Atelier de Ferronnerie et Métallerie El Attaf (AFMEA)",
        "slug": "atelier-de-ferronnerie-et-metallerie-el-attaf-afmea",
        "wilaya": "39",
        "wilayaName": "Tipaza",
        "commune": "El Attaf",
        "address": "El Attaf, Aïn Defla, Algeria",
        "employeeCount": 25,
        "verificationStatus": "PENDING",
        "hasWebsite": false
      }
    },
    {
      "type": "Feature",
      "geometry": {
        "type": "Point",
        "coordinates": [
          2.878,
          36.8657
        ]
      },
      "properties": {
        "id": "cmsv3q211001mt9re2lruxriu",
        "name": "SONATRACH",
        "slug": "sonatrach",
        "wilaya": "16",
        "wilayaName": "Alger",
        "commune": "Hydra",
        "address": "Hydra, Algiers, Algeria",
        "employeeCount": 25,
        "verificationStatus": "PENDING",
        "hasWebsite": true
      }
    },
    {
      "type": "Feature",
      "geometry": {
        "type": "Point",
        "coordinates": [
          2.9479,
          36.8032
        ]
      },
      "properties": {
        "id": "cmsv3q212001ot9reo1vwkcku",
        "name": "SONELGAZ",
        "slug": "sonelgaz",
        "wilaya": "16",
        "wilayaName": "Alger",
        "commune": "Bir Mourad Raïs",
        "address": "Bir Mourad Raïs, Algiers, Algeria",
        "employeeCount": 25,
        "verificationStatus": "PENDING",
        "hasWebsite": true
      }
    },
    {
      "type": "Feature",
      "geometry": {
        "type": "Point",
        "coordinates": [
          3.0234,
          36.5883
        ]
      },
      "properties": {
        "id": "cmsv3q213001qt9reqksplvtk",
        "name": "Air Algérie",
        "slug": "air-algerie",
        "wilaya": "16",
        "wilayaName": "Alger",
        "commune": "Algiers Centre",
        "address": "Algiers Centre, Algiers, Algeria",
        "employeeCount": 25,
        "verificationStatus": "PENDING",
        "hasWebsite": true
      }
    },
    {
      "type": "Feature",
      "geometry": {
        "type": "Point",
        "coordinates": [
          2.9109,
          36.9332
        ]
      },
      "properties": {
        "id": "cmsv3q214001st9rev39sn7uy",
        "name": "Algérie Télécom",
        "slug": "algerie-telecom",
        "wilaya": "16",
        "wilayaName": "Alger",
        "commune": "Algiers Centre",
        "address": "Algiers Centre, Algiers, Algeria",
        "employeeCount": 25,
        "verificationStatus": "PENDING",
        "hasWebsite": true
      }
    },
    {
      "type": "Feature",
      "geometry": {
        "type": "Point",
        "coordinates": [
          3.1177,
          36.8015
        ]
      },
      "properties": {
        "id": "cmsv3q216001ut9reunyro729",
        "name": "Mobilis",
        "slug": "mobilis",
        "wilaya": "16",
        "wilayaName": "Alger",
        "commune": "Oued Smar",
        "address": "Oued Smar, Algiers, Algeria",
        "employeeCount": 25,
        "verificationStatus": "PENDING",
        "hasWebsite": true
      }
    },
    {
      "type": "Feature",
      "geometry": {
        "type": "Point",
        "coordinates": [
          3.2071,
          36.9323
        ]
      },
      "properties": {
        "id": "cmsv3q217001wt9ref8ksia9s",
        "name": "NCA Rouiba",
        "slug": "nca-rouiba",
        "wilaya": "16",
        "wilayaName": "Alger",
        "commune": "Rouiba",
        "address": "Rouiba, Algiers, Algeria",
        "employeeCount": 25,
        "verificationStatus": "PENDING",
        "hasWebsite": true
      }
    },
    {
      "type": "Feature",
      "geometry": {
        "type": "Point",
        "coordinates": [
          2.9705,
          36.6187
        ]
      },
      "properties": {
        "id": "cmsv3q218001yt9re3fhb23ax",
        "name": "CEITAL",
        "slug": "ceital",
        "wilaya": "16",
        "wilayaName": "Alger",
        "commune": "Rouiba",
        "address": "Rouiba, Algiers, Algeria",
        "employeeCount": 25,
        "verificationStatus": "PENDING",
        "hasWebsite": true
      }
    },
    {
      "type": "Feature",
      "geometry": {
        "type": "Point",
        "coordinates": [
          3.0361,
          36.5788
        ]
      },
      "properties": {
        "id": "cmsv3q21a0020t9refh4wblap",
        "name": "Pharmal",
        "slug": "pharmal",
        "wilaya": "16",
        "wilayaName": "Alger",
        "commune": "Baraki",
        "address": "Baraki, Algiers, Algeria",
        "employeeCount": 25,
        "verificationStatus": "PENDING",
        "hasWebsite": true
      }
    },
    {
      "type": "Feature",
      "geometry": {
        "type": "Point",
        "coordinates": [
          3.0299,
          36.8849
        ]
      },
      "properties": {
        "id": "cmsv3q21b0022t9reorrqm8ag",
        "name": "SAIDAL",
        "slug": "saidal",
        "wilaya": "16",
        "wilayaName": "Alger",
        "commune": "Dar El Beida",
        "address": "Dar El Beida, Algiers, Algeria",
        "employeeCount": 25,
        "verificationStatus": "PENDING",
        "hasWebsite": true
      }
    },
    {
      "type": "Feature",
      "geometry": {
        "type": "Point",
        "coordinates": [
          6.6019,
          36.3486
        ]
      },
      "properties": {
        "id": "cmsv3q21c0024t9res5zuq56r",
        "name": "BIOPHARM",
        "slug": "biopharm",
        "wilaya": "25",
        "wilayaName": "Guelma",
        "commune": "Constantine",
        "address": "Constantine, Constantine, Algeria",
        "employeeCount": 25,
        "verificationStatus": "PENDING",
        "hasWebsite": true
      }
    },
    {
      "type": "Feature",
      "geometry": {
        "type": "Point",
        "coordinates": [
          2.9583,
          36.6556
        ]
      },
      "properties": {
        "id": "cmsv3q21e0026t9re0sndawi0",
        "name": "CONDOR Electronics",
        "slug": "condor-electronics",
        "wilaya": "16",
        "wilayaName": "Alger",
        "commune": "Bordj El Kiffan",
        "address": "Bordj El Kiffan, Algiers, Algeria",
        "employeeCount": 25,
        "verificationStatus": "PENDING",
        "hasWebsite": true
      }
    },
    {
      "type": "Feature",
      "geometry": {
        "type": "Point",
        "coordinates": [
          3.1616,
          36.5894
        ]
      },
      "properties": {
        "id": "cmsv3q21f0028t9rexmq2s0hj",
        "name": "Banque Nationale d'Algérie (BNA)",
        "slug": "banque-nationale-dalgerie-bna",
        "wilaya": "16",
        "wilayaName": "Alger",
        "commune": "Algiers Centre",
        "address": "Algiers Centre, Algiers, Algeria",
        "employeeCount": 25,
        "verificationStatus": "PENDING",
        "hasWebsite": true
      }
    },
    {
      "type": "Feature",
      "geometry": {
        "type": "Point",
        "coordinates": [
          3.0478,
          36.6301
        ]
      },
      "properties": {
        "id": "cmsv3q21h002at9re4xds8drg",
        "name": "Crédit Populaire d'Algérie (CPA)",
        "slug": "credit-populaire-dalgerie-cpa",
        "wilaya": "16",
        "wilayaName": "Alger",
        "commune": "Algiers Centre",
        "address": "Algiers Centre, Algiers, Algeria",
        "employeeCount": 25,
        "verificationStatus": "PENDING",
        "hasWebsite": true
      }
    },
    {
      "type": "Feature",
      "geometry": {
        "type": "Point",
        "coordinates": [
          3.2556,
          36.5989
        ]
      },
      "properties": {
        "id": "cmsv3q21i002ct9rebhex2m00",
        "name": "Banque Extérieure d'Algérie (BEA)",
        "slug": "banque-exterieure-dalgerie-bea",
        "wilaya": "16",
        "wilayaName": "Alger",
        "commune": "Algiers Centre",
        "address": "Algiers Centre, Algiers, Algeria",
        "employeeCount": 25,
        "verificationStatus": "PENDING",
        "hasWebsite": true
      }
    },
    {
      "type": "Feature",
      "geometry": {
        "type": "Point",
        "coordinates": [
          3.1829,
          36.7643
        ]
      },
      "properties": {
        "id": "cmsv3q21j002et9rewjnn015t",
        "name": "Groupe des Sociétés d'Assurance d'Algérie (SAA)",
        "slug": "groupe-des-societes-dassurance-dalgerie-saa",
        "wilaya": "16",
        "wilayaName": "Alger",
        "commune": "Hussein Dey",
        "address": "Hussein Dey, Algiers, Algeria",
        "employeeCount": 25,
        "verificationStatus": "PENDING",
        "hasWebsite": true
      }
    },
    {
      "type": "Feature",
      "geometry": {
        "type": "Point",
        "coordinates": [
          2.8986,
          36.8362
        ]
      },
      "properties": {
        "id": "cmsv3q21l002gt9re437po2gx",
        "name": "ENAFOR",
        "slug": "enafor",
        "wilaya": "16",
        "wilayaName": "Alger",
        "commune": "Hussein Dey",
        "address": "Hussein Dey, Algiers, Algeria",
        "employeeCount": 25,
        "verificationStatus": "PENDING",
        "hasWebsite": true
      }
    },
    {
      "type": "Feature",
      "geometry": {
        "type": "Point",
        "coordinates": [
          3.1874,
          36.8062
        ]
      },
      "properties": {
        "id": "cmsv3q21m002it9rerhwgnqb6",
        "name": "ENTP",
        "slug": "entp",
        "wilaya": "16",
        "wilayaName": "Alger",
        "commune": "Kouba",
        "address": "Kouba, Algiers, Algeria",
        "employeeCount": 25,
        "verificationStatus": "PENDING",
        "hasWebsite": true
      }
    },
    {
      "type": "Feature",
      "geometry": {
        "type": "Point",
        "coordinates": [
          3.059,
          36.7312
        ]
      },
      "properties": {
        "id": "cmsv3q21o002kt9regjketbfx",
        "name": "COSIDER",
        "slug": "cosider",
        "wilaya": "16",
        "wilayaName": "Alger",
        "commune": "Kouba",
        "address": "Kouba, Algiers, Algeria",
        "employeeCount": 25,
        "verificationStatus": "PENDING",
        "hasWebsite": true
      }
    },
    {
      "type": "Feature",
      "geometry": {
        "type": "Point",
        "coordinates": [
          2.9729,
          36.9123
        ]
      },
      "properties": {
        "id": "cmsv3q21p002mt9rewi9dbxtp",
        "name": "Génie Commercial et Industriel (GCI)",
        "slug": "genie-commercial-et-industriel-gci",
        "wilaya": "16",
        "wilayaName": "Alger",
        "commune": "Oued Smar",
        "address": "Oued Smar, Algiers, Algeria",
        "employeeCount": 25,
        "verificationStatus": "PENDING",
        "hasWebsite": true
      }
    },
    {
      "type": "Feature",
      "geometry": {
        "type": "Point",
        "coordinates": [
          2.8417,
          36.9143
        ]
      },
      "properties": {
        "id": "cmsv3q21q002ot9re6o0ig3wl",
        "name": "Port of Algiers (EPAL)",
        "slug": "port-of-algiers-epal",
        "wilaya": "16",
        "wilayaName": "Alger",
        "commune": "Algiers Centre",
        "address": "Algiers Centre, Algiers, Algeria",
        "employeeCount": 25,
        "verificationStatus": "PENDING",
        "hasWebsite": true
      }
    },
    {
      "type": "Feature",
      "geometry": {
        "type": "Point",
        "coordinates": [
          2.8706,
          36.768
        ]
      },
      "properties": {
        "id": "cmsv3q21s002qt9rerhee2e1b",
        "name": "Algerian Railways (SNTF)",
        "slug": "algerian-railways-sntf",
        "wilaya": "16",
        "wilayaName": "Alger",
        "commune": "Belcourt",
        "address": "Belcourt, Algiers, Algeria",
        "employeeCount": 25,
        "verificationStatus": "PENDING",
        "hasWebsite": true
      }
    },
    {
      "type": "Feature",
      "geometry": {
        "type": "Point",
        "coordinates": [
          3.2639,
          36.9145
        ]
      },
      "properties": {
        "id": "cmsv3q21t002st9revz9lju6h",
        "name": "Entreprise Métro d'Alger (EMA)",
        "slug": "entreprise-metro-dalger-ema",
        "wilaya": "16",
        "wilayaName": "Alger",
        "commune": "Hussein Dey",
        "address": "Hussein Dey, Algiers, Algeria",
        "employeeCount": 25,
        "verificationStatus": "PENDING",
        "hasWebsite": true
      }
    },
    {
      "type": "Feature",
      "geometry": {
        "type": "Point",
        "coordinates": [
          2.8677,
          36.6266
        ]
      },
      "properties": {
        "id": "cmsv3q21v002ut9reex5tglxf",
        "name": "IFRI",
        "slug": "ifri",
        "wilaya": "16",
        "wilayaName": "Alger",
        "commune": "Rouiba",
        "address": "Rouiba, Algiers, Algeria",
        "employeeCount": 25,
        "verificationStatus": "PENDING",
        "hasWebsite": true
      }
    },
    {
      "type": "Feature",
      "geometry": {
        "type": "Point",
        "coordinates": [
          3.0385,
          36.8555
        ]
      },
      "properties": {
        "id": "cmsv3q21w002wt9reyc2ycll0",
        "name": "SIM Ciment",
        "slug": "sim-ciment",
        "wilaya": "16",
        "wilayaName": "Alger",
        "commune": "Meftah",
        "address": "Meftah, Algiers, Algeria",
        "employeeCount": 25,
        "verificationStatus": "PENDING",
        "hasWebsite": true
      }
    },
    {
      "type": "Feature",
      "geometry": {
        "type": "Point",
        "coordinates": [
          3.1848,
          36.793
        ]
      },
      "properties": {
        "id": "cmsv3q21x002yt9rebwp28o2k",
        "name": "ERCA (Éts. Rouïba de Construction Automobile)",
        "slug": "erca-ets-rouiba-de-construction-automobile",
        "wilaya": "16",
        "wilayaName": "Alger",
        "commune": "Rouiba",
        "address": "Rouiba, Algiers, Algeria",
        "employeeCount": 25,
        "verificationStatus": "PENDING",
        "hasWebsite": true
      }
    },
    {
      "type": "Feature",
      "geometry": {
        "type": "Point",
        "coordinates": [
          2.8397,
          36.7814
        ]
      },
      "properties": {
        "id": "cmsv3q21z0030t9reyez0c6d6",
        "name": "SNVI (Société Nationale des Véhicules Industriels)",
        "slug": "snvi-societe-nationale-des-vehicules-industriels",
        "wilaya": "16",
        "wilayaName": "Alger",
        "commune": "Rouiba",
        "address": "Rouiba, Algiers, Algeria",
        "employeeCount": 25,
        "verificationStatus": "PENDING",
        "hasWebsite": true
      }
    },
    {
      "type": "Feature",
      "geometry": {
        "type": "Point",
        "coordinates": [
          2.9087,
          36.8533
        ]
      },
      "properties": {
        "id": "cmsv3q2200032t9re3elz9s4u",
        "name": "GIMAS (Générale Industrielle du Matériel Agricole et de Soudure)",
        "slug": "gimas-generale-industrielle-du-materiel-agricole-et-de-soudure",
        "wilaya": "16",
        "wilayaName": "Alger",
        "commune": "Dar El Beida",
        "address": "Dar El Beida, Algiers, Algeria",
        "employeeCount": 25,
        "verificationStatus": "PENDING",
        "hasWebsite": true
      }
    },
    {
      "type": "Feature",
      "geometry": {
        "type": "Point",
        "coordinates": [
          3.082,
          36.857
        ]
      },
      "properties": {
        "id": "cmsv3q2220034t9retl52dr4u",
        "name": "ENMTP (Équipements et Parties Mécaniques de Travaux Publics)",
        "slug": "enmtp-equipements-et-parties-mecaniques-de-travaux-publics",
        "wilaya": "16",
        "wilayaName": "Alger",
        "commune": "Touarga",
        "address": "Touarga, Algiers, Algeria",
        "employeeCount": 25,
        "verificationStatus": "PENDING",
        "hasWebsite": true
      }
    },
    {
      "type": "Feature",
      "geometry": {
        "type": "Point",
        "coordinates": [
          3.2575,
          36.6353
        ]
      },
      "properties": {
        "id": "cmsv3q2230036t9re2ojxsf7d",
        "name": "Naftal",
        "slug": "naftal",
        "wilaya": "16",
        "wilayaName": "Alger",
        "commune": "Hussein Dey",
        "address": "Hussein Dey, Algiers, Algeria",
        "employeeCount": 25,
        "verificationStatus": "PENDING",
        "hasWebsite": true
      }
    },
    {
      "type": "Feature",
      "geometry": {
        "type": "Point",
        "coordinates": [
          2.9229,
          36.6449
        ]
      },
      "properties": {
        "id": "cmsv3q2240038t9re5nf83656",
        "name": "ENG (Entreprise Nationale des Granulats)",
        "slug": "eng-entreprise-nationale-des-granulats",
        "wilaya": "16",
        "wilayaName": "Alger",
        "commune": "Bab Ezzouar",
        "address": "Bab Ezzouar, Algiers, Algeria",
        "employeeCount": 25,
        "verificationStatus": "PENDING",
        "hasWebsite": true
      }
    },
    {
      "type": "Feature",
      "geometry": {
        "type": "Point",
        "coordinates": [
          2.9566,
          36.5965
        ]
      },
      "properties": {
        "id": "cmsv3q226003at9reh0wwwu8q",
        "name": "Bim Algen",
        "slug": "bim-algen",
        "wilaya": "16",
        "wilayaName": "Alger",
        "commune": "Baraki",
        "address": "Baraki, Algiers, Algeria",
        "employeeCount": 25,
        "verificationStatus": "PENDING",
        "hasWebsite": true
      }
    },
    {
      "type": "Feature",
      "geometry": {
        "type": "Point",
        "coordinates": [
          3.1447,
          36.7467
        ]
      },
      "properties": {
        "id": "cmsv3q227003ct9reaqj5hxdk",
        "name": "Laboratoire Henni",
        "slug": "laboratoire-henni",
        "wilaya": "16",
        "wilayaName": "Alger",
        "commune": "Oued Smar",
        "address": "Oued Smar, Algiers, Algeria",
        "employeeCount": 25,
        "verificationStatus": "PENDING",
        "hasWebsite": true
      }
    },
    {
      "type": "Feature",
      "geometry": {
        "type": "Point",
        "coordinates": [
          3.1932,
          36.8215
        ]
      },
      "properties": {
        "id": "cmsv3q228003et9rea4uciht4",
        "name": "Novapharm",
        "slug": "novapharm",
        "wilaya": "16",
        "wilayaName": "Alger",
        "commune": "Baraki",
        "address": "Baraki, Algiers, Algeria",
        "employeeCount": 25,
        "verificationStatus": "PENDING",
        "hasWebsite": true
      }
    },
    {
      "type": "Feature",
      "geometry": {
        "type": "Point",
        "coordinates": [
          3.1209,
          36.5889
        ]
      },
      "properties": {
        "id": "cmsv3q22a003gt9re2rmqr269",
        "name": "Groupe Benhamadi (Condor)",
        "slug": "groupe-benhamadi-condor",
        "wilaya": "16",
        "wilayaName": "Alger",
        "commune": "Bordj El Kiffan",
        "address": "Bordj El Kiffan, Algiers, Algeria",
        "employeeCount": 25,
        "verificationStatus": "PENDING",
        "hasWebsite": true
      }
    },
    {
      "type": "Feature",
      "geometry": {
        "type": "Point",
        "coordinates": [
          3.0069,
          36.6785
        ]
      },
      "properties": {
        "id": "cmsv3q22b003it9recqpd657u",
        "name": "Plastique du Sud (PLASTISUD)",
        "slug": "plastique-du-sud-plastisud",
        "wilaya": "16",
        "wilayaName": "Alger",
        "commune": "Chéraga",
        "address": "Chéraga, Algiers, Algeria",
        "employeeCount": 25,
        "verificationStatus": "PENDING",
        "hasWebsite": true
      }
    },
    {
      "type": "Feature",
      "geometry": {
        "type": "Point",
        "coordinates": [
          3.2592,
          36.76
        ]
      },
      "properties": {
        "id": "cmsv3q22d003kt9regir9uypv",
        "name": "Générale Anti-Corrosion (GAC)",
        "slug": "generale-anti-corrosion-gac",
        "wilaya": "16",
        "wilayaName": "Alger",
        "commune": "Dar El Beida",
        "address": "Dar El Beida, Algiers, Algeria",
        "employeeCount": 25,
        "verificationStatus": "PENDING",
        "hasWebsite": true
      }
    },
    {
      "type": "Feature",
      "geometry": {
        "type": "Point",
        "coordinates": [
          3.2611,
          36.8001
        ]
      },
      "properties": {
        "id": "cmsv3q22e003mt9recq9iwjly",
        "name": "Somifer",
        "slug": "somifer",
        "wilaya": "16",
        "wilayaName": "Alger",
        "commune": "Dar El Beida",
        "address": "Dar El Beida, Algiers, Algeria",
        "employeeCount": 25,
        "verificationStatus": "PENDING",
        "hasWebsite": true
      }
    },
    {
      "type": "Feature",
      "geometry": {
        "type": "Point",
        "coordinates": [
          -0.3275,
          35.7804
        ]
      },
      "properties": {
        "id": "cmsv3q22g003ot9re8q0kwucn",
        "name": "EPEEC (Entreprise Publique Économique des Engrais et Produits Chimiques)",
        "slug": "epeec-entreprise-publique-economique-des-engrais-et-produits-chimiques",
        "wilaya": "16",
        "wilayaName": "Alger",
        "commune": "Arzew (HQ in Algiers)",
        "address": "Arzew (HQ in Algiers), Algiers, Algeria",
        "employeeCount": 25,
        "verificationStatus": "PENDING",
        "hasWebsite": true
      }
    },
    {
      "type": "Feature",
      "geometry": {
        "type": "Point",
        "coordinates": [
          2.9366,
          36.5955
        ]
      },
      "properties": {
        "id": "cmsv3q22h003qt9regzilorgn",
        "name": "ENGO (Entreprise Nationale des Grandes Ouvrages)",
        "slug": "engo-entreprise-nationale-des-grandes-ouvrages",
        "wilaya": "16",
        "wilayaName": "Alger",
        "commune": "Kouba",
        "address": "Kouba, Algiers, Algeria",
        "employeeCount": 25,
        "verificationStatus": "PENDING",
        "hasWebsite": true
      }
    },
    {
      "type": "Feature",
      "geometry": {
        "type": "Point",
        "coordinates": [
          3.0297,
          36.768
        ]
      },
      "properties": {
        "id": "cmsv3q22j003st9re0g0g1q8x",
        "name": "CTC (Centre Technique du Matériel)",
        "slug": "ctc-centre-technique-du-materiel",
        "wilaya": "16",
        "wilayaName": "Alger",
        "commune": "Kouba",
        "address": "Kouba, Algiers, Algeria",
        "employeeCount": 25,
        "verificationStatus": "PENDING",
        "hasWebsite": true
      }
    },
    {
      "type": "Feature",
      "geometry": {
        "type": "Point",
        "coordinates": [
          3.0805,
          36.5793
        ]
      },
      "properties": {
        "id": "cmsv3q22k003ut9red5g3ik1v",
        "name": "Algerian Poste (Poste Algérienne)",
        "slug": "algerian-poste-poste-algerienne",
        "wilaya": "16",
        "wilayaName": "Alger",
        "commune": "Algiers Centre",
        "address": "Algiers Centre, Algiers, Algeria",
        "employeeCount": 25,
        "verificationStatus": "PENDING",
        "hasWebsite": true
      }
    },
    {
      "type": "Feature",
      "geometry": {
        "type": "Point",
        "coordinates": [
          2.8403,
          36.8471
        ]
      },
      "properties": {
        "id": "cmsv3q22m003wt9rev0tiif90",
        "name": "Hotel El Aurassi",
        "slug": "hotel-el-aurassi",
        "wilaya": "16",
        "wilayaName": "Alger",
        "commune": "Algiers Centre",
        "address": "Algiers Centre, Algiers, Algeria",
        "employeeCount": 25,
        "verificationStatus": "PENDING",
        "hasWebsite": true
      }
    },
    {
      "type": "Feature",
      "geometry": {
        "type": "Point",
        "coordinates": [
          3.2647,
          36.6257
        ]
      },
      "properties": {
        "id": "cmsv3q22n003yt9rejc5a4k3c",
        "name": "Société Algérienne de Frigorifique (SAF)",
        "slug": "societe-algerienne-de-frigorifique-saf",
        "wilaya": "16",
        "wilayaName": "Alger",
        "commune": "Hussein Dey",
        "address": "Hussein Dey, Algiers, Algeria",
        "employeeCount": 25,
        "verificationStatus": "PENDING",
        "hasWebsite": true
      }
    },
    {
      "type": "Feature",
      "geometry": {
        "type": "Point",
        "coordinates": [
          3.1953,
          36.8877
        ]
      },
      "properties": {
        "id": "cmsv3q22o0040t9rev0zt6q8x",
        "name": "Groupe Vitam",
        "slug": "groupe-vitam",
        "wilaya": "16",
        "wilayaName": "Alger",
        "commune": "Bab Ezzouar",
        "address": "Bab Ezzouar, Algiers, Algeria",
        "employeeCount": 25,
        "verificationStatus": "PENDING",
        "hasWebsite": true
      }
    },
    {
      "type": "Feature",
      "geometry": {
        "type": "Point",
        "coordinates": [
          3.1918,
          36.7567
        ]
      },
      "properties": {
        "id": "cmsv3q22q0042t9rex7r739bp",
        "name": "Laboratoire Medis (MEDIS)",
        "slug": "laboratoire-medis-medis",
        "wilaya": "16",
        "wilayaName": "Alger",
        "commune": "Oued Smar",
        "address": "Oued Smar, Algiers, Algeria",
        "employeeCount": 25,
        "verificationStatus": "PENDING",
        "hasWebsite": true
      }
    },
    {
      "type": "Feature",
      "geometry": {
        "type": "Point",
        "coordinates": [
          7.7463,
          36.8128
        ]
      },
      "properties": {
        "id": "cmsv3q22s0044t9red9t0ad3m",
        "name": "Complexe Sidérurgique d'El Hadjar (CSEH)",
        "slug": "complexe-siderurgique-del-hadjar-cseh",
        "wilaya": "23",
        "wilayaName": "Sidi Bel Abbès",
        "commune": "El Hadjar",
        "address": "El Hadjar, Annaba, Algeria",
        "employeeCount": 12500,
        "verificationStatus": "PENDING",
        "hasWebsite": true
      }
    },
    {
      "type": "Feature",
      "geometry": {
        "type": "Point",
        "coordinates": [
          7.7448,
          36.8823
        ]
      },
      "properties": {
        "id": "cmsv3q22t0046t9resm73gbsb",
        "name": "Entreprise Portuaire de Annaba (EPAN)",
        "slug": "entreprise-portuaire-de-annaba-epan",
        "wilaya": "23",
        "wilayaName": "Sidi Bel Abbès",
        "commune": "Annaba",
        "address": "Annaba, Annaba, Algeria",
        "employeeCount": 25,
        "verificationStatus": "PENDING",
        "hasWebsite": true
      }
    },
    {
      "type": "Feature",
      "geometry": {
        "type": "Point",
        "coordinates": [
          7.7538,
          36.9103
        ]
      },
      "properties": {
        "id": "cmsv3q22v0048t9reav0mdqdz",
        "name": "Société des Phosphates d'Annaba (SPA)",
        "slug": "societe-des-phosphates-dannaba-spa",
        "wilaya": "23",
        "wilayaName": "Sidi Bel Abbès",
        "commune": "Annaba",
        "address": "Annaba, Annaba, Algeria",
        "employeeCount": 25,
        "verificationStatus": "PENDING",
        "hasWebsite": false
      }
    },
    {
      "type": "Feature",
      "geometry": {
        "type": "Point",
        "coordinates": [
          7.7393,
          36.859
        ]
      },
      "properties": {
        "id": "cmsv3q22w004at9reb4vdzk0v",
        "name": "Fertial Annaba - Complexe Engrais",
        "slug": "fertial-annaba-complexe-engrais",
        "wilaya": "23",
        "wilayaName": "Sidi Bel Abbès",
        "commune": "El Hadjar",
        "address": "El Hadjar, Annaba, Algeria",
        "employeeCount": 25,
        "verificationStatus": "PENDING",
        "hasWebsite": true
      }
    },
    {
      "type": "Feature",
      "geometry": {
        "type": "Point",
        "coordinates": [
          7.7516,
          36.8259
        ]
      },
      "properties": {
        "id": "cmsv3q22y004ct9reqc0g5mwj",
        "name": "Société Nationale de Sidérurgie (SNS)",
        "slug": "societe-nationale-de-siderurgie-sns",
        "wilaya": "23",
        "wilayaName": "Sidi Bel Abbès",
        "commune": "El Hadjar",
        "address": "El Hadjar, Annaba, Algeria",
        "employeeCount": 25,
        "verificationStatus": "PENDING",
        "hasWebsite": false
      }
    },
    {
      "type": "Feature",
      "geometry": {
        "type": "Point",
        "coordinates": [
          7.7461,
          36.8129
        ]
      },
      "properties": {
        "id": "cmsv3q22z004et9reldhxyqpi",
        "name": "Annaba Steel Processing (ASP)",
        "slug": "annaba-steel-processing-asp",
        "wilaya": "23",
        "wilayaName": "Sidi Bel Abbès",
        "commune": "El Hadjar",
        "address": "El Hadjar, Annaba, Algeria",
        "employeeCount": 25,
        "verificationStatus": "PENDING",
        "hasWebsite": false
      }
    },
    {
      "type": "Feature",
      "geometry": {
        "type": "Point",
        "coordinates": [
          7.7753,
          36.9049
        ]
      },
      "properties": {
        "id": "cmsv3q231004gt9revpgeinev",
        "name": "Ciment d'Annaba - SCIMAT",
        "slug": "ciment-dannaba-scimat",
        "wilaya": "23",
        "wilayaName": "Sidi Bel Abbès",
        "commune": "El Bouni",
        "address": "El Bouni, Annaba, Algeria",
        "employeeCount": 25,
        "verificationStatus": "PENDING",
        "hasWebsite": false
      }
    },
    {
      "type": "Feature",
      "geometry": {
        "type": "Point",
        "coordinates": [
          7.7819,
          36.8882
        ]
      },
      "properties": {
        "id": "cmsv3q232004it9relzyv3d0f",
        "name": "Transports Ferroviaires Annaba (TFA)",
        "slug": "transports-ferroviaires-annaba-tfa",
        "wilaya": "23",
        "wilayaName": "Sidi Bel Abbès",
        "commune": "Annaba",
        "address": "Annaba, Annaba, Algeria",
        "employeeCount": 25,
        "verificationStatus": "PENDING",
        "hasWebsite": false
      }
    },
    {
      "type": "Feature",
      "geometry": {
        "type": "Point",
        "coordinates": [
          7.7193,
          36.838
        ]
      },
      "properties": {
        "id": "cmsv3q233004kt9re4v9019o4",
        "name": "Société d'Engineering Industriel Annaba (SEIA)",
        "slug": "societe-dengineering-industriel-annaba-seia",
        "wilaya": "23",
        "wilayaName": "Sidi Bel Abbès",
        "commune": "El Hadjar",
        "address": "El Hadjar, Annaba, Algeria",
        "employeeCount": 25,
        "verificationStatus": "PENDING",
        "hasWebsite": false
      }
    },
    {
      "type": "Feature",
      "geometry": {
        "type": "Point",
        "coordinates": [
          7.7791,
          36.8754
        ]
      },
      "properties": {
        "id": "cmsv3q235004mt9re7ayu9gz1",
        "name": "MetalService Annaba",
        "slug": "metalservice-annaba",
        "wilaya": "23",
        "wilayaName": "Sidi Bel Abbès",
        "commune": "Annaba",
        "address": "Annaba, Annaba, Algeria",
        "employeeCount": 25,
        "verificationStatus": "PENDING",
        "hasWebsite": false
      }
    },
    {
      "type": "Feature",
      "geometry": {
        "type": "Point",
        "coordinates": [
          7.7369,
          36.9098
        ]
      },
      "properties": {
        "id": "cmsv3q236004ot9re43nlq8yn",
        "name": "Agence Maritime d'Annaba (AMA)",
        "slug": "agence-maritime-dannaba-ama",
        "wilaya": "23",
        "wilayaName": "Sidi Bel Abbès",
        "commune": "Annaba",
        "address": "Annaba, Annaba, Algeria",
        "employeeCount": 25,
        "verificationStatus": "PENDING",
        "hasWebsite": false
      }
    },
    {
      "type": "Feature",
      "geometry": {
        "type": "Point",
        "coordinates": [
          7.768,
          36.8451
        ]
      },
      "properties": {
        "id": "cmsv3q238004qt9repdt26a5p",
        "name": "Chimie d'Annaba (CHIAN)",
        "slug": "chimie-dannaba-chian",
        "wilaya": "23",
        "wilayaName": "Sidi Bel Abbès",
        "commune": "El Hadjar",
        "address": "El Hadjar, Annaba, Algeria",
        "employeeCount": 25,
        "verificationStatus": "PENDING",
        "hasWebsite": false
      }
    },
    {
      "type": "Feature",
      "geometry": {
        "type": "Point",
        "coordinates": [
          7.8225,
          36.9085
        ]
      },
      "properties": {
        "id": "cmsv3q239004st9rel2ht8o9h",
        "name": "Meubles d'Annaba (MEDA)",
        "slug": "meubles-dannaba-meda",
        "wilaya": "23",
        "wilayaName": "Sidi Bel Abbès",
        "commune": "Sidi Amar",
        "address": "Sidi Amar, Annaba, Algeria",
        "employeeCount": 25,
        "verificationStatus": "PENDING",
        "hasWebsite": false
      }
    },
    {
      "type": "Feature",
      "geometry": {
        "type": "Point",
        "coordinates": [
          7.773,
          36.817
        ]
      },
      "properties": {
        "id": "cmsv3q23b004ut9reqbvcxahl",
        "name": "Aluminium d'Annaba (ALDA)",
        "slug": "aluminium-dannaba-alda",
        "wilaya": "23",
        "wilayaName": "Sidi Bel Abbès",
        "commune": "El Hadjar",
        "address": "El Hadjar, Annaba, Algeria",
        "employeeCount": 25,
        "verificationStatus": "PENDING",
        "hasWebsite": false
      }
    },
    {
      "type": "Feature",
      "geometry": {
        "type": "Point",
        "coordinates": [
          7.7949,
          36.9117
        ]
      },
      "properties": {
        "id": "cmsv3q23c004wt9relha8xg25",
        "name": "Boulangerie Industrielle Annaba (BIA)",
        "slug": "boulangerie-industrielle-annaba-bia",
        "wilaya": "23",
        "wilayaName": "Sidi Bel Abbès",
        "commune": "Annaba",
        "address": "Annaba, Annaba, Algeria",
        "employeeCount": 25,
        "verificationStatus": "PENDING",
        "hasWebsite": false
      }
    },
    {
      "type": "Feature",
      "geometry": {
        "type": "Point",
        "coordinates": [
          7.745,
          36.8942
        ]
      },
      "properties": {
        "id": "cmsv3q23e004yt9req4blxqr9",
        "name": "Eau Minérale d'Annaba (EMA)",
        "slug": "eau-minerale-dannaba-ema",
        "wilaya": "23",
        "wilayaName": "Sidi Bel Abbès",
        "commune": "Ain El Berda",
        "address": "Ain El Berda, Annaba, Algeria",
        "employeeCount": 25,
        "verificationStatus": "PENDING",
        "hasWebsite": false
      }
    },
    {
      "type": "Feature",
      "geometry": {
        "type": "Point",
        "coordinates": [
          7.7534,
          36.9024
        ]
      },
      "properties": {
        "id": "cmsv3q23f0050t9rek6zd3z6j",
        "name": "Construction Moderne Annaba (CMA)",
        "slug": "construction-moderne-annaba-cma",
        "wilaya": "23",
        "wilayaName": "Sidi Bel Abbès",
        "commune": "Annaba",
        "address": "Annaba, Annaba, Algeria",
        "employeeCount": 25,
        "verificationStatus": "PENDING",
        "hasWebsite": false
      }
    },
    {
      "type": "Feature",
      "geometry": {
        "type": "Point",
        "coordinates": [
          7.8068,
          36.9232
        ]
      },
      "properties": {
        "id": "cmsv3q23h0052t9remlphfu8f",
        "name": "Promotion Immobilière Annaba (PIA)",
        "slug": "promotion-immobiliere-annaba-pia",
        "wilaya": "23",
        "wilayaName": "Sidi Bel Abbès",
        "commune": "Sidi Amar",
        "address": "Sidi Amar, Annaba, Algeria",
        "employeeCount": 25,
        "verificationStatus": "PENDING",
        "hasWebsite": false
      }
    },
    {
      "type": "Feature",
      "geometry": {
        "type": "Point",
        "coordinates": [
          7.7726,
          36.8863
        ]
      },
      "properties": {
        "id": "cmsv3q23i0054t9reo4k7a9jo",
        "name": "Hôtel Rabah Bitat Annaba",
        "slug": "hotel-rabah-bitat-annaba",
        "wilaya": "23",
        "wilayaName": "Sidi Bel Abbès",
        "commune": "Annaba",
        "address": "Annaba, Annaba, Algeria",
        "employeeCount": 25,
        "verificationStatus": "PENDING",
        "hasWebsite": false
      }
    },
    {
      "type": "Feature",
      "geometry": {
        "type": "Point",
        "coordinates": [
          7.7725,
          36.8748
        ]
      },
      "properties": {
        "id": "cmsv3q23k0056t9re75w4b7c7",
        "name": "Transports Routiers d'Annaba (TRA)",
        "slug": "transports-routiers-dannaba-tra",
        "wilaya": "23",
        "wilayaName": "Sidi Bel Abbès",
        "commune": "Annaba",
        "address": "Annaba, Annaba, Algeria",
        "employeeCount": 25,
        "verificationStatus": "PENDING",
        "hasWebsite": false
      }
    },
    {
      "type": "Feature",
      "geometry": {
        "type": "Point",
        "coordinates": [
          7.7589,
          36.8252
        ]
      },
      "properties": {
        "id": "cmsv3q23l0058t9re2ar5z75u",
        "name": "Electricité & Maintenance Annaba (EMA)",
        "slug": "electricite-maintenance-annaba-ema",
        "wilaya": "23",
        "wilayaName": "Sidi Bel Abbès",
        "commune": "El Hadjar",
        "address": "El Hadjar, Annaba, Algeria",
        "employeeCount": 25,
        "verificationStatus": "PENDING",
        "hasWebsite": false
      }
    },
    {
      "type": "Feature",
      "geometry": {
        "type": "Point",
        "coordinates": [
          7.7947,
          36.893
        ]
      },
      "properties": {
        "id": "cmsv3q23m005at9remhunou2i",
        "name": "Plastiques d'Annaba (PLASTAL)",
        "slug": "plastiques-dannaba-plastal",
        "wilaya": "23",
        "wilayaName": "Sidi Bel Abbès",
        "commune": "Sidi Amar",
        "address": "Sidi Amar, Annaba, Algeria",
        "employeeCount": 25,
        "verificationStatus": "PENDING",
        "hasWebsite": false
      }
    },
    {
      "type": "Feature",
      "geometry": {
        "type": "Point",
        "coordinates": [
          7.7569,
          36.8761
        ]
      },
      "properties": {
        "id": "cmsv3q23o005ct9re4o16e90g",
        "name": "Société d'Exploitation des Phosphates (SEP)",
        "slug": "societe-dexploitation-des-phosphates-sep",
        "wilaya": "23",
        "wilayaName": "Sidi Bel Abbès",
        "commune": "Annaba",
        "address": "Annaba, Annaba, Algeria",
        "employeeCount": 25,
        "verificationStatus": "PENDING",
        "hasWebsite": false
      }
    },
    {
      "type": "Feature",
      "geometry": {
        "type": "Point",
        "coordinates": [
          7.7584,
          36.8578
        ]
      },
      "properties": {
        "id": "cmsv3q23p005et9red6jmvqqx",
        "name": "Carrosserie Industrielle Annaba (CIA)",
        "slug": "carrosserie-industrielle-annaba-cia",
        "wilaya": "23",
        "wilayaName": "Sidi Bel Abbès",
        "commune": "El Hadjar",
        "address": "El Hadjar, Annaba, Algeria",
        "employeeCount": 25,
        "verificationStatus": "PENDING",
        "hasWebsite": false
      }
    },
    {
      "type": "Feature",
      "geometry": {
        "type": "Point",
        "coordinates": [
          7.7373,
          36.8764
        ]
      },
      "properties": {
        "id": "cmsv3q23r005gt9red4efqn43",
        "name": "Imprimerie Moderne Annaba (IMA)",
        "slug": "imprimerie-moderne-annaba-ima",
        "wilaya": "23",
        "wilayaName": "Sidi Bel Abbès",
        "commune": "Annaba",
        "address": "Annaba, Annaba, Algeria",
        "employeeCount": 25,
        "verificationStatus": "PENDING",
        "hasWebsite": false
      }
    },
    {
      "type": "Feature",
      "geometry": {
        "type": "Point",
        "coordinates": [
          7.771,
          36.8891
        ]
      },
      "properties": {
        "id": "cmsv3q23s005it9reu3nqdpy5",
        "name": "Station Service NAFTAL Annaba Centre",
        "slug": "station-service-naftal-annaba-centre",
        "wilaya": "23",
        "wilayaName": "Sidi Bel Abbès",
        "commune": "Annaba",
        "address": "Annaba, Annaba, Algeria",
        "employeeCount": 25,
        "verificationStatus": "PENDING",
        "hasWebsite": true
      }
    },
    {
      "type": "Feature",
      "geometry": {
        "type": "Point",
        "coordinates": [
          7.7569,
          36.898
        ]
      },
      "properties": {
        "id": "cmsv3q23u005kt9re5v2fwvhz",
        "name": "Société de Distribution d'Électricité et Gaz Annaba (SDEGA)",
        "slug": "societe-de-distribution-delectricite-et-gaz-annaba-sdega",
        "wilaya": "23",
        "wilayaName": "Sidi Bel Abbès",
        "commune": "Annaba",
        "address": "Annaba, Annaba, Algeria",
        "employeeCount": 25,
        "verificationStatus": "PENDING",
        "hasWebsite": true
      }
    },
    {
      "type": "Feature",
      "geometry": {
        "type": "Point",
        "coordinates": [
          7.7872,
          36.8983
        ]
      },
      "properties": {
        "id": "cmsv3q23v005mt9rench4is8a",
        "name": "Agence Postale Annaba Principale",
        "slug": "agence-postale-annaba-principale",
        "wilaya": "23",
        "wilayaName": "Sidi Bel Abbès",
        "commune": "Annaba",
        "address": "Annaba, Annaba, Algeria",
        "employeeCount": 25,
        "verificationStatus": "PENDING",
        "hasWebsite": true
      }
    },
    {
      "type": "Feature",
      "geometry": {
        "type": "Point",
        "coordinates": [
          7.7571,
          36.8888
        ]
      },
      "properties": {
        "id": "cmsv3q23x005ot9rewp3vj9cg",
        "name": "Clinique Spécialisée Annaba (CSA)",
        "slug": "clinique-specialisee-annaba-csa",
        "wilaya": "23",
        "wilayaName": "Sidi Bel Abbès",
        "commune": "Annaba",
        "address": "Annaba, Annaba, Algeria",
        "employeeCount": 25,
        "verificationStatus": "PENDING",
        "hasWebsite": false
      }
    },
    {
      "type": "Feature",
      "geometry": {
        "type": "Point",
        "coordinates": [
          7.7612,
          36.9108
        ]
      },
      "properties": {
        "id": "cmsv3q23y005qt9reh059dqr7",
        "name": "Pharmacie Centrale Annaba (PCA)",
        "slug": "pharmacie-centrale-annaba-pca",
        "wilaya": "23",
        "wilayaName": "Sidi Bel Abbès",
        "commune": "Annaba",
        "address": "Annaba, Annaba, Algeria",
        "employeeCount": 25,
        "verificationStatus": "PENDING",
        "hasWebsite": false
      }
    },
    {
      "type": "Feature",
      "geometry": {
        "type": "Point",
        "coordinates": [
          7.7566,
          36.901
        ]
      },
      "properties": {
        "id": "cmsv3q240005st9re9apf483r",
        "name": "Supermarché Général Annaba (SGA)",
        "slug": "supermarche-general-annaba-sga",
        "wilaya": "23",
        "wilayaName": "Sidi Bel Abbès",
        "commune": "Annaba",
        "address": "Annaba, Annaba, Algeria",
        "employeeCount": 25,
        "verificationStatus": "PENDING",
        "hasWebsite": false
      }
    },
    {
      "type": "Feature",
      "geometry": {
        "type": "Point",
        "coordinates": [
          7.7901,
          36.9023
        ]
      },
      "properties": {
        "id": "cmsv3q241005ut9repjo8cxkf",
        "name": "Société de Gestion de Port d'Annaba (SGPA)",
        "slug": "societe-de-gestion-de-port-dannaba-sgpa",
        "wilaya": "23",
        "wilayaName": "Sidi Bel Abbès",
        "commune": "Annaba",
        "address": "Annaba, Annaba, Algeria",
        "employeeCount": 25,
        "verificationStatus": "PENDING",
        "hasWebsite": false
      }
    },
    {
      "type": "Feature",
      "geometry": {
        "type": "Point",
        "coordinates": [
          7.7474,
          36.8272
        ]
      },
      "properties": {
        "id": "cmsv3q242005wt9reczffpp0w",
        "name": "Laboratoire d'Analyses Industrielles Annaba (LAIA)",
        "slug": "laboratoire-danalyses-industrielles-annaba-laia",
        "wilaya": "23",
        "wilayaName": "Sidi Bel Abbès",
        "commune": "El Hadjar",
        "address": "El Hadjar, Annaba, Algeria",
        "employeeCount": 25,
        "verificationStatus": "PENDING",
        "hasWebsite": false
      }
    },
    {
      "type": "Feature",
      "geometry": {
        "type": "Point",
        "coordinates": [
          7.7556,
          36.9011
        ]
      },
      "properties": {
        "id": "cmsv3q244005yt9re5uays795",
        "name": "Société de Négoce International Annaba (SNIA)",
        "slug": "societe-de-negoce-international-annaba-snia",
        "wilaya": "23",
        "wilayaName": "Sidi Bel Abbès",
        "commune": "Annaba",
        "address": "Annaba, Annaba, Algeria",
        "employeeCount": 25,
        "verificationStatus": "PENDING",
        "hasWebsite": false
      }
    },
    {
      "type": "Feature",
      "geometry": {
        "type": "Point",
        "coordinates": [
          7.7459,
          36.8392
        ]
      },
      "properties": {
        "id": "cmsv3q2450060t9resjds2y8l",
        "name": "Location Matériel de Chantier Annaba (LMCA)",
        "slug": "location-materiel-de-chantier-annaba-lmca",
        "wilaya": "23",
        "wilayaName": "Sidi Bel Abbès",
        "commune": "El Hadjar",
        "address": "El Hadjar, Annaba, Algeria",
        "employeeCount": 25,
        "verificationStatus": "PENDING",
        "hasWebsite": false
      }
    },
    {
      "type": "Feature",
      "geometry": {
        "type": "Point",
        "coordinates": [
          7.7375,
          36.9012
        ]
      },
      "properties": {
        "id": "cmsv3q2470062t9revj88kali",
        "name": "Société de Protection et Sécurité Annaba (SPSA)",
        "slug": "societe-de-protection-et-securite-annaba-spsa",
        "wilaya": "23",
        "wilayaName": "Sidi Bel Abbès",
        "commune": "Annaba",
        "address": "Annaba, Annaba, Algeria",
        "employeeCount": 25,
        "verificationStatus": "PENDING",
        "hasWebsite": false
      }
    },
    {
      "type": "Feature",
      "geometry": {
        "type": "Point",
        "coordinates": [
          7.8288,
          36.9264
        ]
      },
      "properties": {
        "id": "cmsv3q2480064t9reemcuu21i",
        "name": "Ferblanterie & Couverture Annaba (FCA)",
        "slug": "ferblanterie-couverture-annaba-fca",
        "wilaya": "23",
        "wilayaName": "Sidi Bel Abbès",
        "commune": "Sidi Amar",
        "address": "Sidi Amar, Annaba, Algeria",
        "employeeCount": 25,
        "verificationStatus": "PENDING",
        "hasWebsite": false
      }
    },
    {
      "type": "Feature",
      "geometry": {
        "type": "Point",
        "coordinates": [
          7.7704,
          36.8928
        ]
      },
      "properties": {
        "id": "cmsv3q24a0066t9rewq3ao98h",
        "name": "Poissons & Fruits de Mer Annaba (PFMA)",
        "slug": "poissons-fruits-de-mer-annaba-pfma",
        "wilaya": "23",
        "wilayaName": "Sidi Bel Abbès",
        "commune": "Annaba",
        "address": "Annaba, Annaba, Algeria",
        "employeeCount": 25,
        "verificationStatus": "PENDING",
        "hasWebsite": false
      }
    },
    {
      "type": "Feature",
      "geometry": {
        "type": "Point",
        "coordinates": [
          7.778,
          36.8855
        ]
      },
      "properties": {
        "id": "cmsv3q24b0068t9reioj0t5w8",
        "name": "Centre de Formation Professionnelle Annaba (CFPA)",
        "slug": "centre-de-formation-professionnelle-annaba-cfpa",
        "wilaya": "23",
        "wilayaName": "Sidi Bel Abbès",
        "commune": "Annaba",
        "address": "Annaba, Annaba, Algeria",
        "employeeCount": 25,
        "verificationStatus": "PENDING",
        "hasWebsite": false
      }
    },
    {
      "type": "Feature",
      "geometry": {
        "type": "Point",
        "coordinates": [
          7.78,
          36.8584
        ]
      },
      "properties": {
        "id": "cmsv3q24c006at9re0nd0kozl",
        "name": "Recyclage Métal Annaba (RMA)",
        "slug": "recyclage-metal-annaba-rma",
        "wilaya": "23",
        "wilayaName": "Sidi Bel Abbès",
        "commune": "El Hadjar",
        "address": "El Hadjar, Annaba, Algeria",
        "employeeCount": 25,
        "verificationStatus": "PENDING",
        "hasWebsite": false
      }
    },
    {
      "type": "Feature",
      "geometry": {
        "type": "Point",
        "coordinates": [
          7.7412,
          36.8974
        ]
      },
      "properties": {
        "id": "cmsv3q24e006ct9re6n2vie58",
        "name": "Société de Services Pétroliers Annaba (SSPA)",
        "slug": "societe-de-services-petroliers-annaba-sspa",
        "wilaya": "23",
        "wilayaName": "Sidi Bel Abbès",
        "commune": "Annaba",
        "address": "Annaba, Annaba, Algeria",
        "employeeCount": 25,
        "verificationStatus": "PENDING",
        "hasWebsite": false
      }
    },
    {
      "type": "Feature",
      "geometry": {
        "type": "Point",
        "coordinates": [
          7.7717,
          36.8739
        ]
      },
      "properties": {
        "id": "cmsv3q24f006et9rewnneh67d",
        "name": "Agence de Voyage et Tourisme Annaba (AVTA)",
        "slug": "agence-de-voyage-et-tourisme-annaba-avta",
        "wilaya": "23",
        "wilayaName": "Sidi Bel Abbès",
        "commune": "Annaba",
        "address": "Annaba, Annaba, Algeria",
        "employeeCount": 25,
        "verificationStatus": "PENDING",
        "hasWebsite": false
      }
    },
    {
      "type": "Feature",
      "geometry": {
        "type": "Point",
        "coordinates": [
          7.746,
          36.9139
        ]
      },
      "properties": {
        "id": "cmsv3q24h006gt9rei9jjj95a",
        "name": "Production Avicole Annaba (PAA)",
        "slug": "production-avicole-annaba-paa",
        "wilaya": "23",
        "wilayaName": "Sidi Bel Abbès",
        "commune": "Ain El Berda",
        "address": "Ain El Berda, Annaba, Algeria",
        "employeeCount": 25,
        "verificationStatus": "PENDING",
        "hasWebsite": false
      }
    },
    {
      "type": "Feature",
      "geometry": {
        "type": "Point",
        "coordinates": [
          7.7494,
          36.9076
        ]
      },
      "properties": {
        "id": "cmsv3q24i006it9reggc36s0n",
        "name": "Société de Maintenance Navale Annaba (SMNA)",
        "slug": "societe-de-maintenance-navale-annaba-smna",
        "wilaya": "23",
        "wilayaName": "Sidi Bel Abbès",
        "commune": "Annaba",
        "address": "Annaba, Annaba, Algeria",
        "employeeCount": 25,
        "verificationStatus": "PENDING",
        "hasWebsite": false
      }
    },
    {
      "type": "Feature",
      "geometry": {
        "type": "Point",
        "coordinates": [
          7.7421,
          36.924
        ]
      },
      "properties": {
        "id": "cmsv3q24j006kt9re3lyczj4c",
        "name": "Technopole d'Annaba",
        "slug": "technopole-dannaba",
        "wilaya": "23",
        "wilayaName": "Sidi Bel Abbès",
        "commune": "Annaba",
        "address": "Annaba, Annaba, Algeria",
        "employeeCount": 25,
        "verificationStatus": "PENDING",
        "hasWebsite": false
      }
    },
    {
      "type": "Feature",
      "geometry": {
        "type": "Point",
        "coordinates": [
          -1.621,
          35.1447
        ]
      },
      "properties": {
        "id": "cmsv3q24m006mt9re5ku2tcbv",
        "name": "SARL BORDJ FOOD INDUSTRIES (BFI)",
        "slug": "sarl-bordj-food-industries-bfi",
        "wilaya": "43",
        "wilayaName": "Aïn Témouchent",
        "commune": "Bordj Bou Arréridj",
        "address": "Bordj Bou Arréridj, Bordj Bou Arréridj, Algeria",
        "employeeCount": 25,
        "verificationStatus": "PENDING",
        "hasWebsite": false
      }
    },
    {
      "type": "Feature",
      "geometry": {
        "type": "Point",
        "coordinates": [
          -1.5344,
          35.2844
        ]
      },
      "properties": {
        "id": "cmsv3q24n006ot9relrrcnjds",
        "name": "EURL HUILERIE DES HAUTS PLATEAUX (HHP)",
        "slug": "eurl-huilerie-des-hauts-plateaux-hhp",
        "wilaya": "43",
        "wilayaName": "Aïn Témouchent",
        "commune": "Mansoura",
        "address": "Mansoura, Bordj Bou Arréridj, Algeria",
        "employeeCount": 25,
        "verificationStatus": "PENDING",
        "hasWebsite": false
      }
    },
    {
      "type": "Feature",
      "geometry": {
        "type": "Point",
        "coordinates": [
          -1.3429,
          35.1788
        ]
      },
      "properties": {
        "id": "cmsv3q24p006qt9reloxhebq1",
        "name": "SPA MEUNERIE MODERNE DE BBA (MMBBA)",
        "slug": "spa-meunerie-moderne-de-bba-mmbba",
        "wilaya": "43",
        "wilayaName": "Aïn Témouchent",
        "commune": "Bordj Bou Arréridj",
        "address": "Bordj Bou Arréridj, Bordj Bou Arréridj, Algeria",
        "employeeCount": 25,
        "verificationStatus": "PENDING",
        "hasWebsite": false
      }
    },
    {
      "type": "Feature",
      "geometry": {
        "type": "Point",
        "coordinates": [
          -1.1498,
          35.0717
        ]
      },
      "properties": {
        "id": "cmsv3q24q006st9rea0iqwrw7",
        "name": "SARL LAITERIE EL AMEL (LEA)",
        "slug": "sarl-laiterie-el-amel-lea",
        "wilaya": "43",
        "wilayaName": "Aïn Témouchent",
        "commune": "Ras el Oust",
        "address": "Ras el Oust, Bordj Bou Arréridj, Algeria",
        "employeeCount": 25,
        "verificationStatus": "PENDING",
        "hasWebsite": false
      }
    },
    {
      "type": "Feature",
      "geometry": {
        "type": "Point",
        "coordinates": [
          -1.2967,
          35.2822
        ]
      },
      "properties": {
        "id": "cmsv3q24r006ut9re1ol61m1y",
        "name": "EURL CONFISERIE MODERNE BBA (CMB)",
        "slug": "eurl-confiserie-moderne-bba-cmb",
        "wilaya": "43",
        "wilayaName": "Aïn Témouchent",
        "commune": "Bordj Bou Arréridj",
        "address": "Bordj Bou Arréridj, Bordj Bou Arréridj, Algeria",
        "employeeCount": 25,
        "verificationStatus": "PENDING",
        "hasWebsite": false
      }
    },
    {
      "type": "Feature",
      "geometry": {
        "type": "Point",
        "coordinates": [
          -1.6905,
          35.3312
        ]
      },
      "properties": {
        "id": "cmsv3q24t006wt9re1zozwgw1",
        "name": "SARL ALIMENTATION DE BETAIL BBA (ABBA)",
        "slug": "sarl-alimentation-de-betail-bba-abba",
        "wilaya": "43",
        "wilayaName": "Aïn Témouchent",
        "commune": "Glizane",
        "address": "Glizane, Bordj Bou Arréridj, Algeria",
        "employeeCount": 25,
        "verificationStatus": "PENDING",
        "hasWebsite": false
      }
    },
    {
      "type": "Feature",
      "geometry": {
        "type": "Point",
        "coordinates": [
          -1.1462,
          35.403
        ]
      },
      "properties": {
        "id": "cmsv3q24u006yt9regqf4g5t1",
        "name": "SPA TEXTILE DU BORDJ (TB)",
        "slug": "spa-textile-du-bordj-tb",
        "wilaya": "43",
        "wilayaName": "Aïn Témouchent",
        "commune": "Zone Industrielle Bordj Bou Arréridj",
        "address": "Zone Industrielle Bordj Bou Arréridj, Bordj Bou Arréridj, Algeria",
        "employeeCount": 25,
        "verificationStatus": "PENDING",
        "hasWebsite": false
      }
    },
    {
      "type": "Feature",
      "geometry": {
        "type": "Point",
        "coordinates": [
          -1.3632,
          35.2609
        ]
      },
      "properties": {
        "id": "cmsv3q24w0070t9repkxfa14s",
        "name": "SARL CONFECTION FEMININE BBA (CFB)",
        "slug": "sarl-confection-feminine-bba-cfb",
        "wilaya": "43",
        "wilayaName": "Aïn Témouchent",
        "commune": "Mansoura",
        "address": "Mansoura, Bordj Bou Arréridj, Algeria",
        "employeeCount": 25,
        "verificationStatus": "PENDING",
        "hasWebsite": false
      }
    },
    {
      "type": "Feature",
      "geometry": {
        "type": "Point",
        "coordinates": [
          -1.4308,
          35.1306
        ]
      },
      "properties": {
        "id": "cmsv3q24x0072t9repzse9dbv",
        "name": "EURL TRICOT BORDJ (TRIB)",
        "slug": "eurl-tricot-bordj-trib",
        "wilaya": "43",
        "wilayaName": "Aïn Témouchent",
        "commune": "Bordj Bou Arréridj",
        "address": "Bordj Bou Arréridj, Bordj Bou Arréridj, Algeria",
        "employeeCount": 25,
        "verificationStatus": "PENDING",
        "hasWebsite": false
      }
    },
    {
      "type": "Feature",
      "geometry": {
        "type": "Point",
        "coordinates": [
          -1.4382,
          35.3687
        ]
      },
      "properties": {
        "id": "cmsv3q24z0074t9rekatv2xxb",
        "name": "SARL INDUSTRIE DU CHAUSSAGE BBA (ICB)",
        "slug": "sarl-industrie-du-chaussage-bba-icb",
        "wilaya": "43",
        "wilayaName": "Aïn Témouchent",
        "commune": "Bir Ghbalou",
        "address": "Bir Ghbalou, Bordj Bou Arréridj, Algeria",
        "employeeCount": 25,
        "verificationStatus": "PENDING",
        "hasWebsite": false
      }
    },
    {
      "type": "Feature",
      "geometry": {
        "type": "Point",
        "coordinates": [
          -1.2199,
          35.4576
        ]
      },
      "properties": {
        "id": "cmsv3q2500076t9re8vijfhv6",
        "name": "COOPERATIVE AGRICOLE DES CEREALES DE MANSOURA (CACM)",
        "slug": "cooperative-agricole-des-cereales-de-mansoura-cacm",
        "wilaya": "43",
        "wilayaName": "Aïn Témouchent",
        "commune": "Mansoura",
        "address": "Mansoura, Bordj Bou Arréridj, Algeria",
        "employeeCount": 25,
        "verificationStatus": "PENDING",
        "hasWebsite": false
      }
    },
    {
      "type": "Feature",
      "geometry": {
        "type": "Point",
        "coordinates": [
          -1.7101,
          35.361
        ]
      },
      "properties": {
        "id": "cmsv3q2520078t9reclf2kj7q",
        "name": "EURL EXPLOITATION OLÉICOLE RAS EL OUST (EORO)",
        "slug": "eurl-exploitation-oleicole-ras-el-oust-eoro",
        "wilaya": "43",
        "wilayaName": "Aïn Témouchent",
        "commune": "Ras el Oust",
        "address": "Ras el Oust, Bordj Bou Arréridj, Algeria",
        "employeeCount": 25,
        "verificationStatus": "PENDING",
        "hasWebsite": false
      }
    },
    {
      "type": "Feature",
      "geometry": {
        "type": "Point",
        "coordinates": [
          -1.1785,
          35.3646
        ]
      },
      "properties": {
        "id": "cmsv3q253007at9re2o3ynhsf",
        "name": "SARL ELEVAGES AVICOLES BBA (EAB)",
        "slug": "sarl-elevages-avicoles-bba-eab",
        "wilaya": "43",
        "wilayaName": "Aïn Témouchent",
        "commune": "Glizane",
        "address": "Glizane, Bordj Bou Arréridj, Algeria",
        "employeeCount": 25,
        "verificationStatus": "PENDING",
        "hasWebsite": false
      }
    },
    {
      "type": "Feature",
      "geometry": {
        "type": "Point",
        "coordinates": [
          -1.5263,
          35.4717
        ]
      },
      "properties": {
        "id": "cmsv3q255007ct9re59i9t38h",
        "name": "FERME LAITIERE DES PLATEAUX (FLP)",
        "slug": "ferme-laitiere-des-plateaux-flp",
        "wilaya": "43",
        "wilayaName": "Aïn Témouchent",
        "commune": "Hariche",
        "address": "Hariche, Bordj Bou Arréridj, Algeria",
        "employeeCount": 25,
        "verificationStatus": "PENDING",
        "hasWebsite": false
      }
    },
    {
      "type": "Feature",
      "geometry": {
        "type": "Point",
        "coordinates": [
          -1.5251,
          35.0626
        ]
      },
      "properties": {
        "id": "cmsv3q256007et9reqers758n",
        "name": "SARL PRODUCTION MARAICHERE BBA (PMB)",
        "slug": "sarl-production-maraichere-bba-pmb",
        "wilaya": "43",
        "wilayaName": "Aïn Témouchent",
        "commune": "Mansoura",
        "address": "Mansoura, Bordj Bou Arréridj, Algeria",
        "employeeCount": 25,
        "verificationStatus": "PENDING",
        "hasWebsite": false
      }
    },
    {
      "type": "Feature",
      "geometry": {
        "type": "Point",
        "coordinates": [
          -1.1164,
          35.1689
        ]
      },
      "properties": {
        "id": "cmsv3q258007gt9rerf6hwgv3",
        "name": "SPA CIMENTERIE DES PLATEAUX (CDP)",
        "slug": "spa-cimenterie-des-plateaux-cdp",
        "wilaya": "43",
        "wilayaName": "Aïn Témouchent",
        "commune": "Zone Industrielle Bordj Bou Arréridj",
        "address": "Zone Industrielle Bordj Bou Arréridj, Bordj Bou Arréridj, Algeria",
        "employeeCount": 25,
        "verificationStatus": "PENDING",
        "hasWebsite": false
      }
    },
    {
      "type": "Feature",
      "geometry": {
        "type": "Point",
        "coordinates": [
          -1.1209,
          35.2801
        ]
      },
      "properties": {
        "id": "cmsv3q259007it9re9cqo3y96",
        "name": "SARL GRANULATS ET MATERIAUX BBA (GMB)",
        "slug": "sarl-granulats-et-materiaux-bba-gmb",
        "wilaya": "43",
        "wilayaName": "Aïn Témouchent",
        "commune": "Bir Ghbalou",
        "address": "Bir Ghbalou, Bordj Bou Arréridj, Algeria",
        "employeeCount": 25,
        "verificationStatus": "PENDING",
        "hasWebsite": false
      }
    },
    {
      "type": "Feature",
      "geometry": {
        "type": "Point",
        "coordinates": [
          -1.2052,
          35.1287
        ]
      },
      "properties": {
        "id": "cmsv3q25b007kt9revmu9eqkw",
        "name": "EURL MENUISERIE ALUMINIUM BBA (MAB)",
        "slug": "eurl-menuiserie-aluminium-bba-mab",
        "wilaya": "43",
        "wilayaName": "Aïn Témouchent",
        "commune": "Bordj Bou Arréridj",
        "address": "Bordj Bou Arréridj, Bordj Bou Arréridj, Algeria",
        "employeeCount": 25,
        "verificationStatus": "PENDING",
        "hasWebsite": false
      }
    },
    {
      "type": "Feature",
      "geometry": {
        "type": "Point",
        "coordinates": [
          -1.161,
          35.5075
        ]
      },
      "properties": {
        "id": "cmsv3q25c007mt9rer0o9axyw",
        "name": "SARL PLOMBERIE ET CHAUFFAGE BBA (PCB)",
        "slug": "sarl-plomberie-et-chauffage-bba-pcb",
        "wilaya": "43",
        "wilayaName": "Aïn Témouchent",
        "commune": "Bordj Bou Arréridj",
        "address": "Bordj Bou Arréridj, Bordj Bou Arréridj, Algeria",
        "employeeCount": 25,
        "verificationStatus": "PENDING",
        "hasWebsite": false
      }
    },
    {
      "type": "Feature",
      "geometry": {
        "type": "Point",
        "coordinates": [
          -1.6051,
          35.4938
        ]
      },
      "properties": {
        "id": "cmsv3q25e007ot9relnp4jjjn",
        "name": "SPA SIDERURGIE BORDJ (SB)",
        "slug": "spa-siderurgie-bordj-sb",
        "wilaya": "43",
        "wilayaName": "Aïn Témouchent",
        "commune": "Zone Industrielle Bordj Bou Arréridj",
        "address": "Zone Industrielle Bordj Bou Arréridj, Bordj Bou Arréridj, Algeria",
        "employeeCount": 25,
        "verificationStatus": "PENDING",
        "hasWebsite": false
      }
    },
    {
      "type": "Feature",
      "geometry": {
        "type": "Point",
        "coordinates": [
          -1.492,
          35.2763
        ]
      },
      "properties": {
        "id": "cmsv3q25f007qt9reky91sff1",
        "name": "SARL TOLERIE METALLIQUE BBA (TMB)",
        "slug": "sarl-tolerie-metallique-bba-tmb",
        "wilaya": "43",
        "wilayaName": "Aïn Témouchent",
        "commune": "Ras el Oust",
        "address": "Ras el Oust, Bordj Bou Arréridj, Algeria",
        "employeeCount": 25,
        "verificationStatus": "PENDING",
        "hasWebsite": false
      }
    },
    {
      "type": "Feature",
      "geometry": {
        "type": "Point",
        "coordinates": [
          -1.5418,
          35.1579
        ]
      },
      "properties": {
        "id": "cmsv3q25h007st9rehly61ds4",
        "name": "EURL USINAGE DE PRECISION BBA (UPB)",
        "slug": "eurl-usinage-de-precision-bba-upb",
        "wilaya": "43",
        "wilayaName": "Aïn Témouchent",
        "commune": "Bordj Bou Arréridj",
        "address": "Bordj Bou Arréridj, Bordj Bou Arréridj, Algeria",
        "employeeCount": 25,
        "verificationStatus": "PENDING",
        "hasWebsite": false
      }
    },
    {
      "type": "Feature",
      "geometry": {
        "type": "Point",
        "coordinates": [
          -1.3574,
          35.2466
        ]
      },
      "properties": {
        "id": "cmsv3q25i007ut9renv5j0as3",
        "name": "SARL SOUDURE ET MAINTENANCE INDUSTRIELLE (SMI)",
        "slug": "sarl-soudure-et-maintenance-industrielle-smi",
        "wilaya": "43",
        "wilayaName": "Aïn Témouchent",
        "commune": "Mansoura",
        "address": "Mansoura, Bordj Bou Arréridj, Algeria",
        "employeeCount": 25,
        "verificationStatus": "PENDING",
        "hasWebsite": false
      }
    },
    {
      "type": "Feature",
      "geometry": {
        "type": "Point",
        "coordinates": [
          -1.2722,
          35.5062
        ]
      },
      "properties": {
        "id": "cmsv3q25k007wt9re0bl6165u",
        "name": "SARL COMMERCIAL GENERALE BBA (CGB)",
        "slug": "sarl-commercial-generale-bba-cgb",
        "wilaya": "43",
        "wilayaName": "Aïn Témouchent",
        "commune": "Bordj Bou Arréridj",
        "address": "Bordj Bou Arréridj, Bordj Bou Arréridj, Algeria",
        "employeeCount": 25,
        "verificationStatus": "PENDING",
        "hasWebsite": false
      }
    },
    {
      "type": "Feature",
      "geometry": {
        "type": "Point",
        "coordinates": [
          -1.1942,
          35.0998
        ]
      },
      "properties": {
        "id": "cmsv3q25l007yt9retg00ic9n",
        "name": "EURL DISTRIBUTION AGRICOLE BBA (DAB)",
        "slug": "eurl-distribution-agricole-bba-dab",
        "wilaya": "43",
        "wilayaName": "Aïn Témouchent",
        "commune": "Mansoura",
        "address": "Mansoura, Bordj Bou Arréridj, Algeria",
        "employeeCount": 25,
        "verificationStatus": "PENDING",
        "hasWebsite": false
      }
    },
    {
      "type": "Feature",
      "geometry": {
        "type": "Point",
        "coordinates": [
          -1.1092,
          35.2335
        ]
      },
      "properties": {
        "id": "cmsv3q25n0080t9rezvy812vt",
        "name": "SPA TRANSPORTS ET LOGISTIQUE BBA (TLB)",
        "slug": "spa-transports-et-logistique-bba-tlb",
        "wilaya": "43",
        "wilayaName": "Aïn Témouchent",
        "commune": "Zone Industrielle Bordj Bou Arréridj",
        "address": "Zone Industrielle Bordj Bou Arréridj, Bordj Bou Arréridj, Algeria",
        "employeeCount": 25,
        "verificationStatus": "PENDING",
        "hasWebsite": false
      }
    },
    {
      "type": "Feature",
      "geometry": {
        "type": "Point",
        "coordinates": [
          -1.1379,
          35.3424
        ]
      },
      "properties": {
        "id": "cmsv3q25o0082t9rek7k731f9",
        "name": "SARL AGENCE IMMOBILIERE BORDJ (AIB)",
        "slug": "sarl-agence-immobiliere-bordj-aib",
        "wilaya": "43",
        "wilayaName": "Aïn Témouchent",
        "commune": "Bordj Bou Arréridj",
        "address": "Bordj Bou Arréridj, Bordj Bou Arréridj, Algeria",
        "employeeCount": 25,
        "verificationStatus": "PENDING",
        "hasWebsite": false
      }
    },
    {
      "type": "Feature",
      "geometry": {
        "type": "Point",
        "coordinates": [
          -1.3408,
          35.2991
        ]
      },
      "properties": {
        "id": "cmsv3q25q0084t9remqbyozsb",
        "name": "EURL SERVICES INFORMATIQUES BBA (SIB)",
        "slug": "eurl-services-informatiques-bba-sib",
        "wilaya": "43",
        "wilayaName": "Aïn Témouchent",
        "commune": "Bordj Bou Arréridj",
        "address": "Bordj Bou Arréridj, Bordj Bou Arréridj, Algeria",
        "employeeCount": 25,
        "verificationStatus": "PENDING",
        "hasWebsite": false
      }
    },
    {
      "type": "Feature",
      "geometry": {
        "type": "Point",
        "coordinates": [
          6.5993,
          36.357
        ]
      },
      "properties": {
        "id": "cmsv3q25s0086t9redyt68wla",
        "name": "SAIDAL - Unité de Constantine",
        "slug": "saidal-unite-de-constantine",
        "wilaya": "25",
        "wilayaName": "Guelma",
        "commune": "Constantine (Zone Industrielle)",
        "address": "Constantine (Zone Industrielle), Constantine, Algeria",
        "employeeCount": 25,
        "verificationStatus": "PENDING",
        "hasWebsite": true
      }
    },
    {
      "type": "Feature",
      "geometry": {
        "type": "Point",
        "coordinates": [
          6.6406,
          36.3452
        ]
      },
      "properties": {
        "id": "cmsv3q25u008at9relcdfh6yw",
        "name": "PHARMAL CONSTANTINE",
        "slug": "pharmal-constantine",
        "wilaya": "25",
        "wilayaName": "Guelma",
        "commune": "Constantine",
        "address": "Constantine, Constantine, Algeria",
        "employeeCount": 25,
        "verificationStatus": "PENDING",
        "hasWebsite": false
      }
    },
    {
      "type": "Feature",
      "geometry": {
        "type": "Point",
        "coordinates": [
          6.6318,
          36.3412
        ]
      },
      "properties": {
        "id": "cmsv3q25w008ct9rewcrqdfwe",
        "name": "UNITED PHARMA ALGERIA - Antenne Constantine",
        "slug": "united-pharma-algeria-antenne-constantine",
        "wilaya": "25",
        "wilayaName": "Guelma",
        "commune": "Constantine",
        "address": "Constantine, Constantine, Algeria",
        "employeeCount": 25,
        "verificationStatus": "PENDING",
        "hasWebsite": true
      }
    },
    {
      "type": "Feature",
      "geometry": {
        "type": "Point",
        "coordinates": [
          6.6341,
          36.359
        ]
      },
      "properties": {
        "id": "cmsv3q25x008et9reli94vq16",
        "name": "NOVO NORDISK ALGÉRIE - Délégation Est",
        "slug": "novo-nordisk-algerie-delegation-est",
        "wilaya": "25",
        "wilayaName": "Guelma",
        "commune": "Constantine Centre",
        "address": "Constantine Centre, Constantine, Algeria",
        "employeeCount": 25,
        "verificationStatus": "PENDING",
        "hasWebsite": true
      }
    },
    {
      "type": "Feature",
      "geometry": {
        "type": "Point",
        "coordinates": [
          6.5838,
          36.3753
        ]
      },
      "properties": {
        "id": "cmsv3q25z008gt9reblnj641l",
        "name": "SCIMAT - Société des Ciments de l'Est",
        "slug": "scimat-societe-des-ciments-de-lest",
        "wilaya": "25",
        "wilayaName": "Guelma",
        "commune": "El Khroub",
        "address": "El Khroub, Constantine, Algeria",
        "employeeCount": 25,
        "verificationStatus": "PENDING",
        "hasWebsite": true
      }
    },
    {
      "type": "Feature",
      "geometry": {
        "type": "Point",
        "coordinates": [
          6.7255,
          36.3449
        ]
      },
      "properties": {
        "id": "cmsv3q260008it9re1514jr9u",
        "name": "ERCC - Entreprise Régionale des Ciments de Constantine",
        "slug": "ercc-entreprise-regionale-des-ciments-de-constantine",
        "wilaya": "25",
        "wilayaName": "Guelma",
        "commune": "Hamma Bouziane",
        "address": "Hamma Bouziane, Constantine, Algeria",
        "employeeCount": 25,
        "verificationStatus": "PENDING",
        "hasWebsite": false
      }
    },
    {
      "type": "Feature",
      "geometry": {
        "type": "Point",
        "coordinates": [
          6.5928,
          36.3446
        ]
      },
      "properties": {
        "id": "cmsv3q262008kt9ref0ysge5c",
        "name": "GROUPE BELAID - Matériaux de Construction",
        "slug": "groupe-belaid-materiaux-de-construction",
        "wilaya": "25",
        "wilayaName": "Guelma",
        "commune": "Constantine",
        "address": "Constantine, Constantine, Algeria",
        "employeeCount": 25,
        "verificationStatus": "PENDING",
        "hasWebsite": true
      }
    },
    {
      "type": "Feature",
      "geometry": {
        "type": "Point",
        "coordinates": [
          6.584,
          36.3518
        ]
      },
      "properties": {
        "id": "cmsv3q263008mt9resv6t1wdv",
        "name": "METALCONSTANTINE",
        "slug": "metalconstantine",
        "wilaya": "25",
        "wilayaName": "Guelma",
        "commune": "Zone Industrielle Constantine",
        "address": "Zone Industrielle Constantine, Constantine, Algeria",
        "employeeCount": 25,
        "verificationStatus": "PENDING",
        "hasWebsite": false
      }
    },
    {
      "type": "Feature",
      "geometry": {
        "type": "Point",
        "coordinates": [
          6.5835,
          36.3502
        ]
      },
      "properties": {
        "id": "cmsv3q265008ot9reitmw43y9",
        "name": "ENTP TRAVAUX DE CONSTANTINE (ETC)",
        "slug": "entp-travaux-de-constantine-etc",
        "wilaya": "25",
        "wilayaName": "Guelma",
        "commune": "Constantine",
        "address": "Constantine, Constantine, Algeria",
        "employeeCount": 25,
        "verificationStatus": "PENDING",
        "hasWebsite": true
      }
    },
    {
      "type": "Feature",
      "geometry": {
        "type": "Point",
        "coordinates": [
          6.6323,
          36.3875
        ]
      },
      "properties": {
        "id": "cmsv3q266008qt9reacwywzej",
        "name": "NUTRIS - Industries Alimentaires",
        "slug": "nutris-industries-alimentaires",
        "wilaya": "25",
        "wilayaName": "Guelma",
        "commune": "Zone Industrielle Constantine",
        "address": "Zone Industrielle Constantine, Constantine, Algeria",
        "employeeCount": 25,
        "verificationStatus": "PENDING",
        "hasWebsite": true
      }
    },
    {
      "type": "Feature",
      "geometry": {
        "type": "Point",
        "coordinates": [
          6.5812,
          36.3615
        ]
      },
      "properties": {
        "id": "cmsv3q268008st9re4rv3wi4p",
        "name": "LAITERIE CONSTANTINOISE (LC)",
        "slug": "laiterie-constantinoise-lc",
        "wilaya": "25",
        "wilayaName": "Guelma",
        "commune": "Constantine",
        "address": "Constantine, Constantine, Algeria",
        "employeeCount": 25,
        "verificationStatus": "PENDING",
        "hasWebsite": false
      }
    },
    {
      "type": "Feature",
      "geometry": {
        "type": "Point",
        "coordinates": [
          6.6313,
          36.3697
        ]
      },
      "properties": {
        "id": "cmsv3q26a008ut9rey1xyk6g9",
        "name": "CONFISERIE DU CONSTANTINOIS (CDC)",
        "slug": "confiserie-du-constantinois-cdc",
        "wilaya": "25",
        "wilayaName": "Guelma",
        "commune": "Constantine",
        "address": "Constantine, Constantine, Algeria",
        "employeeCount": 25,
        "verificationStatus": "PENDING",
        "hasWebsite": false
      }
    },
    {
      "type": "Feature",
      "geometry": {
        "type": "Point",
        "coordinates": [
          6.6074,
          36.3521
        ]
      },
      "properties": {
        "id": "cmsv3q26c008wt9reektjwdls",
        "name": "MEUNERIE MODERNE DE CONSTANTINE (MMC)",
        "slug": "meunerie-moderne-de-constantine-mmc",
        "wilaya": "25",
        "wilayaName": "Guelma",
        "commune": "El Khroub",
        "address": "El Khroub, Constantine, Algeria",
        "employeeCount": 25,
        "verificationStatus": "PENDING",
        "hasWebsite": false
      }
    },
    {
      "type": "Feature",
      "geometry": {
        "type": "Point",
        "coordinates": [
          6.5861,
          36.383
        ]
      },
      "properties": {
        "id": "cmsv3q26d008yt9rebuhn1t76",
        "name": "HUILERIE MODERNE DE L'EST (HME)",
        "slug": "huilerie-moderne-de-lest-hme",
        "wilaya": "25",
        "wilayaName": "Guelma",
        "commune": "Zone Industrielle Constantine",
        "address": "Zone Industrielle Constantine, Constantine, Algeria",
        "employeeCount": 25,
        "verificationStatus": "PENDING",
        "hasWebsite": false
      }
    },
    {
      "type": "Feature",
      "geometry": {
        "type": "Point",
        "coordinates": [
          6.64,
          36.3646
        ]
      },
      "properties": {
        "id": "cmsv3q26f0090t9reumpwimtn",
        "name": "Eaux Minérales de l'Est (EME)",
        "slug": "eaux-minerales-de-lest-eme",
        "wilaya": "25",
        "wilayaName": "Guelma",
        "commune": "Ain Abid",
        "address": "Ain Abid, Constantine, Algeria",
        "employeeCount": 25,
        "verificationStatus": "PENDING",
        "hasWebsite": false
      }
    },
    {
      "type": "Feature",
      "geometry": {
        "type": "Point",
        "coordinates": [
          6.6472,
          36.3787
        ]
      },
      "properties": {
        "id": "cmsv3q26g0092t9re3h5ktd6n",
        "name": "TEXTILE DU CONSTANTINOIS (TECO)",
        "slug": "textile-du-constantinois-teco",
        "wilaya": "25",
        "wilayaName": "Guelma",
        "commune": "Zone Industrielle Constantine",
        "address": "Zone Industrielle Constantine, Constantine, Algeria",
        "employeeCount": 25,
        "verificationStatus": "PENDING",
        "hasWebsite": false
      }
    },
    {
      "type": "Feature",
      "geometry": {
        "type": "Point",
        "coordinates": [
          6.61,
          36.3785
        ]
      },
      "properties": {
        "id": "cmsv3q26i0094t9retxufv1g5",
        "name": "CONFECTION INDUSTRIELLE DE CONSTANTINE (CIC)",
        "slug": "confection-industrielle-de-constantine-cic",
        "wilaya": "25",
        "wilayaName": "Guelma",
        "commune": "Constantine",
        "address": "Constantine, Constantine, Algeria",
        "employeeCount": 25,
        "verificationStatus": "PENDING",
        "hasWebsite": false
      }
    },
    {
      "type": "Feature",
      "geometry": {
        "type": "Point",
        "coordinates": [
          6.5954,
          36.3748
        ]
      },
      "properties": {
        "id": "cmsv3q26j0096t9rei4wv34d2",
        "name": "CHAUSSURES DU CONSTANTINOIS (CHACO)",
        "slug": "chaussures-du-constantinois-chaco",
        "wilaya": "25",
        "wilayaName": "Guelma",
        "commune": "Constantine",
        "address": "Constantine, Constantine, Algeria",
        "employeeCount": 25,
        "verificationStatus": "PENDING",
        "hasWebsite": false
      }
    },
    {
      "type": "Feature",
      "geometry": {
        "type": "Point",
        "coordinates": [
          6.598,
          36.3865
        ]
      },
      "properties": {
        "id": "cmsv3q26l0098t9rehj9fl5ac",
        "name": "SMART SOLUTIONS CONSTANTINE (SSC)",
        "slug": "smart-solutions-constantine-ssc",
        "wilaya": "25",
        "wilayaName": "Guelma",
        "commune": "Constantine (Technopole)",
        "address": "Constantine (Technopole), Constantine, Algeria",
        "employeeCount": 25,
        "verificationStatus": "PENDING",
        "hasWebsite": true
      }
    },
    {
      "type": "Feature",
      "geometry": {
        "type": "Point",
        "coordinates": [
          6.645,
          36.3435
        ]
      },
      "properties": {
        "id": "cmsv3q26m009at9reu1myfe6q",
        "name": "DIGITAL PARK CONSTANTINE",
        "slug": "digital-park-constantine",
        "wilaya": "25",
        "wilayaName": "Guelma",
        "commune": "Constantine (Pôle Universitaire)",
        "address": "Constantine (Pôle Universitaire), Constantine, Algeria",
        "employeeCount": 25,
        "verificationStatus": "PENDING",
        "hasWebsite": true
      }
    },
    {
      "type": "Feature",
      "geometry": {
        "type": "Point",
        "coordinates": [
          6.6297,
          36.3536
        ]
      },
      "properties": {
        "id": "cmsv3q26n009ct9reoeprv8c8",
        "name": "NETWORX ALGÉRIA - Agence Constantine",
        "slug": "networx-algeria-agence-constantine",
        "wilaya": "25",
        "wilayaName": "Guelma",
        "commune": "Constantine",
        "address": "Constantine, Constantine, Algeria",
        "employeeCount": 25,
        "verificationStatus": "PENDING",
        "hasWebsite": true
      }
    },
    {
      "type": "Feature",
      "geometry": {
        "type": "Point",
        "coordinates": [
          6.6329,
          36.3501
        ]
      },
      "properties": {
        "id": "cmsv3q26p009et9re8x2l3jbe",
        "name": "BANQUE NATIONALE D'ALGÉRIE (BNA) - Direction Régionale Constantine",
        "slug": "banque-nationale-dalgerie-bna-direction-regionale-constantine",
        "wilaya": "25",
        "wilayaName": "Guelma",
        "commune": "Constantine Centre",
        "address": "Constantine Centre, Constantine, Algeria",
        "employeeCount": 25,
        "verificationStatus": "PENDING",
        "hasWebsite": true
      }
    },
    {
      "type": "Feature",
      "geometry": {
        "type": "Point",
        "coordinates": [
          6.6401,
          36.3547
        ]
      },
      "properties": {
        "id": "cmsv3q26q009gt9re6jhgk75q",
        "name": "BANQUE EXTÉRIEURE D'ALGÉRIBE (BEA) - Agence Constantine",
        "slug": "banque-exterieure-dalgeribe-bea-agence-constantine",
        "wilaya": "25",
        "wilayaName": "Guelma",
        "commune": "Constantine Centre",
        "address": "Constantine Centre, Constantine, Algeria",
        "employeeCount": 25,
        "verificationStatus": "PENDING",
        "hasWebsite": true
      }
    },
    {
      "type": "Feature",
      "geometry": {
        "type": "Point",
        "coordinates": [
          6.6374,
          36.3692
        ]
      },
      "properties": {
        "id": "cmsv3q26s009it9re8tffpr39",
        "name": "CPA BANQUE - Agence Constantine",
        "slug": "cpa-banque-agence-constantine",
        "wilaya": "25",
        "wilayaName": "Guelma",
        "commune": "Constantine",
        "address": "Constantine, Constantine, Algeria",
        "employeeCount": 25,
        "verificationStatus": "PENDING",
        "hasWebsite": true
      }
    },
    {
      "type": "Feature",
      "geometry": {
        "type": "Point",
        "coordinates": [
          6.5867,
          36.3862
        ]
      },
      "properties": {
        "id": "cmsv3q26t009kt9re3f7hgt5p",
        "name": "SOCIÉTÉ GÉNÉRALE ALGÉRIE - Agence Constantine",
        "slug": "societe-generale-algerie-agence-constantine",
        "wilaya": "25",
        "wilayaName": "Guelma",
        "commune": "Constantine Centre",
        "address": "Constantine Centre, Constantine, Algeria",
        "employeeCount": 25,
        "verificationStatus": "PENDING",
        "hasWebsite": true
      }
    },
    {
      "type": "Feature",
      "geometry": {
        "type": "Point",
        "coordinates": [
          6.6147,
          36.3771
        ]
      },
      "properties": {
        "id": "cmsv3q26v009mt9remicuf80u",
        "name": "ASSURANCE POPULAIRE (AP) - Direction Régionale Constantine",
        "slug": "assurance-populaire-ap-direction-regionale-constantine",
        "wilaya": "25",
        "wilayaName": "Guelma",
        "commune": "Constantine",
        "address": "Constantine, Constantine, Algeria",
        "employeeCount": 25,
        "verificationStatus": "PENDING",
        "hasWebsite": true
      }
    },
    {
      "type": "Feature",
      "geometry": {
        "type": "Point",
        "coordinates": [
          6.5998,
          36.3514
        ]
      },
      "properties": {
        "id": "cmsv3q26w009ot9re00fiyf2x",
        "name": "AUTO-HALL CONSTANTINE - Concessionnaire",
        "slug": "auto-hall-constantine-concessionnaire",
        "wilaya": "25",
        "wilayaName": "Guelma",
        "commune": "Constantine",
        "address": "Constantine, Constantine, Algeria",
        "employeeCount": 25,
        "verificationStatus": "PENDING",
        "hasWebsite": true
      }
    },
    {
      "type": "Feature",
      "geometry": {
        "type": "Point",
        "coordinates": [
          6.5833,
          36.3686
        ]
      },
      "properties": {
        "id": "cmsv3q26y009qt9reylfkoeas",
        "name": "GM ALGÉRIE - Concessionnaire Hyundai Constantine",
        "slug": "gm-algerie-concessionnaire-hyundai-constantine",
        "wilaya": "25",
        "wilayaName": "Guelma",
        "commune": "El Khroub",
        "address": "El Khroub, Constantine, Algeria",
        "employeeCount": 25,
        "verificationStatus": "PENDING",
        "hasWebsite": true
      }
    },
    {
      "type": "Feature",
      "geometry": {
        "type": "Point",
        "coordinates": [
          6.601,
          36.388
        ]
      },
      "properties": {
        "id": "cmsv3q26z009st9re53fea9qc",
        "name": "SNVI - Base Technique Constantine",
        "slug": "snvi-base-technique-constantine",
        "wilaya": "25",
        "wilayaName": "Guelma",
        "commune": "Zone Industrielle Constantine",
        "address": "Zone Industrielle Constantine, Constantine, Algeria",
        "employeeCount": 25,
        "verificationStatus": "PENDING",
        "hasWebsite": true
      }
    },
    {
      "type": "Feature",
      "geometry": {
        "type": "Point",
        "coordinates": [
          6.632,
          36.369
        ]
      },
      "properties": {
        "id": "cmsv3q270009ut9reiiurbhs6",
        "name": "TRANSConstantine - Transport et Logistique",
        "slug": "transconstantine-transport-et-logistique",
        "wilaya": "25",
        "wilayaName": "Guelma",
        "commune": "Zone Industrielle Constantine",
        "address": "Zone Industrielle Constantine, Constantine, Algeria",
        "employeeCount": 25,
        "verificationStatus": "PENDING",
        "hasWebsite": false
      }
    },
    {
      "type": "Feature",
      "geometry": {
        "type": "Point",
        "coordinates": [
          6.5819,
          36.3846
        ]
      },
      "properties": {
        "id": "cmsv3q272009wt9rezgp7wsc7",
        "name": "LOGISTIQUE DE L'EST (LODEST)",
        "slug": "logistique-de-lest-lodest",
        "wilaya": "25",
        "wilayaName": "Guelma",
        "commune": "El Khroub",
        "address": "El Khroub, Constantine, Algeria",
        "employeeCount": 25,
        "verificationStatus": "PENDING",
        "hasWebsite": false
      }
    },
    {
      "type": "Feature",
      "geometry": {
        "type": "Point",
        "coordinates": [
          6.6089,
          36.346
        ]
      },
      "properties": {
        "id": "cmsv3q273009yt9re12fhft48",
        "name": "UNIVERSITÉ CONSTANTINE 1 (Mentouri)",
        "slug": "universite-constantine-1-mentouri",
        "wilaya": "25",
        "wilayaName": "Guelma",
        "commune": "Constantine (Nouvelle Ville)",
        "address": "Constantine (Nouvelle Ville), Constantine, Algeria",
        "employeeCount": 2750,
        "verificationStatus": "PENDING",
        "hasWebsite": true
      }
    },
    {
      "type": "Feature",
      "geometry": {
        "type": "Point",
        "coordinates": [
          6.6228,
          36.364
        ]
      },
      "properties": {
        "id": "cmsv3q27500a0t9re5e806hfa",
        "name": "UNIVERSITÉ CONSTANTINE 3 (Salah Boubnider)",
        "slug": "universite-constantine-3-salah-boubnider",
        "wilaya": "25",
        "wilayaName": "Guelma",
        "commune": "Constantine",
        "address": "Constantine, Constantine, Algeria",
        "employeeCount": 25,
        "verificationStatus": "PENDING",
        "hasWebsite": true
      }
    },
    {
      "type": "Feature",
      "geometry": {
        "type": "Point",
        "coordinates": [
          6.5867,
          36.3822
        ]
      },
      "properties": {
        "id": "cmsv3q27600a2t9rej85gcz1t",
        "name": "CENTRE DE FORMATION PROFESSIONNELLE DE CONSTANTINE (CFPC)",
        "slug": "centre-de-formation-professionnelle-de-constantine-cfpc",
        "wilaya": "25",
        "wilayaName": "Guelma",
        "commune": "Constantine",
        "address": "Constantine, Constantine, Algeria",
        "employeeCount": 25,
        "verificationStatus": "PENDING",
        "hasWebsite": true
      }
    },
    {
      "type": "Feature",
      "geometry": {
        "type": "Point",
        "coordinates": [
          6.6166,
          36.3707
        ]
      },
      "properties": {
        "id": "cmsv3q27700a4t9reoga0d1fs",
        "name": "INSTITUT SUPÉRIEUR DES ÉTUDES TECHNOLOGIQUES (ISET)",
        "slug": "institut-superieur-des-etudes-technologiques-iset",
        "wilaya": "25",
        "wilayaName": "Guelma",
        "commune": "Constantine",
        "address": "Constantine, Constantine, Algeria",
        "employeeCount": 25,
        "verificationStatus": "PENDING",
        "hasWebsite": true
      }
    },
    {
      "type": "Feature",
      "geometry": {
        "type": "Point",
        "coordinates": [
          6.598,
          36.3885
        ]
      },
      "properties": {
        "id": "cmsv3q27900a6t9reo5efdiuh",
        "name": "GRAND MAGASIN CONSTANTIN (GMC)",
        "slug": "grand-magasin-constantin-gmc",
        "wilaya": "25",
        "wilayaName": "Guelma",
        "commune": "Constantine Centre",
        "address": "Constantine Centre, Constantine, Algeria",
        "employeeCount": 25,
        "verificationStatus": "PENDING",
        "hasWebsite": false
      }
    },
    {
      "type": "Feature",
      "geometry": {
        "type": "Point",
        "coordinates": [
          6.5949,
          36.3844
        ]
      },
      "properties": {
        "id": "cmsv3q27a00a8t9remh1zx68w",
        "name": "COMPLEXE COMMERCIAL EL KHROUB (CCEK)",
        "slug": "complexe-commercial-el-khroub-ccek",
        "wilaya": "25",
        "wilayaName": "Guelma",
        "commune": "El Khroub",
        "address": "El Khroub, Constantine, Algeria",
        "employeeCount": 25,
        "verificationStatus": "PENDING",
        "hasWebsite": false
      }
    },
    {
      "type": "Feature",
      "geometry": {
        "type": "Point",
        "coordinates": [
          6.642,
          36.3518
        ]
      },
      "properties": {
        "id": "cmsv3q27c00aat9rewqz9uxoy",
        "name": "SOCIÉTÉ DE DISTRIBUTION DES PRODUITS ALIMENTAIRES (SDPA)",
        "slug": "societe-de-distribution-des-produits-alimentaires-sdpa",
        "wilaya": "25",
        "wilayaName": "Guelma",
        "commune": "Constantine",
        "address": "Constantine, Constantine, Algeria",
        "employeeCount": 25,
        "verificationStatus": "PENDING",
        "hasWebsite": false
      }
    },
    {
      "type": "Feature",
      "geometry": {
        "type": "Point",
        "coordinates": [
          6.6308,
          36.3404
        ]
      },
      "properties": {
        "id": "cmsv3q27d00act9revv61jxig",
        "name": "IMPRIMERIE DU CONSTANTINOIS (IDC)",
        "slug": "imprimerie-du-constantinois-idc",
        "wilaya": "25",
        "wilayaName": "Guelma",
        "commune": "Constantine",
        "address": "Constantine, Constantine, Algeria",
        "employeeCount": 25,
        "verificationStatus": "PENDING",
        "hasWebsite": false
      }
    },
    {
      "type": "Feature",
      "geometry": {
        "type": "Point",
        "coordinates": [
          6.6206,
          36.3534
        ]
      },
      "properties": {
        "id": "cmsv3q27e00aet9rely2t2k9u",
        "name": "AGENCE DE VOYAGES CONSTANTINE TOURS",
        "slug": "agence-de-voyages-constantine-tours",
        "wilaya": "25",
        "wilayaName": "Guelma",
        "commune": "Constantine Centre",
        "address": "Constantine Centre, Constantine, Algeria",
        "employeeCount": 25,
        "verificationStatus": "PENDING",
        "hasWebsite": false
      }
    },
    {
      "type": "Feature",
      "geometry": {
        "type": "Point",
        "coordinates": [
          6.6349,
          36.3507
        ]
      },
      "properties": {
        "id": "cmsv3q27g00agt9reymq2u9q3",
        "name": "HÔTEL JUMA CONSTANTINE",
        "slug": "hotel-juma-constantine",
        "wilaya": "25",
        "wilayaName": "Guelma",
        "commune": "Constantine Centre",
        "address": "Constantine Centre, Constantine, Algeria",
        "employeeCount": 25,
        "verificationStatus": "PENDING",
        "hasWebsite": true
      }
    },
    {
      "type": "Feature",
      "geometry": {
        "type": "Point",
        "coordinates": [
          6.5884,
          36.3493
        ]
      },
      "properties": {
        "id": "cmsv3q27h00ait9rel00djlru",
        "name": "CLINIQUE SPÉCIALISÉE DE CONSTANTINE (CSC)",
        "slug": "clinique-specialisee-de-constantine-csc",
        "wilaya": "25",
        "wilayaName": "Guelma",
        "commune": "Constantine",
        "address": "Constantine, Constantine, Algeria",
        "employeeCount": 25,
        "verificationStatus": "PENDING",
        "hasWebsite": false
      }
    },
    {
      "type": "Feature",
      "geometry": {
        "type": "Point",
        "coordinates": [
          6.6086,
          36.3593
        ]
      },
      "properties": {
        "id": "cmsv3q27i00akt9re90mx3yv1",
        "name": "POLYCLINIQUE LES CÈDRES",
        "slug": "polyclinique-les-cedres",
        "wilaya": "25",
        "wilayaName": "Guelma",
        "commune": "Constantine",
        "address": "Constantine, Constantine, Algeria",
        "employeeCount": 25,
        "verificationStatus": "PENDING",
        "hasWebsite": false
      }
    },
    {
      "type": "Feature",
      "geometry": {
        "type": "Point",
        "coordinates": [
          6.6238,
          36.3722
        ]
      },
      "properties": {
        "id": "cmsv3q27k00amt9reaembzsld",
        "name": "PHARMACIE CENTRALE DE CONSTANTINE (PCC)",
        "slug": "pharmacie-centrale-de-constantine-pcc",
        "wilaya": "25",
        "wilayaName": "Guelma",
        "commune": "Constantine",
        "address": "Constantine, Constantine, Algeria",
        "employeeCount": 25,
        "verificationStatus": "PENDING",
        "hasWebsite": false
      }
    },
    {
      "type": "Feature",
      "geometry": {
        "type": "Point",
        "coordinates": [
          6.6481,
          36.383
        ]
      },
      "properties": {
        "id": "cmsv3q27l00aot9ree250z0s0",
        "name": "LABORATOIRES RÉUNIS DE CONSTANTINE (LRC)",
        "slug": "laboratoires-reunis-de-constantine-lrc",
        "wilaya": "25",
        "wilayaName": "Guelma",
        "commune": "Constantine",
        "address": "Constantine, Constantine, Algeria",
        "employeeCount": 25,
        "verificationStatus": "PENDING",
        "hasWebsite": false
      }
    },
    {
      "type": "Feature",
      "geometry": {
        "type": "Point",
        "coordinates": [
          6.6459,
          36.3441
        ]
      },
      "properties": {
        "id": "cmsv3q27m00aqt9rexmet4ueq",
        "name": "PLASTIQUES DE L'EST (PLEST)",
        "slug": "plastiques-de-lest-plest",
        "wilaya": "25",
        "wilayaName": "Guelma",
        "commune": "Zone Industrielle Constantine",
        "address": "Zone Industrielle Constantine, Constantine, Algeria",
        "employeeCount": 25,
        "verificationStatus": "PENDING",
        "hasWebsite": false
      }
    },
    {
      "type": "Feature",
      "geometry": {
        "type": "Point",
        "coordinates": [
          6.5878,
          36.3615
        ]
      },
      "properties": {
        "id": "cmsv3q27o00ast9reb7pq0ryl",
        "name": "EMBALLAGES ALGÉRIENS DE CONSTANTINE (EAC)",
        "slug": "emballages-algeriens-de-constantine-eac",
        "wilaya": "25",
        "wilayaName": "Guelma",
        "commune": "Zone Industrielle Constantine",
        "address": "Zone Industrielle Constantine, Constantine, Algeria",
        "employeeCount": 25,
        "verificationStatus": "PENDING",
        "hasWebsite": false
      }
    },
    {
      "type": "Feature",
      "geometry": {
        "type": "Point",
        "coordinates": [
          6.6358,
          36.3429
        ]
      },
      "properties": {
        "id": "cmsv3q27p00aut9reji454mn7",
        "name": "ÉLECTRICITÉ DU CONSTANTINOIS (EDC)",
        "slug": "electricite-du-constantinois-edc",
        "wilaya": "25",
        "wilayaName": "Guelma",
        "commune": "Constantine",
        "address": "Constantine, Constantine, Algeria",
        "employeeCount": 25,
        "verificationStatus": "PENDING",
        "hasWebsite": false
      }
    },
    {
      "type": "Feature",
      "geometry": {
        "type": "Point",
        "coordinates": [
          6.6069,
          36.342
        ]
      },
      "properties": {
        "id": "cmsv3q27r00awt9re2lbtm898",
        "name": "CLIMATISATION ET FRIGORIFIE DE L'EST (CFE)",
        "slug": "climatisation-et-frigorifie-de-lest-cfe",
        "wilaya": "25",
        "wilayaName": "Guelma",
        "commune": "Constantine",
        "address": "Constantine, Constantine, Algeria",
        "employeeCount": 25,
        "verificationStatus": "PENDING",
        "hasWebsite": false
      }
    },
    {
      "type": "Feature",
      "geometry": {
        "type": "Point",
        "coordinates": [
          6.6423,
          36.3578
        ]
      },
      "properties": {
        "id": "cmsv3q27s00ayt9reujl4m0go",
        "name": "MENUISERIE ALUMINIUM CONSTANTINE (MAC)",
        "slug": "menuiserie-aluminium-constantine-mac",
        "wilaya": "25",
        "wilayaName": "Guelma",
        "commune": "Zone Industrielle Constantine",
        "address": "Zone Industrielle Constantine, Constantine, Algeria",
        "employeeCount": 25,
        "verificationStatus": "PENDING",
        "hasWebsite": false
      }
    },
    {
      "type": "Feature",
      "geometry": {
        "type": "Point",
        "coordinates": [
          6.5868,
          36.3498
        ]
      },
      "properties": {
        "id": "cmsv3q27u00b0t9re2emszgpy",
        "name": "QUINCAILLERIE GÉNÉRALE DE CONSTANTINE (QGC)",
        "slug": "quincaillerie-generale-de-constantine-qgc",
        "wilaya": "25",
        "wilayaName": "Guelma",
        "commune": "Constantine",
        "address": "Constantine, Constantine, Algeria",
        "employeeCount": 25,
        "verificationStatus": "PENDING",
        "hasWebsite": false
      }
    },
    {
      "type": "Feature",
      "geometry": {
        "type": "Point",
        "coordinates": [
          6.613,
          36.3544
        ]
      },
      "properties": {
        "id": "cmsv3q27v00b2t9retnkstcvq",
        "name": "PEINTURES DE L'EST (PEST)",
        "slug": "peintures-de-lest-pest",
        "wilaya": "25",
        "wilayaName": "Guelma",
        "commune": "Zone Industrielle Constantine",
        "address": "Zone Industrielle Constantine, Constantine, Algeria",
        "employeeCount": 25,
        "verificationStatus": "PENDING",
        "hasWebsite": false
      }
    },
    {
      "type": "Feature",
      "geometry": {
        "type": "Point",
        "coordinates": [
          6.6246,
          36.3442
        ]
      },
      "properties": {
        "id": "cmsv3q27x00b4t9re01a9l5mg",
        "name": "SERVICES ENVIRONNEMENT CONSTANTINE (SEC)",
        "slug": "services-environnement-constantine-sec",
        "wilaya": "25",
        "wilayaName": "Guelma",
        "commune": "Constantine",
        "address": "Constantine, Constantine, Algeria",
        "employeeCount": 25,
        "verificationStatus": "PENDING",
        "hasWebsite": false
      }
    },
    {
      "type": "Feature",
      "geometry": {
        "type": "Point",
        "coordinates": [
          6.6184,
          36.3795
        ]
      },
      "properties": {
        "id": "cmsv3q27y00b6t9res9n9kwik",
        "name": "SECURITÉ PRIVÉE DE CONSTANTINE (SPC)",
        "slug": "securite-privee-de-constantine-spc",
        "wilaya": "25",
        "wilayaName": "Guelma",
        "commune": "Constantine",
        "address": "Constantine, Constantine, Algeria",
        "employeeCount": 25,
        "verificationStatus": "PENDING",
        "hasWebsite": false
      }
    },
    {
      "type": "Feature",
      "geometry": {
        "type": "Point",
        "coordinates": [
          6.6205,
          36.3439
        ]
      },
      "properties": {
        "id": "cmsv3q28000b8t9re1omhfhnq",
        "name": "AGENCE IMMOBILIÈRE DU CONSTANTINOIS (AIC)",
        "slug": "agence-immobiliere-du-constantinois-aic",
        "wilaya": "25",
        "wilayaName": "Guelma",
        "commune": "Constantine Centre",
        "address": "Constantine Centre, Constantine, Algeria",
        "employeeCount": 25,
        "verificationStatus": "PENDING",
        "hasWebsite": false
      }
    },
    {
      "type": "Feature",
      "geometry": {
        "type": "Point",
        "coordinates": [
          6.6339,
          36.3577
        ]
      },
      "properties": {
        "id": "cmsv3q28100bat9refl1d56cy",
        "name": "PROMOTION IMMOBILIÈRE DE L'EST (PIE)",
        "slug": "promotion-immobiliere-de-lest-pie",
        "wilaya": "25",
        "wilayaName": "Guelma",
        "commune": "Constantine",
        "address": "Constantine, Constantine, Algeria",
        "employeeCount": 25,
        "verificationStatus": "PENDING",
        "hasWebsite": false
      }
    },
    {
      "type": "Feature",
      "geometry": {
        "type": "Point",
        "coordinates": [
          3.279,
          34.2707
        ]
      },
      "properties": {
        "id": "cmsv3q28300bct9re89aipzz3",
        "name": "AGRI PRO IMPORT EXPORT",
        "slug": "agri-pro-import-export",
        "wilaya": "17",
        "wilayaName": "El Bayadh",
        "commune": "Ain Oussera",
        "address": "Ain Oussera, Djelfa, Algeria",
        "employeeCount": 25,
        "verificationStatus": "PENDING",
        "hasWebsite": false
      }
    },
    {
      "type": "Feature",
      "geometry": {
        "type": "Point",
        "coordinates": [
          3.2535,
          34.2444
        ]
      },
      "properties": {
        "id": "cmsv3q28400bet9re6jb5ueim",
        "name": "SOCIÉTÉ DE GESTION IMMOBILIÈRE DE DJELFA (SOGESTID)",
        "slug": "societe-de-gestion-immobiliere-de-djelfa-sogestid",
        "wilaya": "17",
        "wilayaName": "El Bayadh",
        "commune": "Djelfa",
        "address": "Djelfa, Djelfa, Algeria",
        "employeeCount": 75,
        "verificationStatus": "PENDING",
        "hasWebsite": false
      }
    },
    {
      "type": "Feature",
      "geometry": {
        "type": "Point",
        "coordinates": [
          3.283,
          34.2341
        ]
      },
      "properties": {
        "id": "cmsv3q28600bgt9re7sctugea",
        "name": "PHOTON ENERGIE",
        "slug": "photon-energie",
        "wilaya": "17",
        "wilayaName": "El Bayadh",
        "commune": "Djelfa",
        "address": "Djelfa, Djelfa, Algeria",
        "employeeCount": 25,
        "verificationStatus": "PENDING",
        "hasWebsite": false
      }
    },
    {
      "type": "Feature",
      "geometry": {
        "type": "Point",
        "coordinates": [
          3.2646,
          34.2724
        ]
      },
      "properties": {
        "id": "cmsv3q28800bit9re2hcllux5",
        "name": "TALFIL",
        "slug": "talfil",
        "wilaya": "17",
        "wilayaName": "El Bayadh",
        "commune": "Hassi Bahbah",
        "address": "Hassi Bahbah, Djelfa, Algeria",
        "employeeCount": 25,
        "verificationStatus": "PENDING",
        "hasWebsite": false
      }
    },
    {
      "type": "Feature",
      "geometry": {
        "type": "Point",
        "coordinates": [
          3.2871,
          34.2592
        ]
      },
      "properties": {
        "id": "cmsv3q28900bkt9rejyimsr9g",
        "name": "NOORZID GREEN",
        "slug": "noorzid-green",
        "wilaya": "17",
        "wilayaName": "El Bayadh",
        "commune": "Ain Maabed",
        "address": "Ain Maabed, Djelfa, Algeria",
        "employeeCount": 25,
        "verificationStatus": "PENDING",
        "hasWebsite": false
      }
    },
    {
      "type": "Feature",
      "geometry": {
        "type": "Point",
        "coordinates": [
          3.2792,
          34.2275
        ]
      },
      "properties": {
        "id": "cmsv3q28b00bmt9regwj6434i",
        "name": "DMS ALGÉRIE DJELFA",
        "slug": "dms-algerie-djelfa",
        "wilaya": "17",
        "wilayaName": "El Bayadh",
        "commune": "Djelfa",
        "address": "Djelfa, Djelfa, Algeria",
        "employeeCount": 25,
        "verificationStatus": "PENDING",
        "hasWebsite": false
      }
    },
    {
      "type": "Feature",
      "geometry": {
        "type": "Point",
        "coordinates": [
          3.293,
          34.2697
        ]
      },
      "properties": {
        "id": "cmsv3q28c00bot9rej37m5yvo",
        "name": "COMPLEXE LAITIER DE DJELFA (CLD)",
        "slug": "complexe-laitier-de-djelfa-cld",
        "wilaya": "17",
        "wilayaName": "El Bayadh",
        "commune": "Djelfa",
        "address": "Djelfa, Djelfa, Algeria",
        "employeeCount": 75,
        "verificationStatus": "PENDING",
        "hasWebsite": false
      }
    },
    {
      "type": "Feature",
      "geometry": {
        "type": "Point",
        "coordinates": [
          3.248,
          34.2742
        ]
      },
      "properties": {
        "id": "cmsv3q28d00bqt9re1snrkfzd",
        "name": "FERME ÉLEVAGE MODERNE DJELFA (FEMD)",
        "slug": "ferme-elevage-moderne-djelfa-femd",
        "wilaya": "17",
        "wilayaName": "El Bayadh",
        "commune": "Had Sahary",
        "address": "Had Sahary, Djelfa, Algeria",
        "employeeCount": 25,
        "verificationStatus": "PENDING",
        "hasWebsite": false
      }
    },
    {
      "type": "Feature",
      "geometry": {
        "type": "Point",
        "coordinates": [
          3.2348,
          34.2344
        ]
      },
      "properties": {
        "id": "cmsv3q28f00bst9requftsuyz",
        "name": "DJELFA BALANCE",
        "slug": "djelfa-balance",
        "wilaya": "17",
        "wilayaName": "El Bayadh",
        "commune": "Djelfa",
        "address": "Djelfa, Djelfa, Algeria",
        "employeeCount": 25,
        "verificationStatus": "PENDING",
        "hasWebsite": false
      }
    },
    {
      "type": "Feature",
      "geometry": {
        "type": "Point",
        "coordinates": [
          3.2789,
          34.2365
        ]
      },
      "properties": {
        "id": "cmsv3q28g00but9reu1o7efew",
        "name": "TAFNA SEFI",
        "slug": "tafna-sefi",
        "wilaya": "17",
        "wilayaName": "El Bayadh",
        "commune": "Djelfa",
        "address": "Djelfa, Djelfa, Algeria",
        "employeeCount": 25,
        "verificationStatus": "PENDING",
        "hasWebsite": false
      }
    },
    {
      "type": "Feature",
      "geometry": {
        "type": "Point",
        "coordinates": [
          3.2977,
          34.2738
        ]
      },
      "properties": {
        "id": "cmsv3q28i00bwt9re7fa4e4gk",
        "name": "UNITÉ CÉRÉALIÈRE DE MESSAAD (UCM)",
        "slug": "unite-cerealiere-de-messaad-ucm",
        "wilaya": "17",
        "wilayaName": "El Bayadh",
        "commune": "Messaad",
        "address": "Messaad, Djelfa, Algeria",
        "employeeCount": 25,
        "verificationStatus": "PENDING",
        "hasWebsite": false
      }
    },
    {
      "type": "Feature",
      "geometry": {
        "type": "Point",
        "coordinates": [
          3.2764,
          34.2302
        ]
      },
      "properties": {
        "id": "cmsv3q28j00byt9re7p6j1s5g",
        "name": "ENTREPRISE DE TRAVAUX DJELFA (ETD)",
        "slug": "entreprise-de-travaux-djelfa-etd",
        "wilaya": "17",
        "wilayaName": "El Bayadh",
        "commune": "Djelfa",
        "address": "Djelfa, Djelfa, Algeria",
        "employeeCount": 75,
        "verificationStatus": "PENDING",
        "hasWebsite": false
      }
    },
    {
      "type": "Feature",
      "geometry": {
        "type": "Point",
        "coordinates": [
          3.2361,
          34.2538
        ]
      },
      "properties": {
        "id": "cmsv3q28k00c0t9reg79jnsie",
        "name": "COOPÉRATIVE DES ÉLEVEURS DE HASSI BAHBAH",
        "slug": "cooperative-des-eleveurs-de-hassi-bahbah",
        "wilaya": "17",
        "wilayaName": "El Bayadh",
        "commune": "Hassi Bahbah",
        "address": "Hassi Bahbah, Djelfa, Algeria",
        "employeeCount": 25,
        "verificationStatus": "PENDING",
        "hasWebsite": false
      }
    },
    {
      "type": "Feature",
      "geometry": {
        "type": "Point",
        "coordinates": [
          3.2636,
          34.2636
        ]
      },
      "properties": {
        "id": "cmsv3q28m00c2t9reraew2k7b",
        "name": "FROMAGERIE ARTISANALE DU SUD (FAS)",
        "slug": "fromagerie-artisanale-du-sud-fas",
        "wilaya": "17",
        "wilayaName": "El Bayadh",
        "commune": "Selmana",
        "address": "Selmana, Djelfa, Algeria",
        "employeeCount": 25,
        "verificationStatus": "PENDING",
        "hasWebsite": false
      }
    },
    {
      "type": "Feature",
      "geometry": {
        "type": "Point",
        "coordinates": [
          3.2983,
          34.2449
        ]
      },
      "properties": {
        "id": "cmsv3q28n00c4t9rew5w2rtea",
        "name": "SARL AGRICULTURE DES HAUTS PLATEAUX (AHP)",
        "slug": "sarl-agriculture-des-hauts-plateaux-ahp",
        "wilaya": "17",
        "wilayaName": "El Bayadh",
        "commune": "Zhararia",
        "address": "Zhararia, Djelfa, Algeria",
        "employeeCount": 25,
        "verificationStatus": "PENDING",
        "hasWebsite": false
      }
    },
    {
      "type": "Feature",
      "geometry": {
        "type": "Point",
        "coordinates": [
          3.2406,
          34.2442
        ]
      },
      "properties": {
        "id": "cmsv3q28p00c6t9re08kk5w5z",
        "name": "ALIMENTATION DE BÉTAIL DJELFA (ABD)",
        "slug": "alimentation-de-betail-djelfa-abd",
        "wilaya": "17",
        "wilayaName": "El Bayadh",
        "commune": "Djelfa",
        "address": "Djelfa, Djelfa, Algeria",
        "employeeCount": 25,
        "verificationStatus": "PENDING",
        "hasWebsite": false
      }
    },
    {
      "type": "Feature",
      "geometry": {
        "type": "Point",
        "coordinates": [
          3.2731,
          34.2519
        ]
      },
      "properties": {
        "id": "cmsv3q28q00c8t9reredvv943",
        "name": "SARL TRANSPORTS SAHARIENS DJELFA (TSD)",
        "slug": "sarl-transports-sahariens-djelfa-tsd",
        "wilaya": "17",
        "wilayaName": "El Bayadh",
        "commune": "Ain Oussera",
        "address": "Ain Oussera, Djelfa, Algeria",
        "employeeCount": 25,
        "verificationStatus": "PENDING",
        "hasWebsite": false
      }
    },
    {
      "type": "Feature",
      "geometry": {
        "type": "Point",
        "coordinates": [
          3.282,
          34.2378
        ]
      },
      "properties": {
        "id": "cmsv3q28s00cat9re8f4ghbu4",
        "name": "MENUISERIE ALUMINIUM DJELFA (MAD)",
        "slug": "menuiserie-aluminium-djelfa-mad",
        "wilaya": "17",
        "wilayaName": "El Bayadh",
        "commune": "Djelfa",
        "address": "Djelfa, Djelfa, Algeria",
        "employeeCount": 25,
        "verificationStatus": "PENDING",
        "hasWebsite": false
      }
    },
    {
      "type": "Feature",
      "geometry": {
        "type": "Point",
        "coordinates": [
          3.2968,
          34.2401
        ]
      },
      "properties": {
        "id": "cmsv3q28t00cct9remr2su4q9",
        "name": "SARL DATES ET PRODUITS DU SUD (DPS)",
        "slug": "sarl-dates-et-produits-du-sud-dps",
        "wilaya": "17",
        "wilayaName": "El Bayadh",
        "commune": "Messaad",
        "address": "Messaad, Djelfa, Algeria",
        "employeeCount": 25,
        "verificationStatus": "PENDING",
        "hasWebsite": false
      }
    },
    {
      "type": "Feature",
      "geometry": {
        "type": "Point",
        "coordinates": [
          3.2961,
          34.2526
        ]
      },
      "properties": {
        "id": "cmsv3q28v00cet9remm5xfg5j",
        "name": "LABORATOIRE D'ANALYSES AGRICOLES DJELFA (LAAD)",
        "slug": "laboratoire-danalyses-agricoles-djelfa-laad",
        "wilaya": "17",
        "wilayaName": "El Bayadh",
        "commune": "Djelfa",
        "address": "Djelfa, Djelfa, Algeria",
        "employeeCount": 25,
        "verificationStatus": "PENDING",
        "hasWebsite": false
      }
    },
    {
      "type": "Feature",
      "geometry": {
        "type": "Point",
        "coordinates": [
          3.2472,
          34.2296
        ]
      },
      "properties": {
        "id": "cmsv3q28x00cgt9re9c0p8db7",
        "name": "SARL ÉLEVAGES INTEGRÉS STEPPE (EIS)",
        "slug": "sarl-elevages-integres-steppe-eis",
        "wilaya": "17",
        "wilayaName": "El Bayadh",
        "commune": "Had Sahary",
        "address": "Had Sahary, Djelfa, Algeria",
        "employeeCount": 25,
        "verificationStatus": "PENDING",
        "hasWebsite": false
      }
    },
    {
      "type": "Feature",
      "geometry": {
        "type": "Point",
        "coordinates": [
          3.2895,
          34.2294
        ]
      },
      "properties": {
        "id": "cmsv3q28y00cit9reh3kzng6t",
        "name": "SARL PLOMBERIE SANITAIRE DJELFA (PSD)",
        "slug": "sarl-plomberie-sanitaire-djelfa-psd",
        "wilaya": "17",
        "wilayaName": "El Bayadh",
        "commune": "Djelfa",
        "address": "Djelfa, Djelfa, Algeria",
        "employeeCount": 25,
        "verificationStatus": "PENDING",
        "hasWebsite": false
      }
    },
    {
      "type": "Feature",
      "geometry": {
        "type": "Point",
        "coordinates": [
          3.2924,
          34.2716
        ]
      },
      "properties": {
        "id": "cmsv3q29000ckt9renfk8hag7",
        "name": "SARL COMMERCE GÉNÉRAL DJELFA (CGD)",
        "slug": "sarl-commerce-general-djelfa-cgd",
        "wilaya": "17",
        "wilayaName": "El Bayadh",
        "commune": "Djelfa",
        "address": "Djelfa, Djelfa, Algeria",
        "employeeCount": 25,
        "verificationStatus": "PENDING",
        "hasWebsite": false
      }
    },
    {
      "type": "Feature",
      "geometry": {
        "type": "Point",
        "coordinates": [
          3.2765,
          34.225
        ]
      },
      "properties": {
        "id": "cmsv3q29100cmt9re045na41e",
        "name": "SARL SERVICES INFORMATIQUES DJELFA (SID)",
        "slug": "sarl-services-informatiques-djelfa-sid",
        "wilaya": "17",
        "wilayaName": "El Bayadh",
        "commune": "Djelfa",
        "address": "Djelfa, Djelfa, Algeria",
        "employeeCount": 25,
        "verificationStatus": "PENDING",
        "hasWebsite": false
      }
    },
    {
      "type": "Feature",
      "geometry": {
        "type": "Point",
        "coordinates": [
          3.2413,
          34.257
        ]
      },
      "properties": {
        "id": "cmsv3q29300cot9recwkd9wmb",
        "name": "SARL PEINTURE ET DECORATION DJELFA (PDD)",
        "slug": "sarl-peinture-et-decoration-djelfa-pdd",
        "wilaya": "17",
        "wilayaName": "El Bayadh",
        "commune": "Djelfa",
        "address": "Djelfa, Djelfa, Algeria",
        "employeeCount": 25,
        "verificationStatus": "PENDING",
        "hasWebsite": false
      }
    },
    {
      "type": "Feature",
      "geometry": {
        "type": "Point",
        "coordinates": [
          3.2523,
          34.2403
        ]
      },
      "properties": {
        "id": "cmsv3q29500cqt9re8gq9v2qx",
        "name": "COOPÉRATIVE LAITIÈRE DE SELMANA (CLS)",
        "slug": "cooperative-laitiere-de-selmana-cls",
        "wilaya": "17",
        "wilayaName": "El Bayadh",
        "commune": "Selmana",
        "address": "Selmana, Djelfa, Algeria",
        "employeeCount": 25,
        "verificationStatus": "PENDING",
        "hasWebsite": false
      }
    },
    {
      "type": "Feature",
      "geometry": {
        "type": "Point",
        "coordinates": [
          3.2959,
          34.2393
        ]
      },
      "properties": {
        "id": "cmsv3q29600cst9regiqof7zh",
        "name": "SARL QUINCAILLERIE INDUSTRIELLE DJELFA (QID)",
        "slug": "sarl-quincaillerie-industrielle-djelfa-qid",
        "wilaya": "17",
        "wilayaName": "El Bayadh",
        "commune": "Djelfa",
        "address": "Djelfa, Djelfa, Algeria",
        "employeeCount": 25,
        "verificationStatus": "PENDING",
        "hasWebsite": false
      }
    },
    {
      "type": "Feature",
      "geometry": {
        "type": "Point",
        "coordinates": [
          3.2765,
          34.2763
        ]
      },
      "properties": {
        "id": "cmsv3q29800cut9re02xy5v0d",
        "name": "SARL AGENCE IMMOBILIÈRE DJELFA (AID)",
        "slug": "sarl-agence-immobiliere-djelfa-aid",
        "wilaya": "17",
        "wilayaName": "El Bayadh",
        "commune": "Djelfa",
        "address": "Djelfa, Djelfa, Algeria",
        "employeeCount": 25,
        "verificationStatus": "PENDING",
        "hasWebsite": false
      }
    },
    {
      "type": "Feature",
      "geometry": {
        "type": "Point",
        "coordinates": [
          3.2439,
          34.2628
        ]
      },
      "properties": {
        "id": "cmsv3q29900cwt9rel29c7ehk",
        "name": "SARL ELECTRICITÉ GÉNÉRALE DJELFA (EGD)",
        "slug": "sarl-electricite-generale-djelfa-egd",
        "wilaya": "17",
        "wilayaName": "El Bayadh",
        "commune": "Djelfa",
        "address": "Djelfa, Djelfa, Algeria",
        "employeeCount": 25,
        "verificationStatus": "PENDING",
        "hasWebsite": false
      }
    },
    {
      "type": "Feature",
      "geometry": {
        "type": "Point",
        "coordinates": [
          6.0425,
          33.1233
        ]
      },
      "properties": {
        "id": "cmsv3q29b00cyt9revhl9aqh3",
        "name": "Société des Dattes d'El Oued (SDO)",
        "slug": "societe-des-dattes-del-oued-sdo",
        "wilaya": "34",
        "wilayaName": "Tindouf",
        "commune": "Touggourt",
        "address": "Touggourt, El Oued, Algeria",
        "employeeCount": 375,
        "verificationStatus": "PENDING",
        "hasWebsite": true
      }
    },
    {
      "type": "Feature",
      "geometry": {
        "type": "Point",
        "coordinates": [
          6.0945,
          33.1081
        ]
      },
      "properties": {
        "id": "cmsv3q29c00d0t9re71p4c9js",
        "name": "Groupe Agro-Oasis Touggourt (GAOT)",
        "slug": "groupe-agro-oasis-touggourt-gaot",
        "wilaya": "34",
        "wilayaName": "Tindouf",
        "commune": "Touggourt",
        "address": "Touggourt, El Oued, Algeria",
        "employeeCount": 25,
        "verificationStatus": "PENDING",
        "hasWebsite": false
      }
    },
    {
      "type": "Feature",
      "geometry": {
        "type": "Point",
        "coordinates": [
          6.8578,
          33.5316
        ]
      },
      "properties": {
        "id": "cmsv3q29e00d2t9re5q81azy7",
        "name": "Coopérative des Palmeraies de El M'Ghair (COPEM)",
        "slug": "cooperative-des-palmeraies-de-el-mghair-copem",
        "wilaya": "34",
        "wilayaName": "Tindouf",
        "commune": "El M'Ghair",
        "address": "El M'Ghair, El Oued, Algeria",
        "employeeCount": 75,
        "verificationStatus": "PENDING",
        "hasWebsite": false
      }
    },
    {
      "type": "Feature",
      "geometry": {
        "type": "Point",
        "coordinates": [
          6.8825,
          33.5263
        ]
      },
      "properties": {
        "id": "cmsv3q29f00d4t9rehm4p58ul",
        "name": "Société Saharienne de Commerce et d'Industrie (SSCI)",
        "slug": "societe-saharienne-de-commerce-et-dindustrie-ssci",
        "wilaya": "34",
        "wilayaName": "Tindouf",
        "commune": "El Oued",
        "address": "El Oued, El Oued, Algeria",
        "employeeCount": 25,
        "verificationStatus": "PENDING",
        "hasWebsite": false
      }
    },
    {
      "type": "Feature",
      "geometry": {
        "type": "Point",
        "coordinates": [
          6.9712,
          33.5092
        ]
      },
      "properties": {
        "id": "cmsv3q29h00d6t9reqqns2gqm",
        "name": "Dattes du Sud Export (DSE)",
        "slug": "dattes-du-sud-export-dse",
        "wilaya": "34",
        "wilayaName": "Tindouf",
        "commune": "Debila",
        "address": "Debila, El Oued, Algeria",
        "employeeCount": 25,
        "verificationStatus": "PENDING",
        "hasWebsite": true
      }
    },
    {
      "type": "Feature",
      "geometry": {
        "type": "Point",
        "coordinates": [
          6.8624,
          33.5165
        ]
      },
      "properties": {
        "id": "cmsv3q29i00d8t9re5no7vhbh",
        "name": "BTP El Oued Construction",
        "slug": "btp-el-oued-construction",
        "wilaya": "34",
        "wilayaName": "Tindouf",
        "commune": "El Oued",
        "address": "El Oued, El Oued, Algeria",
        "employeeCount": 175,
        "verificationStatus": "PENDING",
        "hasWebsite": false
      }
    },
    {
      "type": "Feature",
      "geometry": {
        "type": "Point",
        "coordinates": [
          6.8384,
          33.5118
        ]
      },
      "properties": {
        "id": "cmsv3q29k00dat9re0tmqknp7",
        "name": "Société de Tourisme Oasien (STO)",
        "slug": "societe-de-tourisme-oasien-sto",
        "wilaya": "34",
        "wilayaName": "Tindouf",
        "commune": "El Oued",
        "address": "El Oued, El Oued, Algeria",
        "employeeCount": 25,
        "verificationStatus": "PENDING",
        "hasWebsite": true
      }
    },
    {
      "type": "Feature",
      "geometry": {
        "type": "Point",
        "coordinates": [
          6.8963,
          33.4839
        ]
      },
      "properties": {
        "id": "cmsv3q29l00dct9re3q4ngx7f",
        "name": "Unité de Transformation des Produits Agricoles (UTPA)",
        "slug": "unite-de-transformation-des-produits-agricoles-utpa",
        "wilaya": "34",
        "wilayaName": "Tindouf",
        "commune": "Hassi Khalifa",
        "address": "Hassi Khalifa, El Oued, Algeria",
        "employeeCount": 25,
        "verificationStatus": "PENDING",
        "hasWebsite": false
      }
    },
    {
      "type": "Feature",
      "geometry": {
        "type": "Point",
        "coordinates": [
          6.8371,
          33.5328
        ]
      },
      "properties": {
        "id": "cmsv3q29n00det9rehvhp3z92",
        "name": "Coopérative Artisanale des Tapis d'El Oued (CATEO)",
        "slug": "cooperative-artisanale-des-tapis-del-oued-cateo",
        "wilaya": "34",
        "wilayaName": "Tindouf",
        "commune": "El Oued",
        "address": "El Oued, El Oued, Algeria",
        "employeeCount": 75,
        "verificationStatus": "PENDING",
        "hasWebsite": false
      }
    },
    {
      "type": "Feature",
      "geometry": {
        "type": "Point",
        "coordinates": [
          6.8558,
          33.5276
        ]
      },
      "properties": {
        "id": "cmsv3q29o00dgt9re2dyng8c0",
        "name": "Elevage Moderne Saharien (EMS)",
        "slug": "elevage-moderne-saharien-ems",
        "wilaya": "34",
        "wilayaName": "Tindouf",
        "commune": "Reguiba",
        "address": "Reguiba, El Oued, Algeria",
        "employeeCount": 25,
        "verificationStatus": "PENDING",
        "hasWebsite": false
      }
    },
    {
      "type": "Feature",
      "geometry": {
        "type": "Point",
        "coordinates": [
          6.0462,
          33.0972
        ]
      },
      "properties": {
        "id": "cmsv3q29q00dit9ren692yioa",
        "name": "Société d'Exploitation des Phoénicicoles (SEP)",
        "slug": "societe-dexploitation-des-phoenicicoles-sep",
        "wilaya": "34",
        "wilayaName": "Tindouf",
        "commune": "Touggourt",
        "address": "Touggourt, El Oued, Algeria",
        "employeeCount": 25,
        "verificationStatus": "PENDING",
        "hasWebsite": false
      }
    },
    {
      "type": "Feature",
      "geometry": {
        "type": "Point",
        "coordinates": [
          6.8721,
          33.5168
        ]
      },
      "properties": {
        "id": "cmsv3q29r00dkt9rexbua4y91",
        "name": "Dattes & Délices d'Orient (DDO)",
        "slug": "dattes-delices-dorient-ddo",
        "wilaya": "34",
        "wilayaName": "Tindouf",
        "commune": "El Oued",
        "address": "El Oued, El Oued, Algeria",
        "employeeCount": 25,
        "verificationStatus": "PENDING",
        "hasWebsite": true
      }
    },
    {
      "type": "Feature",
      "geometry": {
        "type": "Point",
        "coordinates": [
          6.8697,
          33.4933
        ]
      },
      "properties": {
        "id": "cmsv3q29s00dmt9re5ac1r5si",
        "name": "Matériels Agricoles du Sud (MAS)",
        "slug": "materiels-agricoles-du-sud-mas",
        "wilaya": "34",
        "wilayaName": "Tindouf",
        "commune": "El Oued",
        "address": "El Oued, El Oued, Algeria",
        "employeeCount": 25,
        "verificationStatus": "PENDING",
        "hasWebsite": false
      }
    },
    {
      "type": "Feature",
      "geometry": {
        "type": "Point",
        "coordinates": [
          6.8805,
          33.5258
        ]
      },
      "properties": {
        "id": "cmsv3q29u00dot9re7nacqqsm",
        "name": "Transport Logistique Saharien (TLS)",
        "slug": "transport-logistique-saharien-tls",
        "wilaya": "34",
        "wilayaName": "Tindouf",
        "commune": "El Oued",
        "address": "El Oued, El Oued, Algeria",
        "employeeCount": 75,
        "verificationStatus": "PENDING",
        "hasWebsite": false
      }
    },
    {
      "type": "Feature",
      "geometry": {
        "type": "Point",
        "coordinates": [
          6.8505,
          33.5345
        ]
      },
      "properties": {
        "id": "cmsv3q29v00dqt9re266cazdv",
        "name": "Huilerie Moderne d'El Oued (HMEO)",
        "slug": "huilerie-moderne-del-oued-hmeo",
        "wilaya": "34",
        "wilayaName": "Tindouf",
        "commune": "Bayadha",
        "address": "Bayadha, El Oued, Algeria",
        "employeeCount": 25,
        "verificationStatus": "PENDING",
        "hasWebsite": false
      }
    },
    {
      "type": "Feature",
      "geometry": {
        "type": "Point",
        "coordinates": [
          6.8502,
          33.5078
        ]
      },
      "properties": {
        "id": "cmsv3q29w00dst9reepsm8x9e",
        "name": "Société Immobilière du Grand El Oued (SIGEO)",
        "slug": "societe-immobiliere-du-grand-el-oued-sigeo",
        "wilaya": "34",
        "wilayaName": "Tindouf",
        "commune": "El Oued",
        "address": "El Oued, El Oued, Algeria",
        "employeeCount": 25,
        "verificationStatus": "PENDING",
        "hasWebsite": false
      }
    },
    {
      "type": "Feature",
      "geometry": {
        "type": "Point",
        "coordinates": [
          6.8739,
          33.5251
        ]
      },
      "properties": {
        "id": "cmsv3q29y00dut9rev0c6y0wb",
        "name": "Coopérative Laitière de Reguiba (CLR)",
        "slug": "cooperative-laitiere-de-reguiba-clr",
        "wilaya": "34",
        "wilayaName": "Tindouf",
        "commune": "Reguiba",
        "address": "Reguiba, El Oued, Algeria",
        "employeeCount": 25,
        "verificationStatus": "PENDING",
        "hasWebsite": false
      }
    },
    {
      "type": "Feature",
      "geometry": {
        "type": "Point",
        "coordinates": [
          6.856,
          33.5263
        ]
      },
      "properties": {
        "id": "cmsv3q29z00dwt9readn44ggk",
        "name": "Pépinière des Palmiers du Sud (PPS)",
        "slug": "pepiniere-des-palmiers-du-sud-pps",
        "wilaya": "34",
        "wilayaName": "Tindouf",
        "commune": "El M'Ghair",
        "address": "El M'Ghair, El Oued, Algeria",
        "employeeCount": 25,
        "verificationStatus": "PENDING",
        "hasWebsite": false
      }
    },
    {
      "type": "Feature",
      "geometry": {
        "type": "Point",
        "coordinates": [
          6.8593,
          33.4972
        ]
      },
      "properties": {
        "id": "cmsv3q2a100dyt9recnjk2kos",
        "name": "Entreprise Générale de Travaux Publics (EGTP-El Oued)",
        "slug": "entreprise-generale-de-travaux-publics-egtp-el-oued",
        "wilaya": "34",
        "wilayaName": "Tindouf",
        "commune": "El Oued",
        "address": "El Oued, El Oued, Algeria",
        "employeeCount": 25,
        "verificationStatus": "PENDING",
        "hasWebsite": false
      }
    },
    {
      "type": "Feature",
      "geometry": {
        "type": "Point",
        "coordinates": [
          6.0866,
          33.125
        ]
      },
      "properties": {
        "id": "cmsv3q2a200e0t9retzvstzlp",
        "name": "Société de Conditionnement des Dattes (SCD)",
        "slug": "societe-de-conditionnement-des-dattes-scd",
        "wilaya": "34",
        "wilayaName": "Tindouf",
        "commune": "Touggourt",
        "address": "Touggourt, El Oued, Algeria",
        "employeeCount": 25,
        "verificationStatus": "PENDING",
        "hasWebsite": false
      }
    },
    {
      "type": "Feature",
      "geometry": {
        "type": "Point",
        "coordinates": [
          6.8869,
          33.5193
        ]
      },
      "properties": {
        "id": "cmsv3q2a400e2t9re64bdzd1y",
        "name": "Agence de Voyages Oasis Sahara (AVOS)",
        "slug": "agence-de-voyages-oasis-sahara-avos",
        "wilaya": "34",
        "wilayaName": "Tindouf",
        "commune": "El Oued",
        "address": "El Oued, El Oued, Algeria",
        "employeeCount": 25,
        "verificationStatus": "PENDING",
        "hasWebsite": false
      }
    },
    {
      "type": "Feature",
      "geometry": {
        "type": "Point",
        "coordinates": [
          6.8905,
          33.4975
        ]
      },
      "properties": {
        "id": "cmsv3q2a500e4t9re6daivs96",
        "name": "Société des Eaux Minérales d'El Oued (SEMEO)",
        "slug": "societe-des-eaux-minerales-del-oued-semeo",
        "wilaya": "34",
        "wilayaName": "Tindouf",
        "commune": "El Oued",
        "address": "El Oued, El Oued, Algeria",
        "employeeCount": 75,
        "verificationStatus": "PENDING",
        "hasWebsite": false
      }
    },
    {
      "type": "Feature",
      "geometry": {
        "type": "Point",
        "coordinates": [
          6.0739,
          33.0972
        ]
      },
      "properties": {
        "id": "cmsv3q2a600e6t9reu2fz6cdv",
        "name": "Atelier de Tapisserie Traditionnelle ATT-Touggourt",
        "slug": "atelier-de-tapisserie-traditionnelle-att-touggourt",
        "wilaya": "34",
        "wilayaName": "Tindouf",
        "commune": "Touggourt",
        "address": "Touggourt, El Oued, Algeria",
        "employeeCount": 25,
        "verificationStatus": "PENDING",
        "hasWebsite": false
      }
    },
    {
      "type": "Feature",
      "geometry": {
        "type": "Point",
        "coordinates": [
          6.9282,
          33.4854
        ]
      },
      "properties": {
        "id": "cmsv3q2a800e8t9re4u1t8r01",
        "name": "Ferme Intégrée des Végétaux (FIV)",
        "slug": "ferme-integree-des-vegetaux-fiv",
        "wilaya": "34",
        "wilayaName": "Tindouf",
        "commune": "Debila",
        "address": "Debila, El Oued, Algeria",
        "employeeCount": 25,
        "verificationStatus": "PENDING",
        "hasWebsite": false
      }
    },
    {
      "type": "Feature",
      "geometry": {
        "type": "Point",
        "coordinates": [
          6.8869,
          33.5168
        ]
      },
      "properties": {
        "id": "cmsv3q2a900eat9reg7ltw679",
        "name": "Société d'Électrosoudage et Métallerie (SEM-El Oued)",
        "slug": "societe-delectrosoudage-et-metallerie-sem-el-oued",
        "wilaya": "34",
        "wilayaName": "Tindouf",
        "commune": "El Oued",
        "address": "El Oued, El Oued, Algeria",
        "employeeCount": 25,
        "verificationStatus": "PENDING",
        "hasWebsite": false
      }
    },
    {
      "type": "Feature",
      "geometry": {
        "type": "Point",
        "coordinates": [
          6.8988,
          33.4885
        ]
      },
      "properties": {
        "id": "cmsv3q2aa00ect9reulcqv9rp",
        "name": "Commerce Général du Sud (CGS)",
        "slug": "commerce-general-du-sud-cgs",
        "wilaya": "34",
        "wilayaName": "Tindouf",
        "commune": "El Oued",
        "address": "El Oued, El Oued, Algeria",
        "employeeCount": 75,
        "verificationStatus": "PENDING",
        "hasWebsite": false
      }
    },
    {
      "type": "Feature",
      "geometry": {
        "type": "Point",
        "coordinates": [
          6.8745,
          33.5018
        ]
      },
      "properties": {
        "id": "cmsv3q2ac00eet9redbejl3lb",
        "name": "Station Service et Carburants Sahariens (SCS)",
        "slug": "station-service-et-carburants-sahariens-scs",
        "wilaya": "34",
        "wilayaName": "Tindouf",
        "commune": "El Oued",
        "address": "El Oued, El Oued, Algeria",
        "employeeCount": 25,
        "verificationStatus": "PENDING",
        "hasWebsite": false
      }
    },
    {
      "type": "Feature",
      "geometry": {
        "type": "Point",
        "coordinates": [
          6.8626,
          33.5352
        ]
      },
      "properties": {
        "id": "cmsv3q2ad00egt9re118ma3pb",
        "name": "Laboratoire d'Analyses et Contrôle Qualité (LACQ)",
        "slug": "laboratoire-danalyses-et-controle-qualite-lacq",
        "wilaya": "34",
        "wilayaName": "Tindouf",
        "commune": "El Oued",
        "address": "El Oued, El Oued, Algeria",
        "employeeCount": 25,
        "verificationStatus": "PENDING",
        "hasWebsite": false
      }
    },
    {
      "type": "Feature",
      "geometry": {
        "type": "Point",
        "coordinates": [
          6.8513,
          33.512
        ]
      },
      "properties": {
        "id": "cmsv3q2af00eit9re7tnlir81",
        "name": "Société Froid et Climatisation du Sud (SFCS)",
        "slug": "societe-froid-et-climatisation-du-sud-sfcs",
        "wilaya": "34",
        "wilayaName": "Tindouf",
        "commune": "El Oued",
        "address": "El Oued, El Oued, Algeria",
        "employeeCount": 25,
        "verificationStatus": "PENDING",
        "hasWebsite": false
      }
    },
    {
      "type": "Feature",
      "geometry": {
        "type": "Point",
        "coordinates": [
          6.0435,
          33.0862
        ]
      },
      "properties": {
        "id": "cmsv3q2ag00ekt9rew87dyoz1",
        "name": "Établissement Benyamina pour les Dattes (EBD)",
        "slug": "etablissement-benyamina-pour-les-dattes-ebd",
        "wilaya": "34",
        "wilayaName": "Tindouf",
        "commune": "Touggourt",
        "address": "Touggourt, El Oued, Algeria",
        "employeeCount": 25,
        "verificationStatus": "PENDING",
        "hasWebsite": false
      }
    },
    {
      "type": "Feature",
      "geometry": {
        "type": "Point",
        "coordinates": [
          6.8536,
          33.5164
        ]
      },
      "properties": {
        "id": "cmsv3q2ah00emt9reko08pfba",
        "name": "Centre de Formation Professionnelle Agricole (CFPA-El Oued)",
        "slug": "centre-de-formation-professionnelle-agricole-cfpa-el-oued",
        "wilaya": "34",
        "wilayaName": "Tindouf",
        "commune": "El Oued",
        "address": "El Oued, El Oued, Algeria",
        "employeeCount": 75,
        "verificationStatus": "PENDING",
        "hasWebsite": false
      }
    },
    {
      "type": "Feature",
      "geometry": {
        "type": "Point",
        "coordinates": [
          8.3733,
          36.791
        ]
      },
      "properties": {
        "id": "cmsv3q2aj00eot9reiw9at7st",
        "name": "CAP CIGLEB FISH EXPORT",
        "slug": "cap-cigleb-fish-export",
        "wilaya": "46",
        "wilayaName": "El M'Ghair",
        "commune": "El Kala",
        "address": "El Kala, Wilaya 46, Algeria",
        "employeeCount": 25,
        "verificationStatus": "PENDING",
        "hasWebsite": false
      }
    },
    {
      "type": "Feature",
      "geometry": {
        "type": "Point",
        "coordinates": [
          -2.451,
          33.4604
        ]
      },
      "properties": {
        "id": "cmsv3q2ak00eqt9relahn3lmu",
        "name": "SACA - Société Algérienne de Conserves Alimentaires",
        "slug": "saca-societe-algerienne-de-conserves-alimentaires",
        "wilaya": "46",
        "wilayaName": "El M'Ghair",
        "commune": "Besbes",
        "address": "Besbes, Wilaya 46, Algeria",
        "employeeCount": 75,
        "verificationStatus": "PENDING",
        "hasWebsite": false
      }
    },
    {
      "type": "Feature",
      "geometry": {
        "type": "Point",
        "coordinates": [
          8.2421,
          36.7559
        ]
      },
      "properties": {
        "id": "cmsv3q2am00est9reqj3d3wlr",
        "name": "CARA - Conserverie Alimentaire Racherache Abderrazzek",
        "slug": "cara-conserverie-alimentaire-racherache-abderrazzek",
        "wilaya": "46",
        "wilayaName": "El M'Ghair",
        "commune": "Ben M'hidi",
        "address": "Ben M'hidi, Wilaya 46, Algeria",
        "employeeCount": 25,
        "verificationStatus": "PENDING",
        "hasWebsite": true
      }
    },
    {
      "type": "Feature",
      "geometry": {
        "type": "Point",
        "coordinates": [
          8.2555,
          36.7322
        ]
      },
      "properties": {
        "id": "cmsv3q2ap00eut9reudai21vz",
        "name": "BIOCARE Industrie Pharmaceutique",
        "slug": "biocare-industrie-pharmaceutique",
        "wilaya": "46",
        "wilayaName": "El M'Ghair",
        "commune": "Ben M'hidi",
        "address": "Ben M'hidi, Wilaya 46, Algeria",
        "employeeCount": 25,
        "verificationStatus": "PENDING",
        "hasWebsite": true
      }
    },
    {
      "type": "Feature",
      "geometry": {
        "type": "Point",
        "coordinates": [
          -2.5958,
          33.7781
        ]
      },
      "properties": {
        "id": "cmsv3q2ar00ewt9rex92xwyey",
        "name": "EAST LIGHTING",
        "slug": "east-lighting",
        "wilaya": "46",
        "wilayaName": "El M'Ghair",
        "commune": "El Taref",
        "address": "El Taref, Wilaya 46, Algeria",
        "employeeCount": 25,
        "verificationStatus": "PENDING",
        "hasWebsite": false
      }
    },
    {
      "type": "Feature",
      "geometry": {
        "type": "Point",
        "coordinates": [
          8.3408,
          36.7532
        ]
      },
      "properties": {
        "id": "cmsv3q2as00eyt9regmggt2ew",
        "name": "GALVA TUBE Annaba - Usine El Tarf",
        "slug": "galva-tube-annaba-usine-el-tarf",
        "wilaya": "31",
        "wilayaName": "Ouargla",
        "commune": "El Tarf",
        "address": "El Tarf, El Tarf, Algeria",
        "employeeCount": 75,
        "verificationStatus": "PENDING",
        "hasWebsite": true
      }
    },
    {
      "type": "Feature",
      "geometry": {
        "type": "Point",
        "coordinates": [
          8.3437,
          36.8165
        ]
      },
      "properties": {
        "id": "cmsv3q2au00f0t9rexlb3rb8n",
        "name": "SOCOSIM - Société de Construction des Cités Modernes",
        "slug": "socosim-societe-de-construction-des-cites-modernes",
        "wilaya": "46",
        "wilayaName": "El M'Ghair",
        "commune": "El Kala",
        "address": "El Kala, Wilaya 46, Algeria",
        "employeeCount": 25,
        "verificationStatus": "PENDING",
        "hasWebsite": false
      }
    },
    {
      "type": "Feature",
      "geometry": {
        "type": "Point",
        "coordinates": [
          -3.2765,
          33.0832
        ]
      },
      "properties": {
        "id": "cmsv3q2aw00f2t9re4saowh2v",
        "name": "EL KHOULOUD SARL",
        "slug": "el-khouloud-sarl",
        "wilaya": "46",
        "wilayaName": "El M'Ghair",
        "commune": "Ain El Assel",
        "address": "Ain El Assel, Wilaya 46, Algeria",
        "employeeCount": 25,
        "verificationStatus": "PENDING",
        "hasWebsite": false
      }
    },
    {
      "type": "Feature",
      "geometry": {
        "type": "Point",
        "coordinates": [
          -2.9854,
          33.2976
        ]
      },
      "properties": {
        "id": "cmsv3q2ax00f4t9reib4qt8u7",
        "name": "Conserverie Agroalimentaire LALA SALHA",
        "slug": "conserverie-agroalimentaire-lala-salha",
        "wilaya": "46",
        "wilayaName": "El M'Ghair",
        "commune": "Besbes",
        "address": "Besbes, Wilaya 46, Algeria",
        "employeeCount": 25,
        "verificationStatus": "PENDING",
        "hasWebsite": false
      }
    },
    {
      "type": "Feature",
      "geometry": {
        "type": "Point",
        "coordinates": [
          -2.9249,
          33.6133
        ]
      },
      "properties": {
        "id": "cmsv3q2ba00f6t9reapnzdt3j",
        "name": "ATC ATTABI SARL",
        "slug": "atc-attabi-sarl",
        "wilaya": "46",
        "wilayaName": "El M'Ghair",
        "commune": "Drean",
        "address": "Drean, Wilaya 46, Algeria",
        "employeeCount": 25,
        "verificationStatus": "PENDING",
        "hasWebsite": true
      }
    },
    {
      "type": "Feature",
      "geometry": {
        "type": "Point",
        "coordinates": [
          -3.2415,
          33.4375
        ]
      },
      "properties": {
        "id": "cmsv3q2bc00f8t9re48ki78h8",
        "name": "Royale Conserverie Alimentaire (RCA)",
        "slug": "royale-conserverie-alimentaire-rca",
        "wilaya": "46",
        "wilayaName": "El M'Ghair",
        "commune": "Besbes",
        "address": "Besbes, Wilaya 46, Algeria",
        "employeeCount": 25,
        "verificationStatus": "PENDING",
        "hasWebsite": false
      }
    },
    {
      "type": "Feature",
      "geometry": {
        "type": "Point",
        "coordinates": [
          -2.4104,
          33.847
        ]
      },
      "properties": {
        "id": "cmsv3q2bd00fat9reb3usvlsl",
        "name": "EL MORDJANE TOURS",
        "slug": "el-mordjane-tours",
        "wilaya": "46",
        "wilayaName": "El M'Ghair",
        "commune": "El Taref",
        "address": "El Taref, Wilaya 46, Algeria",
        "employeeCount": 25,
        "verificationStatus": "PENDING",
        "hasWebsite": false
      }
    },
    {
      "type": "Feature",
      "geometry": {
        "type": "Point",
        "coordinates": [
          -2.3883,
          33.8364
        ]
      },
      "properties": {
        "id": "cmsv3q2bf00fct9rem8b1c5tj",
        "name": "Coquillage Voyages & Tourisme",
        "slug": "coquillage-voyages-tourisme",
        "wilaya": "46",
        "wilayaName": "El M'Ghair",
        "commune": "El Taref",
        "address": "El Taref, Wilaya 46, Algeria",
        "employeeCount": 25,
        "verificationStatus": "PENDING",
        "hasWebsite": false
      }
    },
    {
      "type": "Feature",
      "geometry": {
        "type": "Point",
        "coordinates": [
          -3.3611,
          33.4007
        ]
      },
      "properties": {
        "id": "cmsv3q2bh00fet9rejpqs358k",
        "name": "BOUNOUALA TOURISME",
        "slug": "bounouala-tourisme",
        "wilaya": "46",
        "wilayaName": "El M'Ghair",
        "commune": "El Taref",
        "address": "El Taref, Wilaya 46, Algeria",
        "employeeCount": 25,
        "verificationStatus": "PENDING",
        "hasWebsite": true
      }
    },
    {
      "type": "Feature",
      "geometry": {
        "type": "Point",
        "coordinates": [
          8.2544,
          36.7322
        ]
      },
      "properties": {
        "id": "cmsv3q2bj00fgt9re6wf59f7h",
        "name": "Golden Beach Aqua Park Resort",
        "slug": "golden-beach-aqua-park-resort",
        "wilaya": "46",
        "wilayaName": "El M'Ghair",
        "commune": "Ben M'hidi",
        "address": "Ben M'hidi, Wilaya 46, Algeria",
        "employeeCount": 75,
        "verificationStatus": "PENDING",
        "hasWebsite": false
      }
    },
    {
      "type": "Feature",
      "geometry": {
        "type": "Point",
        "coordinates": [
          -2.2956,
          33.5368
        ]
      },
      "properties": {
        "id": "cmsv3q2bk00fit9re073rq8ws",
        "name": "Hotel El Manar",
        "slug": "hotel-el-manar",
        "wilaya": "46",
        "wilayaName": "El M'Ghair",
        "commune": "El Taref",
        "address": "El Taref, Wilaya 46, Algeria",
        "employeeCount": 25,
        "verificationStatus": "PENDING",
        "hasWebsite": false
      }
    },
    {
      "type": "Feature",
      "geometry": {
        "type": "Point",
        "coordinates": [
          8.3638,
          36.7946
        ]
      },
      "properties": {
        "id": "cmsv3q2bm00fkt9rebu206uk0",
        "name": "Hotel El Mehdi",
        "slug": "hotel-el-mehdi",
        "wilaya": "46",
        "wilayaName": "El M'Ghair",
        "commune": "El Kala",
        "address": "El Kala, Wilaya 46, Algeria",
        "employeeCount": 25,
        "verificationStatus": "PENDING",
        "hasWebsite": false
      }
    },
    {
      "type": "Feature",
      "geometry": {
        "type": "Point",
        "coordinates": [
          -3.2378,
          33.6799
        ]
      },
      "properties": {
        "id": "cmsv3q2bv00fmt9redyr4zh4r",
        "name": "RELAIS BEN BADIS",
        "slug": "relais-ben-badis",
        "wilaya": "46",
        "wilayaName": "El M'Ghair",
        "commune": "El Taref",
        "address": "El Taref, Wilaya 46, Algeria",
        "employeeCount": 25,
        "verificationStatus": "PENDING",
        "hasWebsite": false
      }
    },
    {
      "type": "Feature",
      "geometry": {
        "type": "Point",
        "coordinates": [
          -2.8139,
          33.4567
        ]
      },
      "properties": {
        "id": "cmsv3q2bw00fot9ren0m6zsa6",
        "name": "ELI TRAV Services",
        "slug": "eli-trav-services",
        "wilaya": "46",
        "wilayaName": "El M'Ghair",
        "commune": "El Taref",
        "address": "El Taref, Wilaya 46, Algeria",
        "employeeCount": 25,
        "verificationStatus": "PENDING",
        "hasWebsite": false
      }
    },
    {
      "type": "Feature",
      "geometry": {
        "type": "Point",
        "coordinates": [
          8.3799,
          36.8263
        ]
      },
      "properties": {
        "id": "cmsv3q2by00fqt9refzy3uono",
        "name": "Cave Coopérative Viticole d'El Kala",
        "slug": "cave-cooperative-viticole-del-kala",
        "wilaya": "46",
        "wilayaName": "El M'Ghair",
        "commune": "El Kala",
        "address": "El Kala, Wilaya 46, Algeria",
        "employeeCount": 25,
        "verificationStatus": "PENDING",
        "hasWebsite": false
      }
    },
    {
      "type": "Feature",
      "geometry": {
        "type": "Point",
        "coordinates": [
          8.2858,
          36.7367
        ]
      },
      "properties": {
        "id": "cmsv3q2bz00fst9reaar9lqjv",
        "name": "Exploitation Agricole Les Citronniers d'El Tarf",
        "slug": "exploitation-agricole-les-citronniers-del-tarf",
        "wilaya": "31",
        "wilayaName": "Ouargla",
        "commune": "El Aioun",
        "address": "El Aioun, El Tarf, Algeria",
        "employeeCount": 75,
        "verificationStatus": "PENDING",
        "hasWebsite": false
      }
    },
    {
      "type": "Feature",
      "geometry": {
        "type": "Point",
        "coordinates": [
          -2.961,
          33.1294
        ]
      },
      "properties": {
        "id": "cmsv3q2c100fut9rewdnq452n",
        "name": "Ferme Avicole du Levant",
        "slug": "ferme-avicole-du-levant",
        "wilaya": "46",
        "wilayaName": "El M'Ghair",
        "commune": "Bouhadjar",
        "address": "Bouhadjar, Wilaya 46, Algeria",
        "employeeCount": 25,
        "verificationStatus": "PENDING",
        "hasWebsite": false
      }
    },
    {
      "type": "Feature",
      "geometry": {
        "type": "Point",
        "coordinates": [
          8.3174,
          36.8125
        ]
      },
      "properties": {
        "id": "cmsv3q2c200fwt9renpmqcvw1",
        "name": "Société de Pêche Maritime EL MARSA",
        "slug": "societe-de-peche-maritime-el-marsa",
        "wilaya": "46",
        "wilayaName": "El M'Ghair",
        "commune": "El Kala",
        "address": "El Kala, Wilaya 46, Algeria",
        "employeeCount": 25,
        "verificationStatus": "PENDING",
        "hasWebsite": false
      }
    },
    {
      "type": "Feature",
      "geometry": {
        "type": "Point",
        "coordinates": [
          8.3555,
          36.811
        ]
      },
      "properties": {
        "id": "cmsv3q2c400fyt9req372y6pk",
        "name": "Unité de Transformation Halieutique EL KALA FISH",
        "slug": "unite-de-transformation-halieutique-el-kala-fish",
        "wilaya": "46",
        "wilayaName": "El M'Ghair",
        "commune": "El Kala",
        "address": "El Kala, Wilaya 46, Algeria",
        "employeeCount": 75,
        "verificationStatus": "PENDING",
        "hasWebsite": false
      }
    },
    {
      "type": "Feature",
      "geometry": {
        "type": "Point",
        "coordinates": [
          8.302,
          36.772
        ]
      },
      "properties": {
        "id": "cmsv3q2c600g0t9reh64bol1s",
        "name": "Huilerie Moderne d'El Tarf",
        "slug": "huilerie-moderne-del-tarf",
        "wilaya": "31",
        "wilayaName": "Ouargla",
        "commune": "Ain El Assel",
        "address": "Ain El Assel, El Tarf, Algeria",
        "employeeCount": 25,
        "verificationStatus": "PENDING",
        "hasWebsite": false
      }
    },
    {
      "type": "Feature",
      "geometry": {
        "type": "Point",
        "coordinates": [
          -3.1997,
          33.5956
        ]
      },
      "properties": {
        "id": "cmsv3q2c700g2t9redcaj3msj",
        "name": "Transports Routiers du Sud-Est (TRSE)",
        "slug": "transports-routiers-du-sud-est-trse",
        "wilaya": "46",
        "wilayaName": "El M'Ghair",
        "commune": "El Taref",
        "address": "El Taref, Wilaya 46, Algeria",
        "employeeCount": 25,
        "verificationStatus": "PENDING",
        "hasWebsite": false
      }
    },
    {
      "type": "Feature",
      "geometry": {
        "type": "Point",
        "coordinates": [
          -2.998,
          33.8583
        ]
      },
      "properties": {
        "id": "cmsv3q2c900g4t9relfj5tjzv",
        "name": "Carrières et Granulats de Bouhadjar",
        "slug": "carrieres-et-granulats-de-bouhadjar",
        "wilaya": "46",
        "wilayaName": "El M'Ghair",
        "commune": "Bouhadjar",
        "address": "Bouhadjar, Wilaya 46, Algeria",
        "employeeCount": 25,
        "verificationStatus": "PENDING",
        "hasWebsite": false
      }
    },
    {
      "type": "Feature",
      "geometry": {
        "type": "Point",
        "coordinates": [
          7.4211,
          36.472
        ]
      },
      "properties": {
        "id": "cmsv3q2cb00g6t9reqonj4foy",
        "name": "Complexe de Conserves de Guelma (CCG)",
        "slug": "complexe-de-conserves-de-guelma-ccg",
        "wilaya": "24",
        "wilayaName": "Annaba",
        "commune": "Guelma",
        "address": "Guelma, Guelma, Algeria",
        "employeeCount": 750,
        "verificationStatus": "PENDING",
        "hasWebsite": false
      }
    },
    {
      "type": "Feature",
      "geometry": {
        "type": "Point",
        "coordinates": [
          7.4388,
          36.4471
        ]
      },
      "properties": {
        "id": "cmsv3q2cd00g8t9reko7eyvf5",
        "name": "Huilerie Moderne de Guelma (HMG)",
        "slug": "huilerie-moderne-de-guelma-hmg",
        "wilaya": "24",
        "wilayaName": "Annaba",
        "commune": "Guelma",
        "address": "Guelma, Guelma, Algeria",
        "employeeCount": 75,
        "verificationStatus": "PENDING",
        "hasWebsite": false
      }
    },
    {
      "type": "Feature",
      "geometry": {
        "type": "Point",
        "coordinates": [
          7.2438,
          36.1586
        ]
      },
      "properties": {
        "id": "cmsv3q2cf00gat9rem0z0cr6t",
        "name": "Société des Ciments de Guelma (SCG)",
        "slug": "societe-des-ciments-de-guelma-scg",
        "wilaya": "24",
        "wilayaName": "Annaba",
        "commune": "Oued Zenati",
        "address": "Oued Zenati, Guelma, Algeria",
        "employeeCount": 375,
        "verificationStatus": "PENDING",
        "hasWebsite": false
      }
    },
    {
      "type": "Feature",
      "geometry": {
        "type": "Point",
        "coordinates": [
          7.3982,
          36.4549
        ]
      },
      "properties": {
        "id": "cmsv3q2ch00gct9re78wg4rwe",
        "name": "Mine de Gypse Rouge de Guelma (MGRG)",
        "slug": "mine-de-gypse-rouge-de-guelma-mgrg",
        "wilaya": "24",
        "wilayaName": "Annaba",
        "commune": "Ain Makhlouf",
        "address": "Ain Makhlouf, Guelma, Algeria",
        "employeeCount": 175,
        "verificationStatus": "PENDING",
        "hasWebsite": false
      }
    },
    {
      "type": "Feature",
      "geometry": {
        "type": "Point",
        "coordinates": [
          7.4323,
          36.4467
        ]
      },
      "properties": {
        "id": "cmsv3q2ci00get9re2mbwp88y",
        "name": "Textile Guelma Industrie (TGI)",
        "slug": "textile-guelma-industrie-tgi",
        "wilaya": "24",
        "wilayaName": "Annaba",
        "commune": "Guelma",
        "address": "Guelma, Guelma, Algeria",
        "employeeCount": 375,
        "verificationStatus": "PENDING",
        "hasWebsite": false
      }
    },
    {
      "type": "Feature",
      "geometry": {
        "type": "Point",
        "coordinates": [
          7.3911,
          36.4771
        ]
      },
      "properties": {
        "id": "cmsv3q2ck00ggt9re5eya1ooz",
        "name": "Distillerie des Vins de Guelma (DVG)",
        "slug": "distillerie-des-vins-de-guelma-dvg",
        "wilaya": "24",
        "wilayaName": "Annaba",
        "commune": "Guelma",
        "address": "Guelma, Guelma, Algeria",
        "employeeCount": 175,
        "verificationStatus": "PENDING",
        "hasWebsite": false
      }
    },
    {
      "type": "Feature",
      "geometry": {
        "type": "Point",
        "coordinates": [
          7.3949,
          36.4822
        ]
      },
      "properties": {
        "id": "cmsv3q2cl00git9rec4loekaz",
        "name": "Ets Thermes Hammam N'Bails (ETHNB)",
        "slug": "ets-thermes-hammam-nbails-ethnb",
        "wilaya": "24",
        "wilayaName": "Annaba",
        "commune": "Hammam N'Bails",
        "address": "Hammam N'Bails, Guelma, Algeria",
        "employeeCount": 175,
        "verificationStatus": "PENDING",
        "hasWebsite": true
      }
    },
    {
      "type": "Feature",
      "geometry": {
        "type": "Point",
        "coordinates": [
          7.3913,
          36.4813
        ]
      },
      "properties": {
        "id": "cmsv3q2co00gkt9re5utlv93i",
        "name": "Société Agricole de Guelma (SAG)",
        "slug": "societe-agricole-de-guelma-sag",
        "wilaya": "24",
        "wilayaName": "Annaba",
        "commune": "Guelma",
        "address": "Guelma, Guelma, Algeria",
        "employeeCount": 75,
        "verificationStatus": "PENDING",
        "hasWebsite": false
      }
    },
    {
      "type": "Feature",
      "geometry": {
        "type": "Point",
        "coordinates": [
          7.3968,
          36.4587
        ]
      },
      "properties": {
        "id": "cmsv3q2cq00gmt9re5jqgalep",
        "name": "Citrus Guelma Export (CGE)",
        "slug": "citrus-guelma-export-cge",
        "wilaya": "24",
        "wilayaName": "Annaba",
        "commune": "Ain Hessania",
        "address": "Ain Hessania, Guelma, Algeria",
        "employeeCount": 25,
        "verificationStatus": "PENDING",
        "hasWebsite": false
      }
    },
    {
      "type": "Feature",
      "geometry": {
        "type": "Point",
        "coordinates": [
          7.4371,
          36.4486
        ]
      },
      "properties": {
        "id": "cmsv3q2cr00got9retbzuyccd",
        "name": "Boulangerie Industrielle de Guelma (BIG)",
        "slug": "boulangerie-industrielle-de-guelma-big",
        "wilaya": "24",
        "wilayaName": "Annaba",
        "commune": "Guelma",
        "address": "Guelma, Guelma, Algeria",
        "employeeCount": 75,
        "verificationStatus": "PENDING",
        "hasWebsite": false
      }
    },
    {
      "type": "Feature",
      "geometry": {
        "type": "Point",
        "coordinates": [
          7.4164,
          36.4462
        ]
      },
      "properties": {
        "id": "cmsv3q2cs00gqt9re8yeoqrnt",
        "name": "SARL BTP Guelma Construction",
        "slug": "sarl-btp-guelma-construction",
        "wilaya": "24",
        "wilayaName": "Annaba",
        "commune": "Guelma",
        "address": "Guelma, Guelma, Algeria",
        "employeeCount": 75,
        "verificationStatus": "PENDING",
        "hasWebsite": false
      }
    },
    {
      "type": "Feature",
      "geometry": {
        "type": "Point",
        "coordinates": [
          7.2874,
          36.1751
        ]
      },
      "properties": {
        "id": "cmsv3q2cu00gst9rexq238sd4",
        "name": "Coopérative Céréalière de Oued Zenati (CCOZ)",
        "slug": "cooperative-cerealiere-de-oued-zenati-ccoz",
        "wilaya": "24",
        "wilayaName": "Annaba",
        "commune": "Oued Zenati",
        "address": "Oued Zenati, Guelma, Algeria",
        "employeeCount": 25,
        "verificationStatus": "PENDING",
        "hasWebsite": false
      }
    },
    {
      "type": "Feature",
      "geometry": {
        "type": "Point",
        "coordinates": [
          7.4492,
          36.4476
        ]
      },
      "properties": {
        "id": "cmsv3q2cv00gut9rejjbxpju3",
        "name": "EURL Oliviera Guelma",
        "slug": "eurl-oliviera-guelma",
        "wilaya": "24",
        "wilayaName": "Annaba",
        "commune": "Bou Hachana",
        "address": "Bou Hachana, Guelma, Algeria",
        "employeeCount": 25,
        "verificationStatus": "PENDING",
        "hasWebsite": false
      }
    },
    {
      "type": "Feature",
      "geometry": {
        "type": "Point",
        "coordinates": [
          7.4323,
          36.4748
        ]
      },
      "properties": {
        "id": "cmsv3q2cw00gwt9re8x6kepom",
        "name": "Transports Guelma Logistique (TGL)",
        "slug": "transports-guelma-logistique-tgl",
        "wilaya": "24",
        "wilayaName": "Annaba",
        "commune": "Guelma",
        "address": "Guelma, Guelma, Algeria",
        "employeeCount": 25,
        "verificationStatus": "PENDING",
        "hasWebsite": false
      }
    },
    {
      "type": "Feature",
      "geometry": {
        "type": "Point",
        "coordinates": [
          7.406,
          36.4504
        ]
      },
      "properties": {
        "id": "cmsv3q2cx00gyt9resugryfkp",
        "name": "SARL Matériaux de Construction Guelma (MCG)",
        "slug": "sarl-materiaux-de-construction-guelma-mcg",
        "wilaya": "24",
        "wilayaName": "Annaba",
        "commune": "Guelma",
        "address": "Guelma, Guelma, Algeria",
        "employeeCount": 25,
        "verificationStatus": "PENDING",
        "hasWebsite": false
      }
    },
    {
      "type": "Feature",
      "geometry": {
        "type": "Point",
        "coordinates": [
          7.3915,
          36.4389
        ]
      },
      "properties": {
        "id": "cmsv3q2cz00h0t9reaw7ryuq1",
        "name": "Fromagerie de Guelma (FG)",
        "slug": "fromagerie-de-guelma-fg",
        "wilaya": "24",
        "wilayaName": "Annaba",
        "commune": "Guelma",
        "address": "Guelma, Guelma, Algeria",
        "employeeCount": 25,
        "verificationStatus": "PENDING",
        "hasWebsite": false
      }
    },
    {
      "type": "Feature",
      "geometry": {
        "type": "Point",
        "coordinates": [
          7.4414,
          36.4865
        ]
      },
      "properties": {
        "id": "cmsv3q2d000h2t9rep4cpzezf",
        "name": "Conserverie de Légumes Guelma (CLG)",
        "slug": "conserverie-de-legumes-guelma-clg",
        "wilaya": "24",
        "wilayaName": "Annaba",
        "commune": "Ain Makhlouf",
        "address": "Ain Makhlouf, Guelma, Algeria",
        "employeeCount": 25,
        "verificationStatus": "PENDING",
        "hasWebsite": false
      }
    },
    {
      "type": "Feature",
      "geometry": {
        "type": "Point",
        "coordinates": [
          7.4408,
          36.4457
        ]
      },
      "properties": {
        "id": "cmsv3q2d100h4t9re1soipgcu",
        "name": "Agence Immobilière Guelma Promotion (AIGP)",
        "slug": "agence-immobiliere-guelma-promotion-aigp",
        "wilaya": "00",
        "wilayaName": "00",
        "commune": "Guelma",
        "address": "Guelma, Unknown, Algeria",
        "employeeCount": 25,
        "verificationStatus": "PENDING",
        "hasWebsite": false
      }
    },
    {
      "type": "Feature",
      "geometry": {
        "type": "Point",
        "coordinates": [
          7.4182,
          36.4357
        ]
      },
      "properties": {
        "id": "cmsv3q2d300h6t9re5r95yvga",
        "name": "SARL Electro-Ménager Guelma (EMG)",
        "slug": "sarl-electro-menager-guelma-emg",
        "wilaya": "24",
        "wilayaName": "Annaba",
        "commune": "Guelma",
        "address": "Guelma, Guelma, Algeria",
        "employeeCount": 25,
        "verificationStatus": "PENDING",
        "hasWebsite": false
      }
    },
    {
      "type": "Feature",
      "geometry": {
        "type": "Point",
        "coordinates": [
          7.4385,
          36.4814
        ]
      },
      "properties": {
        "id": "cmsv3q2d400h8t9rewusvpj0j",
        "name": "Ets Menuiserie Aluminium Guelma (MAG)",
        "slug": "ets-menuiserie-aluminium-guelma-mag",
        "wilaya": "24",
        "wilayaName": "Annaba",
        "commune": "Guelma",
        "address": "Guelma, Guelma, Algeria",
        "employeeCount": 25,
        "verificationStatus": "PENDING",
        "hasWebsite": false
      }
    },
    {
      "type": "Feature",
      "geometry": {
        "type": "Point",
        "coordinates": [
          7.2739,
          36.1445
        ]
      },
      "properties": {
        "id": "cmsv3q2d500hat9relmddnssd",
        "name": "Société Avicole de Guelma (SAvG)",
        "slug": "societe-avicole-de-guelma-savg",
        "wilaya": "24",
        "wilayaName": "Annaba",
        "commune": "Oued Zenati",
        "address": "Oued Zenati, Guelma, Algeria",
        "employeeCount": 25,
        "verificationStatus": "PENDING",
        "hasWebsite": false
      }
    },
    {
      "type": "Feature",
      "geometry": {
        "type": "Point",
        "coordinates": [
          7.4131,
          36.4638
        ]
      },
      "properties": {
        "id": "cmsv3q2d700hct9reibr1q8mj",
        "name": "Hôtel Les Cascades Guelma",
        "slug": "hotel-les-cascades-guelma",
        "wilaya": "24",
        "wilayaName": "Annaba",
        "commune": "Guelma",
        "address": "Guelma, Guelma, Algeria",
        "employeeCount": 25,
        "verificationStatus": "PENDING",
        "hasWebsite": false
      }
    },
    {
      "type": "Feature",
      "geometry": {
        "type": "Point",
        "coordinates": [
          7.4039,
          36.4637
        ]
      },
      "properties": {
        "id": "cmsv3q2d800het9re2um5qv8o",
        "name": "SARL Plomberie Sanitaire Guelma (PSG)",
        "slug": "sarl-plomberie-sanitaire-guelma-psg",
        "wilaya": "24",
        "wilayaName": "Annaba",
        "commune": "Guelma",
        "address": "Guelma, Guelma, Algeria",
        "employeeCount": 25,
        "verificationStatus": "PENDING",
        "hasWebsite": false
      }
    },
    {
      "type": "Feature",
      "geometry": {
        "type": "Point",
        "coordinates": [
          7.4237,
          36.4463
        ]
      },
      "properties": {
        "id": "cmsv3q2d900hgt9revkerpzw9",
        "name": "EURL Peinture & Décoration Guelma (PDG)",
        "slug": "eurl-peinture-decoration-guelma-pdg",
        "wilaya": "24",
        "wilayaName": "Annaba",
        "commune": "Guelma",
        "address": "Guelma, Guelma, Algeria",
        "employeeCount": 25,
        "verificationStatus": "PENDING",
        "hasWebsite": false
      }
    },
    {
      "type": "Feature",
      "geometry": {
        "type": "Point",
        "coordinates": [
          7.4157,
          36.464
        ]
      },
      "properties": {
        "id": "cmsv3q2db00hit9repl6f40g2",
        "name": "Coopérative Apicole de Guelma (CApG)",
        "slug": "cooperative-apicole-de-guelma-capg",
        "wilaya": "24",
        "wilayaName": "Annaba",
        "commune": "Bou Hachana",
        "address": "Bou Hachana, Guelma, Algeria",
        "employeeCount": 25,
        "verificationStatus": "PENDING",
        "hasWebsite": false
      }
    },
    {
      "type": "Feature",
      "geometry": {
        "type": "Point",
        "coordinates": [
          7.4463,
          36.4477
        ]
      },
      "properties": {
        "id": "cmsv3q2dd00hkt9ref59wtv35",
        "name": "SARL Informatique & Bureau Guelma (IBG)",
        "slug": "sarl-informatique-bureau-guelma-ibg",
        "wilaya": "24",
        "wilayaName": "Annaba",
        "commune": "Guelma",
        "address": "Guelma, Guelma, Algeria",
        "employeeCount": 25,
        "verificationStatus": "PENDING",
        "hasWebsite": false
      }
    },
    {
      "type": "Feature",
      "geometry": {
        "type": "Point",
        "coordinates": [
          7.3942,
          36.4703
        ]
      },
      "properties": {
        "id": "cmsv3q2df00hmt9rez5jg3lzq",
        "name": "Station Service NAFTAL Guelma Centre",
        "slug": "station-service-naftal-guelma-centre",
        "wilaya": "24",
        "wilayaName": "Annaba",
        "commune": "Guelma",
        "address": "Guelma, Guelma, Algeria",
        "employeeCount": 25,
        "verificationStatus": "PENDING",
        "hasWebsite": true
      }
    },
    {
      "type": "Feature",
      "geometry": {
        "type": "Point",
        "coordinates": [
          7.4412,
          36.4575
        ]
      },
      "properties": {
        "id": "cmsv3q2dh00hot9re83trkwu8",
        "name": "Pharmacie Centrale Guelma (PCG)",
        "slug": "pharmacie-centrale-guelma-pcg",
        "wilaya": "24",
        "wilayaName": "Annaba",
        "commune": "Guelma",
        "address": "Guelma, Guelma, Algeria",
        "employeeCount": 25,
        "verificationStatus": "PENDING",
        "hasWebsite": false
      }
    },
    {
      "type": "Feature",
      "geometry": {
        "type": "Point",
        "coordinates": [
          5.7393,
          36.7869
        ]
      },
      "properties": {
        "id": "cmsv3q2dj00hqt9redkpds8ve",
        "name": "Entreprise Portuaire de Djen Djen",
        "slug": "entreprise-portuaire-de-djen-djen",
        "wilaya": "18",
        "wilayaName": "Djelfa",
        "commune": "Djen Djen",
        "address": "Djen Djen, Jijel, Algeria",
        "employeeCount": 750,
        "verificationStatus": "PENDING",
        "hasWebsite": true
      }
    },
    {
      "type": "Feature",
      "geometry": {
        "type": "Point",
        "coordinates": [
          5.736,
          36.8041
        ]
      },
      "properties": {
        "id": "cmsv3q2dq00hst9re90p9ivy4",
        "name": "BIG FISH EURL",
        "slug": "big-fish-eurl",
        "wilaya": "18",
        "wilayaName": "Djelfa",
        "commune": "Jijel",
        "address": "Jijel, Jijel, Algeria",
        "employeeCount": 25,
        "verificationStatus": "PENDING",
        "hasWebsite": false
      }
    },
    {
      "type": "Feature",
      "geometry": {
        "type": "Point",
        "coordinates": [
          5.7539,
          36.8074
        ]
      },
      "properties": {
        "id": "cmsv3q2dr00hut9rez6vaanwv",
        "name": "Chemiserie de Djen Djen (ECJ)",
        "slug": "chemiserie-de-djen-djen-ecj",
        "wilaya": "18",
        "wilayaName": "Djelfa",
        "commune": "Djen Djen",
        "address": "Djen Djen, Jijel, Algeria",
        "employeeCount": 375,
        "verificationStatus": "PENDING",
        "hasWebsite": false
      }
    },
    {
      "type": "Feature",
      "geometry": {
        "type": "Point",
        "coordinates": [
          5.7384,
          36.7742
        ]
      },
      "properties": {
        "id": "cmsv3q2dt00hwt9refk20lr9z",
        "name": "Tannerie Mégisserie Khenifar (TMK)",
        "slug": "tannerie-megisserie-khenifar-tmk",
        "wilaya": "18",
        "wilayaName": "Djelfa",
        "commune": "Jijel",
        "address": "Jijel, Jijel, Algeria",
        "employeeCount": 75,
        "verificationStatus": "PENDING",
        "hasWebsite": false
      }
    },
    {
      "type": "Feature",
      "geometry": {
        "type": "Point",
        "coordinates": [
          5.7469,
          36.8238
        ]
      },
      "properties": {
        "id": "cmsv3q2du00hyt9reoa4so9l4",
        "name": "Algérienne des Cuirs et Dérivés (ACED)",
        "slug": "algerienne-des-cuirs-et-derives-aced",
        "wilaya": "18",
        "wilayaName": "Djelfa",
        "commune": "Jijel",
        "address": "Jijel, Jijel, Algeria",
        "employeeCount": 175,
        "verificationStatus": "PENDING",
        "hasWebsite": false
      }
    },
    {
      "type": "Feature",
      "geometry": {
        "type": "Point",
        "coordinates": [
          5.7233,
          36.8055
        ]
      },
      "properties": {
        "id": "cmsv3q2dw00i0t9redvso671v",
        "name": "ETRBHM BOUBATA RABAH",
        "slug": "etrbhm-boubata-rabah",
        "wilaya": "18",
        "wilayaName": "Djelfa",
        "commune": "Jijel",
        "address": "Jijel, Jijel, Algeria",
        "employeeCount": 25,
        "verificationStatus": "PENDING",
        "hasWebsite": false
      }
    },
    {
      "type": "Feature",
      "geometry": {
        "type": "Point",
        "coordinates": [
          5.7583,
          36.792
        ]
      },
      "properties": {
        "id": "cmsv3q2dx00i2t9reqern88xv",
        "name": "INFRARAIL",
        "slug": "infrarail",
        "wilaya": "18",
        "wilayaName": "Djelfa",
        "commune": "El Milia",
        "address": "El Milia, Jijel, Algeria",
        "employeeCount": 375,
        "verificationStatus": "PENDING",
        "hasWebsite": false
      }
    },
    {
      "type": "Feature",
      "geometry": {
        "type": "Point",
        "coordinates": [
          5.7571,
          36.7941
        ]
      },
      "properties": {
        "id": "cmsv3q2e400i4t9rekyapx2iz",
        "name": "Hôtel Plage d'Or",
        "slug": "hotel-plage-dor",
        "wilaya": "18",
        "wilayaName": "Djelfa",
        "commune": "Jijel",
        "address": "Jijel, Jijel, Algeria",
        "employeeCount": 25,
        "verificationStatus": "PENDING",
        "hasWebsite": false
      }
    },
    {
      "type": "Feature",
      "geometry": {
        "type": "Point",
        "coordinates": [
          5.7628,
          36.797
        ]
      },
      "properties": {
        "id": "cmsv3q2e500i6t9rewnsvnig5",
        "name": "Hôtel El Bey Jijel",
        "slug": "hotel-el-bey-jijel",
        "wilaya": "18",
        "wilayaName": "Djelfa",
        "commune": "Jijel",
        "address": "Jijel, Jijel, Algeria",
        "employeeCount": 25,
        "verificationStatus": "PENDING",
        "hasWebsite": false
      }
    },
    {
      "type": "Feature",
      "geometry": {
        "type": "Point",
        "coordinates": [
          5.7704,
          36.8072
        ]
      },
      "properties": {
        "id": "cmsv3q2e700i8t9rexltnvcme",
        "name": "KAWKAB VOYAGES",
        "slug": "kawkab-voyages",
        "wilaya": "18",
        "wilayaName": "Djelfa",
        "commune": "Jijel",
        "address": "Jijel, Jijel, Algeria",
        "employeeCount": 25,
        "verificationStatus": "PENDING",
        "hasWebsite": false
      }
    },
    {
      "type": "Feature",
      "geometry": {
        "type": "Point",
        "coordinates": [
          5.7334,
          36.7805
        ]
      },
      "properties": {
        "id": "cmsv3q2e900iat9red5kkn4qe",
        "name": "ALCODIMEX Import-Export",
        "slug": "alcodimex-import-export",
        "wilaya": "18",
        "wilayaName": "Djelfa",
        "commune": "Jijel",
        "address": "Jijel, Jijel, Algeria",
        "employeeCount": 25,
        "verificationStatus": "PENDING",
        "hasWebsite": false
      }
    },
    {
      "type": "Feature",
      "geometry": {
        "type": "Point",
        "coordinates": [
          5.7288,
          36.7971
        ]
      },
      "properties": {
        "id": "cmsv3q2eb00ict9reracwxv00",
        "name": "Technoglass SARL",
        "slug": "technoglass-sarl",
        "wilaya": "18",
        "wilayaName": "Djelfa",
        "commune": "Jijel",
        "address": "Jijel, Jijel, Algeria",
        "employeeCount": 25,
        "verificationStatus": "PENDING",
        "hasWebsite": false
      }
    },
    {
      "type": "Feature",
      "geometry": {
        "type": "Point",
        "coordinates": [
          5.7573,
          36.7933
        ]
      },
      "properties": {
        "id": "cmsv3q2en00iet9rezkbljhpm",
        "name": "ITMEM Promotion et Travaux Publics",
        "slug": "itmem-promotion-et-travaux-publics",
        "wilaya": "18",
        "wilayaName": "Djelfa",
        "commune": "Jijel",
        "address": "Jijel, Jijel, Algeria",
        "employeeCount": 75,
        "verificationStatus": "PENDING",
        "hasWebsite": false
      }
    },
    {
      "type": "Feature",
      "geometry": {
        "type": "Point",
        "coordinates": [
          5.7457,
          36.8229
        ]
      },
      "properties": {
        "id": "cmsv3q2eo00igt9rehkkdihyq",
        "name": "THYDEG SARL",
        "slug": "thydeg-sarl",
        "wilaya": "18",
        "wilayaName": "Djelfa",
        "commune": "Jijel",
        "address": "Jijel, Jijel, Algeria",
        "employeeCount": 25,
        "verificationStatus": "PENDING",
        "hasWebsite": false
      }
    },
    {
      "type": "Feature",
      "geometry": {
        "type": "Point",
        "coordinates": [
          5.7359,
          36.8169
        ]
      },
      "properties": {
        "id": "cmsv3q2eq00iit9reb93plyj9",
        "name": "ENERGYCOINVEST SARL",
        "slug": "energycoinvest-sarl",
        "wilaya": "18",
        "wilayaName": "Djelfa",
        "commune": "Jijel",
        "address": "Jijel, Jijel, Algeria",
        "employeeCount": 25,
        "verificationStatus": "PENDING",
        "hasWebsite": false
      }
    },
    {
      "type": "Feature",
      "geometry": {
        "type": "Point",
        "coordinates": [
          5.7547,
          36.7897
        ]
      },
      "properties": {
        "id": "cmsv3q2es00ikt9recmrmm4e8",
        "name": "Emir Abdelkader EURL (Rimouche Zeddine)",
        "slug": "emir-abdelkader-eurl-rimouche-zeddine",
        "wilaya": "18",
        "wilayaName": "Djelfa",
        "commune": "Jijel",
        "address": "Jijel, Jijel, Algeria",
        "employeeCount": 25,
        "verificationStatus": "PENDING",
        "hasWebsite": false
      }
    },
    {
      "type": "Feature",
      "geometry": {
        "type": "Point",
        "coordinates": [
          5.7272,
          36.8258
        ]
      },
      "properties": {
        "id": "cmsv3q2et00imt9re7px18d9d",
        "name": "Usine Transformation Fruits Légumes Jijel",
        "slug": "usine-transformation-fruits-legumes-jijel",
        "wilaya": "18",
        "wilayaName": "Djelfa",
        "commune": "Taher",
        "address": "Taher, Jijel, Algeria",
        "employeeCount": 175,
        "verificationStatus": "PENDING",
        "hasWebsite": false
      }
    },
    {
      "type": "Feature",
      "geometry": {
        "type": "Point",
        "coordinates": [
          5.7314,
          36.7919
        ]
      },
      "properties": {
        "id": "cmsv3q2ev00iot9req7uzpi1e",
        "name": "SGPP Jijel - Gestion Ports Pêche",
        "slug": "sgpp-jijel-gestion-ports-peche",
        "wilaya": "18",
        "wilayaName": "Djelfa",
        "commune": "Jijel",
        "address": "Jijel, Jijel, Algeria",
        "employeeCount": 75,
        "verificationStatus": "PENDING",
        "hasWebsite": true
      }
    },
    {
      "type": "Feature",
      "geometry": {
        "type": "Point",
        "coordinates": [
          5.7293,
          36.7794
        ]
      },
      "properties": {
        "id": "cmsv3q2f000iqt9reb26mb679",
        "name": "Conserverie de Poissons Jijel (CPJ)",
        "slug": "conserverie-de-poissons-jijel-cpj",
        "wilaya": "18",
        "wilayaName": "Djelfa",
        "commune": "Jijel",
        "address": "Jijel, Jijel, Algeria",
        "employeeCount": 75,
        "verificationStatus": "PENDING",
        "hasWebsite": false
      }
    },
    {
      "type": "Feature",
      "geometry": {
        "type": "Point",
        "coordinates": [
          5.7235,
          36.783
        ]
      },
      "properties": {
        "id": "cmsv3q2f200ist9revs40fbgn",
        "name": "Coopérative Pêcheurs Artisans Jijel (CPAJ)",
        "slug": "cooperative-pecheurs-artisans-jijel-cpaj",
        "wilaya": "18",
        "wilayaName": "Djelfa",
        "commune": "Jijel",
        "address": "Jijel, Jijel, Algeria",
        "employeeCount": 375,
        "verificationStatus": "PENDING",
        "hasWebsite": false
      }
    },
    {
      "type": "Feature",
      "geometry": {
        "type": "Point",
        "coordinates": [
          5.7806,
          36.7749
        ]
      },
      "properties": {
        "id": "cmsv3q2f400iut9recqqccem7",
        "name": "Huilerie Moderne Jijel (HMJ)",
        "slug": "huilerie-moderne-jijel-hmj",
        "wilaya": "18",
        "wilayaName": "Djelfa",
        "commune": "Ziama Mansouriah",
        "address": "Ziama Mansouriah, Jijel, Algeria",
        "employeeCount": 25,
        "verificationStatus": "PENDING",
        "hasWebsite": false
      }
    },
    {
      "type": "Feature",
      "geometry": {
        "type": "Point",
        "coordinates": [
          5.7172,
          36.7743
        ]
      },
      "properties": {
        "id": "cmsv3q2f500iwt9reghrham12",
        "name": "Citrus Jijel Export (CJE)",
        "slug": "citrus-jijel-export-cje",
        "wilaya": "18",
        "wilayaName": "Djelfa",
        "commune": "El Aouana",
        "address": "El Aouana, Jijel, Algeria",
        "employeeCount": 25,
        "verificationStatus": "PENDING",
        "hasWebsite": false
      }
    },
    {
      "type": "Feature",
      "geometry": {
        "type": "Point",
        "coordinates": [
          5.7259,
          36.7842
        ]
      },
      "properties": {
        "id": "cmsv3q2fb00iyt9relayo5se8",
        "name": "Hôtel Dar El Aaz Jijel",
        "slug": "hotel-dar-el-aaz-jijel",
        "wilaya": "18",
        "wilayaName": "Djelfa",
        "commune": "Jijel",
        "address": "Jijel, Jijel, Algeria",
        "employeeCount": 25,
        "verificationStatus": "PENDING",
        "hasWebsite": false
      }
    },
    {
      "type": "Feature",
      "geometry": {
        "type": "Point",
        "coordinates": [
          5.7803,
          36.7762
        ]
      },
      "properties": {
        "id": "cmsv3q2fc00j0t9rekmluxizw",
        "name": "Résidence Taghrast",
        "slug": "residence-taghrast",
        "wilaya": "18",
        "wilayaName": "Djelfa",
        "commune": "Jijel",
        "address": "Jijel, Jijel, Algeria",
        "employeeCount": 25,
        "verificationStatus": "PENDING",
        "hasWebsite": false
      }
    },
    {
      "type": "Feature",
      "geometry": {
        "type": "Point",
        "coordinates": [
          5.7612,
          36.8232
        ]
      },
      "properties": {
        "id": "cmsv3q2fe00j2t9recvy2gipc",
        "name": "Société Liège Cork Jijel (SLCJ)",
        "slug": "societe-liege-cork-jijel-slcj",
        "wilaya": "18",
        "wilayaName": "Djelfa",
        "commune": "Djendel Saadi Mohamed",
        "address": "Djendel Saadi Mohamed, Jijel, Algeria",
        "employeeCount": 25,
        "verificationStatus": "PENDING",
        "hasWebsite": false
      }
    },
    {
      "type": "Feature",
      "geometry": {
        "type": "Point",
        "coordinates": [
          5.761,
          36.7779
        ]
      },
      "properties": {
        "id": "cmsv3q2ff00j4t9rea09sasns",
        "name": "Figuiterie Jijel (FJ)",
        "slug": "figuiterie-jijel-fj",
        "wilaya": "18",
        "wilayaName": "Djelfa",
        "commune": "Emir Abdelkader",
        "address": "Emir Abdelkader, Jijel, Algeria",
        "employeeCount": 25,
        "verificationStatus": "PENDING",
        "hasWebsite": false
      }
    },
    {
      "type": "Feature",
      "geometry": {
        "type": "Point",
        "coordinates": [
          5.7253,
          36.7912
        ]
      },
      "properties": {
        "id": "cmsv3q2fg00j6t9remybywkg1",
        "name": "Boulangerie Pâtisserie Moderne Jijel (BPMJ)",
        "slug": "boulangerie-patisserie-moderne-jijel-bpmj",
        "wilaya": "18",
        "wilayaName": "Djelfa",
        "commune": "Jijel",
        "address": "Jijel, Jijel, Algeria",
        "employeeCount": 25,
        "verificationStatus": "PENDING",
        "hasWebsite": false
      }
    },
    {
      "type": "Feature",
      "geometry": {
        "type": "Point",
        "coordinates": [
          5.7501,
          36.7764
        ]
      },
      "properties": {
        "id": "cmsv3q2fi00j8t9refse8o63n",
        "name": "Transports Routiers Jijel (TRJ)",
        "slug": "transports-routiers-jijel-trj",
        "wilaya": "18",
        "wilayaName": "Djelfa",
        "commune": "Jijel",
        "address": "Jijel, Jijel, Algeria",
        "employeeCount": 25,
        "verificationStatus": "PENDING",
        "hasWebsite": false
      }
    },
    {
      "type": "Feature",
      "geometry": {
        "type": "Point",
        "coordinates": [
          7.1745,
          35.4083
        ]
      },
      "properties": {
        "id": "cmsv3q2fj00jat9re00ykk2qn",
        "name": "Etablissement Thermal Hammam Essalihine",
        "slug": "etablissement-thermal-hammam-essalihine",
        "wilaya": "35",
        "wilayaName": "Tissemsilt",
        "commune": "Hammam Essalihine",
        "address": "Hammam Essalihine, Khenchela, Algeria",
        "employeeCount": 25,
        "verificationStatus": "PENDING",
        "hasWebsite": true
      }
    },
    {
      "type": "Feature",
      "geometry": {
        "type": "Point",
        "coordinates": [
          7.1565,
          35.4303
        ]
      },
      "properties": {
        "id": "cmsv3q2fl00jct9re296zfga8",
        "name": "Complexe Laitier de Khenchela (CLK)",
        "slug": "complexe-laitier-de-khenchela-clk",
        "wilaya": "35",
        "wilayaName": "Tissemsilt",
        "commune": "Khenchela",
        "address": "Khenchela, Khenchela, Algeria",
        "employeeCount": 25,
        "verificationStatus": "PENDING",
        "hasWebsite": false
      }
    },
    {
      "type": "Feature",
      "geometry": {
        "type": "Point",
        "coordinates": [
          7.0886,
          35.2977
        ]
      },
      "properties": {
        "id": "cmsv3q2fm00jet9redwkcy6nx",
        "name": "SARL Aurès Pommes",
        "slug": "sarl-aures-pommes",
        "wilaya": "35",
        "wilayaName": "Tissemsilt",
        "commune": "Chechar",
        "address": "Chechar, Khenchela, Algeria",
        "employeeCount": 25,
        "verificationStatus": "PENDING",
        "hasWebsite": false
      }
    },
    {
      "type": "Feature",
      "geometry": {
        "type": "Point",
        "coordinates": [
          7.1678,
          35.4383
        ]
      },
      "properties": {
        "id": "cmsv3q2fn00jgt9remt4iup4z",
        "name": "Unité de Transformation des Fruits de Khenchela (UTFK)",
        "slug": "unite-de-transformation-des-fruits-de-khenchela-utfk",
        "wilaya": "35",
        "wilayaName": "Tissemsilt",
        "commune": "Khenchela",
        "address": "Khenchela, Khenchela, Algeria",
        "employeeCount": 25,
        "verificationStatus": "PENDING",
        "hasWebsite": false
      }
    },
    {
      "type": "Feature",
      "geometry": {
        "type": "Point",
        "coordinates": [
          7.1773,
          35.4597
        ]
      },
      "properties": {
        "id": "cmsv3q2fp00jit9reuoi1yysw",
        "name": "Minoterie Moderne de l'Aurès (MMA)",
        "slug": "minoterie-moderne-de-laures-mma",
        "wilaya": "35",
        "wilayaName": "Tissemsilt",
        "commune": "Khenchela",
        "address": "Khenchela, Khenchela, Algeria",
        "employeeCount": 25,
        "verificationStatus": "PENDING",
        "hasWebsite": false
      }
    },
    {
      "type": "Feature",
      "geometry": {
        "type": "Point",
        "coordinates": [
          7.432,
          35.3692
        ]
      },
      "properties": {
        "id": "cmsv3q2fq00jkt9rekliilcte",
        "name": "Coopérative Agricole des Céréales de Babar (CACB)",
        "slug": "cooperative-agricole-des-cereales-de-babar-cacb",
        "wilaya": "35",
        "wilayaName": "Tissemsilt",
        "commune": "Babar",
        "address": "Babar, Khenchela, Algeria",
        "employeeCount": 25,
        "verificationStatus": "PENDING",
        "hasWebsite": false
      }
    },
    {
      "type": "Feature",
      "geometry": {
        "type": "Point",
        "coordinates": [
          7.1244,
          35.4134
        ]
      },
      "properties": {
        "id": "cmsv3q2fr00jmt9re95f9hfkr",
        "name": "Huilerie Moderne de Kais (HMK)",
        "slug": "huilerie-moderne-de-kais-hmk",
        "wilaya": "35",
        "wilayaName": "Tissemsilt",
        "commune": "Kais",
        "address": "Kais, Khenchela, Algeria",
        "employeeCount": 25,
        "verificationStatus": "PENDING",
        "hasWebsite": false
      }
    },
    {
      "type": "Feature",
      "geometry": {
        "type": "Point",
        "coordinates": [
          7.1577,
          35.4348
        ]
      },
      "properties": {
        "id": "cmsv3q2ft00jot9rebtpefigu",
        "name": "SARL Tapisserie Aurès Tradition",
        "slug": "sarl-tapisserie-aures-tradition",
        "wilaya": "35",
        "wilayaName": "Tissemsilt",
        "commune": "Khenchela",
        "address": "Khenchela, Khenchela, Algeria",
        "employeeCount": 25,
        "verificationStatus": "PENDING",
        "hasWebsite": false
      }
    },
    {
      "type": "Feature",
      "geometry": {
        "type": "Point",
        "coordinates": [
          7.1622,
          35.4257
        ]
      },
      "properties": {
        "id": "cmsv3q2fu00jqt9re36uf0ykd",
        "name": "Centre de Tissage Ouled Rechache",
        "slug": "centre-de-tissage-ouled-rechache",
        "wilaya": "35",
        "wilayaName": "Tissemsilt",
        "commune": "Ouled Rechache",
        "address": "Ouled Rechache, Khenchela, Algeria",
        "employeeCount": 25,
        "verificationStatus": "PENDING",
        "hasWebsite": false
      }
    },
    {
      "type": "Feature",
      "geometry": {
        "type": "Point",
        "coordinates": [
          7.1311,
          35.4558
        ]
      },
      "properties": {
        "id": "cmsv3q2fw00jst9reropv4ieh",
        "name": "Hotel Thermes d'Aurès",
        "slug": "hotel-thermes-daures",
        "wilaya": "35",
        "wilayaName": "Tissemsilt",
        "commune": "Hammam Essalihine",
        "address": "Hammam Essalihine, Khenchela, Algeria",
        "employeeCount": 25,
        "verificationStatus": "PENDING",
        "hasWebsite": false
      }
    },
    {
      "type": "Feature",
      "geometry": {
        "type": "Point",
        "coordinates": [
          7.1522,
          35.4529
        ]
      },
      "properties": {
        "id": "cmsv3q2fx00jut9reisv7kbo7",
        "name": "Agence de Voyages Aurès Découverte",
        "slug": "agence-de-voyages-aures-decouverte",
        "wilaya": "35",
        "wilayaName": "Tissemsilt",
        "commune": "Khenchela",
        "address": "Khenchela, Khenchela, Algeria",
        "employeeCount": 25,
        "verificationStatus": "PENDING",
        "hasWebsite": false
      }
    },
    {
      "type": "Feature",
      "geometry": {
        "type": "Point",
        "coordinates": [
          7.1664,
          35.4119
        ]
      },
      "properties": {
        "id": "cmsv3q2fy00jwt9resncnxg6q",
        "name": "SARL BTP Aurès Construction",
        "slug": "sarl-btp-aures-construction",
        "wilaya": "35",
        "wilayaName": "Tissemsilt",
        "commune": "Khenchela",
        "address": "Khenchela, Khenchela, Algeria",
        "employeeCount": 25,
        "verificationStatus": "PENDING",
        "hasWebsite": false
      }
    },
    {
      "type": "Feature",
      "geometry": {
        "type": "Point",
        "coordinates": [
          7.1258,
          35.4485
        ]
      },
      "properties": {
        "id": "cmsv3q2g000jyt9rey42oqxxb",
        "name": "Matériaux de Construction de Khenchela (MCK)",
        "slug": "materiaux-de-construction-de-khenchela-mck",
        "wilaya": "35",
        "wilayaName": "Tissemsilt",
        "commune": "Khenchela",
        "address": "Khenchela, Khenchela, Algeria",
        "employeeCount": 25,
        "verificationStatus": "PENDING",
        "hasWebsite": false
      }
    },
    {
      "type": "Feature",
      "geometry": {
        "type": "Point",
        "coordinates": [
          7.1423,
          35.4189
        ]
      },
      "properties": {
        "id": "cmsv3q2g100k0t9recur5wgcy",
        "name": "SARL Élevage des Montagnes Aurésiennes (SEMA)",
        "slug": "sarl-elevage-des-montagnes-auresiennes-sema",
        "wilaya": "35",
        "wilayaName": "Tissemsilt",
        "commune": "Djellal",
        "address": "Djellal, Khenchela, Algeria",
        "employeeCount": 25,
        "verificationStatus": "PENDING",
        "hasWebsite": false
      }
    },
    {
      "type": "Feature",
      "geometry": {
        "type": "Point",
        "coordinates": [
          7.1619,
          35.4238
        ]
      },
      "properties": {
        "id": "cmsv3q2g300k2t9re01t26mp2",
        "name": "Boucherie Industrielle de Khenchela (BIK)",
        "slug": "boucherie-industrielle-de-khenchela-bik",
        "wilaya": "35",
        "wilayaName": "Tissemsilt",
        "commune": "Khenchela",
        "address": "Khenchela, Khenchela, Algeria",
        "employeeCount": 25,
        "verificationStatus": "PENDING",
        "hasWebsite": false
      }
    },
    {
      "type": "Feature",
      "geometry": {
        "type": "Point",
        "coordinates": [
          7.1605,
          35.4368
        ]
      },
      "properties": {
        "id": "cmsv3q2gc00k4t9re0oy3pyrs",
        "name": "SARL Commerce Général Khenchela (CGK)",
        "slug": "sarl-commerce-general-khenchela-cgk",
        "wilaya": "35",
        "wilayaName": "Tissemsilt",
        "commune": "Khenchela",
        "address": "Khenchela, Khenchela, Algeria",
        "employeeCount": 25,
        "verificationStatus": "PENDING",
        "hasWebsite": false
      }
    },
    {
      "type": "Feature",
      "geometry": {
        "type": "Point",
        "coordinates": [
          7.1652,
          35.4319
        ]
      },
      "properties": {
        "id": "cmsv3q2ge00k6t9rezdpobpg2",
        "name": "Transport Touristique Aurès (TTA)",
        "slug": "transport-touristique-aures-tta",
        "wilaya": "35",
        "wilayaName": "Tissemsilt",
        "commune": "Khenchela",
        "address": "Khenchela, Khenchela, Algeria",
        "employeeCount": 25,
        "verificationStatus": "PENDING",
        "hasWebsite": false
      }
    },
    {
      "type": "Feature",
      "geometry": {
        "type": "Point",
        "coordinates": [
          7.0639,
          35.3375
        ]
      },
      "properties": {
        "id": "cmsv3q2gf00k8t9re9cqst5ec",
        "name": "SARL Apiculture Aurès Miel",
        "slug": "sarl-apiculture-aures-miel",
        "wilaya": "35",
        "wilayaName": "Tissemsilt",
        "commune": "Chechar",
        "address": "Chechar, Khenchela, Algeria",
        "employeeCount": 25,
        "verificationStatus": "PENDING",
        "hasWebsite": false
      }
    },
    {
      "type": "Feature",
      "geometry": {
        "type": "Point",
        "coordinates": [
          7.1433,
          35.4211
        ]
      },
      "properties": {
        "id": "cmsv3q2gh00kat9repfz6cm5d",
        "name": "Pépinière Forestière de Khenchela (PFK)",
        "slug": "pepiniere-forestiere-de-khenchela-pfk",
        "wilaya": "35",
        "wilayaName": "Tissemsilt",
        "commune": "Khenchela",
        "address": "Khenchela, Khenchela, Algeria",
        "employeeCount": 25,
        "verificationStatus": "PENDING",
        "hasWebsite": false
      }
    },
    {
      "type": "Feature",
      "geometry": {
        "type": "Point",
        "coordinates": [
          7.1382,
          35.4317
        ]
      },
      "properties": {
        "id": "cmsv3q2go00kct9rens39tf6h",
        "name": "SARL Eaux Minérales Sources de Khenchela",
        "slug": "sarl-eaux-minerales-sources-de-khenchela",
        "wilaya": "35",
        "wilayaName": "Tissemsilt",
        "commune": "Khenchela",
        "address": "Khenchela, Khenchela, Algeria",
        "employeeCount": 25,
        "verificationStatus": "PENDING",
        "hasWebsite": false
      }
    },
    {
      "type": "Feature",
      "geometry": {
        "type": "Point",
        "coordinates": [
          7.1761,
          35.4093
        ]
      },
      "properties": {
        "id": "cmsv3q2gq00ket9reywpxwsgl",
        "name": "SARL Menuiserie Aluminium Khenchela (MAK)",
        "slug": "sarl-menuiserie-aluminium-khenchela-mak",
        "wilaya": "35",
        "wilayaName": "Tissemsilt",
        "commune": "Khenchela",
        "address": "Khenchela, Khenchela, Algeria",
        "employeeCount": 25,
        "verificationStatus": "PENDING",
        "hasWebsite": false
      }
    },
    {
      "type": "Feature",
      "geometry": {
        "type": "Point",
        "coordinates": [
          7.4074,
          35.4075
        ]
      },
      "properties": {
        "id": "cmsv3q2gs00kgt9rewijxppbd",
        "name": "Coopérative Fromagère des Hauts Plateaux (CFHP)",
        "slug": "cooperative-fromagere-des-hauts-plateaux-cfhp",
        "wilaya": "35",
        "wilayaName": "Tissemsilt",
        "commune": "Babar",
        "address": "Babar, Khenchela, Algeria",
        "employeeCount": 25,
        "verificationStatus": "PENDING",
        "hasWebsite": false
      }
    },
    {
      "type": "Feature",
      "geometry": {
        "type": "Point",
        "coordinates": [
          7.1596,
          35.4559
        ]
      },
      "properties": {
        "id": "cmsv3q2gu00kit9reroz7855m",
        "name": "SARL Électricité et Plomberie Générale (EPG)",
        "slug": "sarl-electricite-et-plomberie-generale-epg",
        "wilaya": "35",
        "wilayaName": "Tissemsilt",
        "commune": "Khenchela",
        "address": "Khenchela, Khenchela, Algeria",
        "employeeCount": 25,
        "verificationStatus": "PENDING",
        "hasWebsite": false
      }
    },
    {
      "type": "Feature",
      "geometry": {
        "type": "Point",
        "coordinates": [
          7.1666,
          35.4562
        ]
      },
      "properties": {
        "id": "cmsv3q2gz00kkt9rei5etwriu",
        "name": "SARL Production d'Oeufs de Khenchela (POK)",
        "slug": "sarl-production-doeufs-de-khenchela-pok",
        "wilaya": "35",
        "wilayaName": "Tissemsilt",
        "commune": "Ouled Rechache",
        "address": "Ouled Rechache, Khenchela, Algeria",
        "employeeCount": 25,
        "verificationStatus": "PENDING",
        "hasWebsite": false
      }
    },
    {
      "type": "Feature",
      "geometry": {
        "type": "Point",
        "coordinates": [
          7.1537,
          35.4384
        ]
      },
      "properties": {
        "id": "cmsv3q2h100kmt9reom6l6la2",
        "name": "SARL Sols Énergie Renouvelable Aurès (SERA)",
        "slug": "sarl-sols-energie-renouvelable-aures-sera",
        "wilaya": "35",
        "wilayaName": "Tissemsilt",
        "commune": "Khenchela",
        "address": "Khenchela, Khenchela, Algeria",
        "employeeCount": 25,
        "verificationStatus": "PENDING",
        "hasWebsite": false
      }
    },
    {
      "type": "Feature",
      "geometry": {
        "type": "Point",
        "coordinates": [
          2.7853,
          36.2499
        ]
      },
      "properties": {
        "id": "cmsv3q2h300kot9re0vsi3ca3",
        "name": "Pommes de Médéa - Cooperative Fruitière",
        "slug": "pommes-de-medea-cooperative-fruitiere",
        "wilaya": "26",
        "wilayaName": "Constantine",
        "commune": "Médéa",
        "address": "Médéa, Médéa, Algeria",
        "employeeCount": 75,
        "verificationStatus": "PENDING",
        "hasWebsite": false
      }
    },
    {
      "type": "Feature",
      "geometry": {
        "type": "Point",
        "coordinates": [
          2.7715,
          36.2693
        ]
      },
      "properties": {
        "id": "cmsv3q2hb00kqt9relzjoj3nc",
        "name": "JUSMED SARL - Jus de Médéa",
        "slug": "jusmed-sarl-jus-de-medea",
        "wilaya": "26",
        "wilayaName": "Constantine",
        "commune": "Médéa",
        "address": "Médéa, Médéa, Algeria",
        "employeeCount": 25,
        "verificationStatus": "PENDING",
        "hasWebsite": false
      }
    },
    {
      "type": "Feature",
      "geometry": {
        "type": "Point",
        "coordinates": [
          2.9349,
          36.1977
        ]
      },
      "properties": {
        "id": "cmsv3q2hd00kst9reb6epvsrg",
        "name": "Conserves Agricoles de Berrouaghia (CAB)",
        "slug": "conserves-agricoles-de-berrouaghia-cab",
        "wilaya": "26",
        "wilayaName": "Constantine",
        "commune": "Berrouaghia",
        "address": "Berrouaghia, Médéa, Algeria",
        "employeeCount": 25,
        "verificationStatus": "PENDING",
        "hasWebsite": false
      }
    },
    {
      "type": "Feature",
      "geometry": {
        "type": "Point",
        "coordinates": [
          2.7706,
          36.2519
        ]
      },
      "properties": {
        "id": "cmsv3q2hf00kut9rekmjq1wbt",
        "name": "Ferme Avicole de Ksar el Boukhari (FAKB)",
        "slug": "ferme-avicole-de-ksar-el-boukhari-fakb",
        "wilaya": "26",
        "wilayaName": "Constantine",
        "commune": "Ksar el Boukhari",
        "address": "Ksar el Boukhari, Médéa, Algeria",
        "employeeCount": 25,
        "verificationStatus": "PENDING",
        "hasWebsite": false
      }
    },
    {
      "type": "Feature",
      "geometry": {
        "type": "Point",
        "coordinates": [
          2.7856,
          36.251
        ]
      },
      "properties": {
        "id": "cmsv3q2hp00kwt9re7lbg56o6",
        "name": "Laiterie des Hauts Plateaux (LHP)",
        "slug": "laiterie-des-hauts-plateaux-lhp",
        "wilaya": "26",
        "wilayaName": "Constantine",
        "commune": "Médéa",
        "address": "Médéa, Médéa, Algeria",
        "employeeCount": 25,
        "verificationStatus": "PENDING",
        "hasWebsite": false
      }
    },
    {
      "type": "Feature",
      "geometry": {
        "type": "Point",
        "coordinates": [
          2.7837,
          36.2337
        ]
      },
      "properties": {
        "id": "cmsv3q2hr00kyt9reoottnpqt",
        "name": "Cimenterie de Médéa - CIMED",
        "slug": "cimenterie-de-medea-cimed",
        "wilaya": "26",
        "wilayaName": "Constantine",
        "commune": "Médéa",
        "address": "Médéa, Médéa, Algeria",
        "employeeCount": 25,
        "verificationStatus": "PENDING",
        "hasWebsite": false
      }
    },
    {
      "type": "Feature",
      "geometry": {
        "type": "Point",
        "coordinates": [
          2.773,
          36.2658
        ]
      },
      "properties": {
        "id": "cmsv3q2ht00l0t9re2vmfax6i",
        "name": "Carrières de Chahbounia - CARICH",
        "slug": "carrieres-de-chahbounia-carich",
        "wilaya": "26",
        "wilayaName": "Constantine",
        "commune": "Chahbounia",
        "address": "Chahbounia, Médéa, Algeria",
        "employeeCount": 25,
        "verificationStatus": "PENDING",
        "hasWebsite": false
      }
    },
    {
      "type": "Feature",
      "geometry": {
        "type": "Point",
        "coordinates": [
          2.774,
          36.2764
        ]
      },
      "properties": {
        "id": "cmsv3q2hv00l2t9re2vsl6v1f",
        "name": "BTP Médéa Construction (BTPMC)",
        "slug": "btp-medea-construction-btpmc",
        "wilaya": "26",
        "wilayaName": "Constantine",
        "commune": "Médéa",
        "address": "Médéa, Médéa, Algeria",
        "employeeCount": 25,
        "verificationStatus": "PENDING",
        "hasWebsite": false
      }
    },
    {
      "type": "Feature",
      "geometry": {
        "type": "Point",
        "coordinates": [
          2.783,
          36.2654
        ]
      },
      "properties": {
        "id": "cmsv3q2hx00l4t9reqo4npt3s",
        "name": "Huilerie Moderne de Souagui (HMS)",
        "slug": "huilerie-moderne-de-souagui-hms",
        "wilaya": "26",
        "wilayaName": "Constantine",
        "commune": "Souagui",
        "address": "Souagui, Médéa, Algeria",
        "employeeCount": 25,
        "verificationStatus": "PENDING",
        "hasWebsite": false
      }
    },
    {
      "type": "Feature",
      "geometry": {
        "type": "Point",
        "coordinates": [
          2.7591,
          36.2431
        ]
      },
      "properties": {
        "id": "cmsv3q2hz00l6t9re0vp78wac",
        "name": "Coopérative Céréalière de Ouamri (CCO)",
        "slug": "cooperative-cerealiere-de-ouamri-cco",
        "wilaya": "26",
        "wilayaName": "Constantine",
        "commune": "Ouamri",
        "address": "Ouamri, Médéa, Algeria",
        "employeeCount": 25,
        "verificationStatus": "PENDING",
        "hasWebsite": false
      }
    },
    {
      "type": "Feature",
      "geometry": {
        "type": "Point",
        "coordinates": [
          2.7661,
          36.2714
        ]
      },
      "properties": {
        "id": "cmsv3q2i100l8t9re0qk43ycc",
        "name": "Alimentation Générale Médéenne (AGM) - Trading",
        "slug": "alimentation-generale-medeenne-agm-trading",
        "wilaya": "26",
        "wilayaName": "Constantine",
        "commune": "Médéa",
        "address": "Médéa, Médéa, Algeria",
        "employeeCount": 25,
        "verificationStatus": "PENDING",
        "hasWebsite": false
      }
    },
    {
      "type": "Feature",
      "geometry": {
        "type": "Point",
        "coordinates": [
          2.9264,
          36.2089
        ]
      },
      "properties": {
        "id": "cmsv3q2i300lat9re2yjjvkve",
        "name": "Vergers du Titteri - SARL Agricole",
        "slug": "vergers-du-titteri-sarl-agricole",
        "wilaya": "26",
        "wilayaName": "Constantine",
        "commune": "Berrouaghia",
        "address": "Berrouaghia, Médéa, Algeria",
        "employeeCount": 25,
        "verificationStatus": "PENDING",
        "hasWebsite": false
      }
    },
    {
      "type": "Feature",
      "geometry": {
        "type": "Point",
        "coordinates": [
          2.7782,
          36.2517
        ]
      },
      "properties": {
        "id": "cmsv3q2i400lct9rexgin6e3q",
        "name": "Élevages Bovins de Médéa (EBM)",
        "slug": "elevages-bovins-de-medea-ebm",
        "wilaya": "26",
        "wilayaName": "Constantine",
        "commune": "Médéa",
        "address": "Médéa, Médéa, Algeria",
        "employeeCount": 25,
        "verificationStatus": "PENDING",
        "hasWebsite": false
      }
    },
    {
      "type": "Feature",
      "geometry": {
        "type": "Point",
        "coordinates": [
          2.7402,
          36.2665
        ]
      },
      "properties": {
        "id": "cmsv3q2i600let9resnkttmri",
        "name": "Matériaux Électriques Médéa (MEM)",
        "slug": "materiaux-electriques-medea-mem",
        "wilaya": "26",
        "wilayaName": "Constantine",
        "commune": "Médéa",
        "address": "Médéa, Médéa, Algeria",
        "employeeCount": 25,
        "verificationStatus": "PENDING",
        "hasWebsite": false
      }
    },
    {
      "type": "Feature",
      "geometry": {
        "type": "Point",
        "coordinates": [
          2.7889,
          36.2538
        ]
      },
      "properties": {
        "id": "cmsv3q2i700lgt9rebya57jep",
        "name": "Transports Routiers du Titteri (TRT)",
        "slug": "transports-routiers-du-titteri-trt",
        "wilaya": "26",
        "wilayaName": "Constantine",
        "commune": "Médéa",
        "address": "Médéa, Médéa, Algeria",
        "employeeCount": 25,
        "verificationStatus": "PENDING",
        "hasWebsite": false
      }
    },
    {
      "type": "Feature",
      "geometry": {
        "type": "Point",
        "coordinates": [
          2.781,
          36.2494
        ]
      },
      "properties": {
        "id": "cmsv3q2i900lit9rebrxj2nwj",
        "name": "Confiserie Traditionnelle Médéenne (CTM)",
        "slug": "confiserie-traditionnelle-medeenne-ctm",
        "wilaya": "26",
        "wilayaName": "Constantine",
        "commune": "Médéa",
        "address": "Médéa, Médéa, Algeria",
        "employeeCount": 25,
        "verificationStatus": "PENDING",
        "hasWebsite": false
      }
    },
    {
      "type": "Feature",
      "geometry": {
        "type": "Point",
        "coordinates": [
          2.7537,
          36.2304
        ]
      },
      "properties": {
        "id": "cmsv3q2ia00lkt9rekpnan6em",
        "name": "Apiculture du Djebel Amour - Médéa",
        "slug": "apiculture-du-djebel-amour-medea",
        "wilaya": "26",
        "wilayaName": "Constantine",
        "commune": "Ksar el Boukhari",
        "address": "Ksar el Boukhari, Médéa, Algeria",
        "employeeCount": 25,
        "verificationStatus": "PENDING",
        "hasWebsite": false
      }
    },
    {
      "type": "Feature",
      "geometry": {
        "type": "Point",
        "coordinates": [
          2.7536,
          36.234
        ]
      },
      "properties": {
        "id": "cmsv3q2ic00lmt9reu9jnsmst",
        "name": "Quincaillerie Générale de Médéa (QGM)",
        "slug": "quincaillerie-generale-de-medea-qgm",
        "wilaya": "26",
        "wilayaName": "Constantine",
        "commune": "Médéa",
        "address": "Médéa, Médéa, Algeria",
        "employeeCount": 25,
        "verificationStatus": "PENDING",
        "hasWebsite": false
      }
    },
    {
      "type": "Feature",
      "geometry": {
        "type": "Point",
        "coordinates": [
          2.7255,
          36.2641
        ]
      },
      "properties": {
        "id": "cmsv3q2id00lot9refm5wnq3t",
        "name": "Agence Immobilière du Titteri (AIT)",
        "slug": "agence-immobiliere-du-titteri-ait",
        "wilaya": "26",
        "wilayaName": "Constantine",
        "commune": "Médéa",
        "address": "Médéa, Médéa, Algeria",
        "employeeCount": 25,
        "verificationStatus": "PENDING",
        "hasWebsite": false
      }
    },
    {
      "type": "Feature",
      "geometry": {
        "type": "Point",
        "coordinates": [
          2.7426,
          36.2623
        ]
      },
      "properties": {
        "id": "cmsv3q2ie00lqt9ren4wlepmy",
        "name": "Tapisserie Traditionnelle de Chahbounia",
        "slug": "tapisserie-traditionnelle-de-chahbounia",
        "wilaya": "26",
        "wilayaName": "Constantine",
        "commune": "Chahbounia",
        "address": "Chahbounia, Médéa, Algeria",
        "employeeCount": 25,
        "verificationStatus": "PENDING",
        "hasWebsite": false
      }
    },
    {
      "type": "Feature",
      "geometry": {
        "type": "Point",
        "coordinates": [
          2.7773,
          36.2526
        ]
      },
      "properties": {
        "id": "cmsv3q2ig00lst9rew9b29vi5",
        "name": "Station Service et Carburants Médéa (SSCM)",
        "slug": "station-service-et-carburants-medea-sscm",
        "wilaya": "26",
        "wilayaName": "Constantine",
        "commune": "Médéa",
        "address": "Médéa, Médéa, Algeria",
        "employeeCount": 25,
        "verificationStatus": "PENDING",
        "hasWebsite": false
      }
    },
    {
      "type": "Feature",
      "geometry": {
        "type": "Point",
        "coordinates": [
          2.7418,
          36.2539
        ]
      },
      "properties": {
        "id": "cmsv3q2ih00lut9rej0ltiuyk",
        "name": "Pépinière Forestière de Médéa (PFM)",
        "slug": "pepiniere-forestiere-de-medea-pfm",
        "wilaya": "26",
        "wilayaName": "Constantine",
        "commune": "Ouamri",
        "address": "Ouamri, Médéa, Algeria",
        "employeeCount": 25,
        "verificationStatus": "PENDING",
        "hasWebsite": false
      }
    },
    {
      "type": "Feature",
      "geometry": {
        "type": "Point",
        "coordinates": [
          2.7631,
          36.2661
        ]
      },
      "properties": {
        "id": "cmsv3q2ij00lwt9re3iim9gx3",
        "name": "Ferronnerie et Métallerie Médéenne (FMM)",
        "slug": "ferronnerie-et-metallerie-medeenne-fmm",
        "wilaya": "26",
        "wilayaName": "Constantine",
        "commune": "Médéa",
        "address": "Médéa, Médéa, Algeria",
        "employeeCount": 25,
        "verificationStatus": "PENDING",
        "hasWebsite": false
      }
    },
    {
      "type": "Feature",
      "geometry": {
        "type": "Point",
        "coordinates": [
          2.7654,
          36.2619
        ]
      },
      "properties": {
        "id": "cmsv3q2il00lyt9rebc9dub7c",
        "name": "Eaux Minérales de Médéa - EMM",
        "slug": "eaux-minerales-de-medea-emm",
        "wilaya": "26",
        "wilayaName": "Constantine",
        "commune": "Chahbounia",
        "address": "Chahbounia, Médéa, Algeria",
        "employeeCount": 25,
        "verificationStatus": "PENDING",
        "hasWebsite": false
      }
    },
    {
      "type": "Feature",
      "geometry": {
        "type": "Point",
        "coordinates": [
          2.7386,
          36.2393
        ]
      },
      "properties": {
        "id": "cmsv3q2im00m0t9re7x2qajzm",
        "name": "Comptabilité et Conseil Médéa (CCM)",
        "slug": "comptabilite-et-conseil-medea-ccm",
        "wilaya": "26",
        "wilayaName": "Constantine",
        "commune": "Médéa",
        "address": "Médéa, Médéa, Algeria",
        "employeeCount": 25,
        "verificationStatus": "PENDING",
        "hasWebsite": false
      }
    },
    {
      "type": "Feature",
      "geometry": {
        "type": "Point",
        "coordinates": [
          6.2648,
          36.474
        ]
      },
      "properties": {
        "id": "cmsv3q2io00m2t9reeotzwm8d",
        "name": "Complexe de Conditionnement des Céréales de Mila (CCCM)",
        "slug": "complexe-de-conditionnement-des-cereales-de-mila-cccm",
        "wilaya": "38",
        "wilayaName": "Souk Ahras",
        "commune": "Mila",
        "address": "Mila, Mila, Algeria",
        "employeeCount": 25,
        "verificationStatus": "PENDING",
        "hasWebsite": false
      }
    },
    {
      "type": "Feature",
      "geometry": {
        "type": "Point",
        "coordinates": [
          6.1775,
          36.3348
        ]
      },
      "properties": {
        "id": "cmsv3q2ip00m4t9reflnmakfl",
        "name": "SARL Boudrahen Frères - Huilerie Moderne",
        "slug": "sarl-boudrahen-freres-huilerie-moderne",
        "wilaya": "38",
        "wilayaName": "Souk Ahras",
        "commune": "Telerghma",
        "address": "Telerghma, Mila, Algeria",
        "employeeCount": 75,
        "verificationStatus": "PENDING",
        "hasWebsite": false
      }
    },
    {
      "type": "Feature",
      "geometry": {
        "type": "Point",
        "coordinates": [
          6.2346,
          36.4354
        ]
      },
      "properties": {
        "id": "cmsv3q2ir00m6t9revuaf2zph",
        "name": "EURL MetalMila - Chaudronnerie Métallique",
        "slug": "eurl-metalmila-chaudronnerie-metallique",
        "wilaya": "38",
        "wilayaName": "Souk Ahras",
        "commune": "Zone Industrielle Mila",
        "address": "Zone Industrielle Mila, Mila, Algeria",
        "employeeCount": 25,
        "verificationStatus": "PENDING",
        "hasWebsite": false
      }
    },
    {
      "type": "Feature",
      "geometry": {
        "type": "Point",
        "coordinates": [
          6.3934,
          36.2195
        ]
      },
      "properties": {
        "id": "cmsv3q2is00m8t9re63jruwtg",
        "name": "Conserverie des Produits Agricoles de Mila (CPAM)",
        "slug": "conserverie-des-produits-agricoles-de-mila-cpam",
        "wilaya": "38",
        "wilayaName": "Souk Ahras",
        "commune": "Chelghoum Laïd",
        "address": "Chelghoum Laïd, Mila, Algeria",
        "employeeCount": 175,
        "verificationStatus": "PENDING",
        "hasWebsite": false
      }
    },
    {
      "type": "Feature",
      "geometry": {
        "type": "Point",
        "coordinates": [
          6.2693,
          36.4366
        ]
      },
      "properties": {
        "id": "cmsv3q2it00mat9re0rinn0kx",
        "name": "SARL Granulats du Nord-Est (GNE)",
        "slug": "sarl-granulats-du-nord-est-gne",
        "wilaya": "38",
        "wilayaName": "Souk Ahras",
        "commune": "Oued Seguen",
        "address": "Oued Seguen, Mila, Algeria",
        "employeeCount": 75,
        "verificationStatus": "PENDING",
        "hasWebsite": false
      }
    },
    {
      "type": "Feature",
      "geometry": {
        "type": "Point",
        "coordinates": [
          6.247,
          36.4543
        ]
      },
      "properties": {
        "id": "cmsv3q2iw00mct9ren9u260r4",
        "name": "Fromagerie Traditionnelle de Tassadane Haddada (FTTH)",
        "slug": "fromagerie-traditionnelle-de-tassadane-haddada-ftth",
        "wilaya": "38",
        "wilayaName": "Souk Ahras",
        "commune": "Tassadane Haddada",
        "address": "Tassadane Haddada, Mila, Algeria",
        "employeeCount": 25,
        "verificationStatus": "PENDING",
        "hasWebsite": false
      }
    },
    {
      "type": "Feature",
      "geometry": {
        "type": "Point",
        "coordinates": [
          6.2602,
          36.4422
        ]
      },
      "properties": {
        "id": "cmsv3q2iy00met9reb8a9u9rk",
        "name": "SARL Textiles Mila (STM)",
        "slug": "sarl-textiles-mila-stm",
        "wilaya": "38",
        "wilayaName": "Souk Ahras",
        "commune": "Mila",
        "address": "Mila, Mila, Algeria",
        "employeeCount": 175,
        "verificationStatus": "PENDING",
        "hasWebsite": false
      }
    },
    {
      "type": "Feature",
      "geometry": {
        "type": "Point",
        "coordinates": [
          6.252,
          36.4443
        ]
      },
      "properties": {
        "id": "cmsv3q2j000mgt9reypubb3nx",
        "name": "Ets Benhammou - Matériaux de Construction",
        "slug": "ets-benhammou-materiaux-de-construction",
        "wilaya": "38",
        "wilayaName": "Souk Ahras",
        "commune": "Mila Centre",
        "address": "Mila Centre, Mila, Algeria",
        "employeeCount": 25,
        "verificationStatus": "PENDING",
        "hasWebsite": false
      }
    },
    {
      "type": "Feature",
      "geometry": {
        "type": "Point",
        "coordinates": [
          6.2587,
          36.4739
        ]
      },
      "properties": {
        "id": "cmsv3q2j300mit9rebslmxa0j",
        "name": "Coopérative Agricole de Oued Endja (CAOE)",
        "slug": "cooperative-agricole-de-oued-endja-caoe",
        "wilaya": "38",
        "wilayaName": "Souk Ahras",
        "commune": "Oued Endja",
        "address": "Oued Endja, Mila, Algeria",
        "employeeCount": 25,
        "verificationStatus": "PENDING",
        "hasWebsite": false
      }
    },
    {
      "type": "Feature",
      "geometry": {
        "type": "Point",
        "coordinates": [
          6.2491,
          36.4742
        ]
      },
      "properties": {
        "id": "cmsv3q2j500mkt9re1cz62u95",
        "name": "SARL Aliments de Bétail Mila (ABM)",
        "slug": "sarl-aliments-de-betail-mila-abm",
        "wilaya": "38",
        "wilayaName": "Souk Ahras",
        "commune": "Zone Industrielle Mila",
        "address": "Zone Industrielle Mila, Mila, Algeria",
        "employeeCount": 75,
        "verificationStatus": "PENDING",
        "hasWebsite": false
      }
    },
    {
      "type": "Feature",
      "geometry": {
        "type": "Point",
        "coordinates": [
          6.2498,
          36.4357
        ]
      },
      "properties": {
        "id": "cmsv3q2jc00mmt9revny5nr49",
        "name": "Boulangerie Industrielle de Mila (BIM)",
        "slug": "boulangerie-industrielle-de-mila-bim",
        "wilaya": "38",
        "wilayaName": "Souk Ahras",
        "commune": "Mila",
        "address": "Mila, Mila, Algeria",
        "employeeCount": 75,
        "verificationStatus": "PENDING",
        "hasWebsite": false
      }
    },
    {
      "type": "Feature",
      "geometry": {
        "type": "Point",
        "coordinates": [
          6.2451,
          36.4263
        ]
      },
      "properties": {
        "id": "cmsv3q2je00mot9rerdg8f2dg",
        "name": "TransMila SARL - Transport et Logistique",
        "slug": "transmila-sarl-transport-et-logistique",
        "wilaya": "38",
        "wilayaName": "Souk Ahras",
        "commune": "Mila",
        "address": "Mila, Mila, Algeria",
        "employeeCount": 25,
        "verificationStatus": "PENDING",
        "hasWebsite": false
      }
    },
    {
      "type": "Feature",
      "geometry": {
        "type": "Point",
        "coordinates": [
          6.2829,
          36.4396
        ]
      },
      "properties": {
        "id": "cmsv3q2jm00mqt9ret15xo85z",
        "name": "SARL Plastiques du Tell (PDT)",
        "slug": "sarl-plastiques-du-tell-pdt",
        "wilaya": "38",
        "wilayaName": "Souk Ahras",
        "commune": "Terrai Bouden",
        "address": "Terrai Bouden, Mila, Algeria",
        "employeeCount": 25,
        "verificationStatus": "PENDING",
        "hasWebsite": false
      }
    },
    {
      "type": "Feature",
      "geometry": {
        "type": "Point",
        "coordinates": [
          6.3644,
          36.2078
        ]
      },
      "properties": {
        "id": "cmsv3q2jo00mst9rerr70jpcd",
        "name": "EURL Soudure & Construction Métallique (SCM)",
        "slug": "eurl-soudure-construction-metallique-scm",
        "wilaya": "38",
        "wilayaName": "Souk Ahras",
        "commune": "Chelghoum Laïd",
        "address": "Chelghoum Laïd, Mila, Algeria",
        "employeeCount": 25,
        "verificationStatus": "PENDING",
        "hasWebsite": false
      }
    },
    {
      "type": "Feature",
      "geometry": {
        "type": "Point",
        "coordinates": [
          6.2533,
          36.4531
        ]
      },
      "properties": {
        "id": "cmsv3q2jt00mut9redtiptp2f",
        "name": "SARL Eaux Minérales de Yahia Beniguecha (EMYB)",
        "slug": "sarl-eaux-minerales-de-yahia-beniguecha-emyb",
        "wilaya": "38",
        "wilayaName": "Souk Ahras",
        "commune": "Yahia Beniguecha",
        "address": "Yahia Beniguecha, Mila, Algeria",
        "employeeCount": 75,
        "verificationStatus": "PENDING",
        "hasWebsite": false
      }
    },
    {
      "type": "Feature",
      "geometry": {
        "type": "Point",
        "coordinates": [
          6.2737,
          36.4347
        ]
      },
      "properties": {
        "id": "cmsv3q2jv00mwt9reag8abqoy",
        "name": "Scierie Industrielle de Mila (SIM)",
        "slug": "scierie-industrielle-de-mila-sim",
        "wilaya": "38",
        "wilayaName": "Souk Ahras",
        "commune": "Tassadane Haddada",
        "address": "Tassadane Haddada, Mila, Algeria",
        "employeeCount": 25,
        "verificationStatus": "PENDING",
        "hasWebsite": false
      }
    },
    {
      "type": "Feature",
      "geometry": {
        "type": "Point",
        "coordinates": [
          6.2457,
          36.4475
        ]
      },
      "properties": {
        "id": "cmsv3q2jw00myt9reu9u2sga3",
        "name": "Ets Kerdjouar - Commerce Général",
        "slug": "ets-kerdjouar-commerce-general",
        "wilaya": "38",
        "wilayaName": "Souk Ahras",
        "commune": "Mila Centre",
        "address": "Mila Centre, Mila, Algeria",
        "employeeCount": 25,
        "verificationStatus": "PENDING",
        "hasWebsite": false
      }
    },
    {
      "type": "Feature",
      "geometry": {
        "type": "Point",
        "coordinates": [
          6.2611,
          36.4327
        ]
      },
      "properties": {
        "id": "cmsv3q2jy00n0t9ret7iqusyo",
        "name": "SARL AgroMila - Production Maraîchère",
        "slug": "sarl-agromila-production-maraichere",
        "wilaya": "38",
        "wilayaName": "Souk Ahras",
        "commune": "Oued Seguen",
        "address": "Oued Seguen, Mila, Algeria",
        "employeeCount": 25,
        "verificationStatus": "PENDING",
        "hasWebsite": false
      }
    },
    {
      "type": "Feature",
      "geometry": {
        "type": "Point",
        "coordinates": [
          6.1732,
          36.3647
        ]
      },
      "properties": {
        "id": "cmsv3q2k900n2t9reggaa10kx",
        "name": "Cimenterie Artisanale de Mila (CAM)",
        "slug": "cimenterie-artisanale-de-mila-cam",
        "wilaya": "38",
        "wilayaName": "Souk Ahras",
        "commune": "Telerghma",
        "address": "Telerghma, Mila, Algeria",
        "employeeCount": 25,
        "verificationStatus": "PENDING",
        "hasWebsite": false
      }
    },
    {
      "type": "Feature",
      "geometry": {
        "type": "Point",
        "coordinates": [
          6.2527,
          36.4614
        ]
      },
      "properties": {
        "id": "cmsv3q2kb00n4t9re9m3nb7x2",
        "name": "SARL Electronique & Electroménager Mila (EEM)",
        "slug": "sarl-electronique-electromenager-mila-eem",
        "wilaya": "38",
        "wilayaName": "Souk Ahras",
        "commune": "Mila Centre",
        "address": "Mila Centre, Mila, Algeria",
        "employeeCount": 25,
        "verificationStatus": "PENDING",
        "hasWebsite": false
      }
    },
    {
      "type": "Feature",
      "geometry": {
        "type": "Point",
        "coordinates": [
          6.2779,
          36.4727
        ]
      },
      "properties": {
        "id": "cmsv3q2kc00n6t9reagpsje4n",
        "name": "Élevage Avicole de Terrai Bouden (EATB)",
        "slug": "elevage-avicole-de-terrai-bouden-eatb",
        "wilaya": "38",
        "wilayaName": "Souk Ahras",
        "commune": "Terrai Bouden",
        "address": "Terrai Bouden, Mila, Algeria",
        "employeeCount": 25,
        "verificationStatus": "PENDING",
        "hasWebsite": false
      }
    },
    {
      "type": "Feature",
      "geometry": {
        "type": "Point",
        "coordinates": [
          6.2446,
          36.462
        ]
      },
      "properties": {
        "id": "cmsv3q2ke00n8t9rek67p9wkz",
        "name": "SARL Imprimerie Rapide Mila (IRM)",
        "slug": "sarl-imprimerie-rapide-mila-irm",
        "wilaya": "38",
        "wilayaName": "Souk Ahras",
        "commune": "Mila",
        "address": "Mila, Mila, Algeria",
        "employeeCount": 25,
        "verificationStatus": "PENDING",
        "hasWebsite": false
      }
    },
    {
      "type": "Feature",
      "geometry": {
        "type": "Point",
        "coordinates": [
          6.2963,
          36.4706
        ]
      },
      "properties": {
        "id": "cmsv3q2kg00nat9rewcoc592e",
        "name": "Ets Hammaoui - Quincaillerie & Outillage",
        "slug": "ets-hammaoui-quincaillerie-outillage",
        "wilaya": "38",
        "wilayaName": "Souk Ahras",
        "commune": "Mila Centre",
        "address": "Mila Centre, Mila, Algeria",
        "employeeCount": 25,
        "verificationStatus": "PENDING",
        "hasWebsite": false
      }
    },
    {
      "type": "Feature",
      "geometry": {
        "type": "Point",
        "coordinates": [
          6.291,
          36.4602
        ]
      },
      "properties": {
        "id": "cmsv3q2km00nct9ret3c58hkj",
        "name": "SARL Pâtes Alimentaires du Tell (PAT)",
        "slug": "sarl-pates-alimentaires-du-tell-pat",
        "wilaya": "38",
        "wilayaName": "Souk Ahras",
        "commune": "Zone Industrielle Mila",
        "address": "Zone Industrielle Mila, Mila, Algeria",
        "employeeCount": 75,
        "verificationStatus": "PENDING",
        "hasWebsite": false
      }
    },
    {
      "type": "Feature",
      "geometry": {
        "type": "Point",
        "coordinates": [
          6.2401,
          36.4267
        ]
      },
      "properties": {
        "id": "cmsv3q2ko00net9reci1jr75x",
        "name": "Agence Immobilière Mila Promotion (AIMP)",
        "slug": "agence-immobiliere-mila-promotion-aimp",
        "wilaya": "38",
        "wilayaName": "Souk Ahras",
        "commune": "Mila",
        "address": "Mila, Mila, Algeria",
        "employeeCount": 25,
        "verificationStatus": "PENDING",
        "hasWebsite": false
      }
    },
    {
      "type": "Feature",
      "geometry": {
        "type": "Point",
        "coordinates": [
          6.2666,
          36.4579
        ]
      },
      "properties": {
        "id": "cmsv3q2kw00ngt9rerowcyj5n",
        "name": "SARL Location Matériel de Chantier (LMC)",
        "slug": "sarl-location-materiel-de-chantier-lmc",
        "wilaya": "38",
        "wilayaName": "Souk Ahras",
        "commune": "Mila",
        "address": "Mila, Mila, Algeria",
        "employeeCount": 25,
        "verificationStatus": "PENDING",
        "hasWebsite": false
      }
    },
    {
      "type": "Feature",
      "geometry": {
        "type": "Point",
        "coordinates": [
          6.2197,
          36.348
        ]
      },
      "properties": {
        "id": "cmsv3q2kx00nit9recoffhy6f",
        "name": "Confiserie Traditionnelle de Telerghma (CTT)",
        "slug": "confiserie-traditionnelle-de-telerghma-ctt",
        "wilaya": "38",
        "wilayaName": "Souk Ahras",
        "commune": "Telerghma",
        "address": "Telerghma, Mila, Algeria",
        "employeeCount": 25,
        "verificationStatus": "PENDING",
        "hasWebsite": false
      }
    },
    {
      "type": "Feature",
      "geometry": {
        "type": "Point",
        "coordinates": [
          6.2815,
          36.4443
        ]
      },
      "properties": {
        "id": "cmsv3q2kz00nkt9rewyxodosi",
        "name": "SARL Services Informatiques Mila (SIM-Tech)",
        "slug": "sarl-services-informatiques-mila-sim-tech",
        "wilaya": "38",
        "wilayaName": "Souk Ahras",
        "commune": "Mila",
        "address": "Mila, Mila, Algeria",
        "employeeCount": 25,
        "verificationStatus": "PENDING",
        "hasWebsite": false
      }
    },
    {
      "type": "Feature",
      "geometry": {
        "type": "Point",
        "coordinates": [
          6.2449,
          36.4596
        ]
      },
      "properties": {
        "id": "cmsv3q2l000nmt9reupx27rnb",
        "name": "Pharmacie Centrale de Mila (PCM)",
        "slug": "pharmacie-centrale-de-mila-pcm",
        "wilaya": "38",
        "wilayaName": "Souk Ahras",
        "commune": "Mila",
        "address": "Mila, Mila, Algeria",
        "employeeCount": 25,
        "verificationStatus": "PENDING",
        "hasWebsite": false
      }
    },
    {
      "type": "Feature",
      "geometry": {
        "type": "Point",
        "coordinates": [
          0.0962,
          35.9129
        ]
      },
      "properties": {
        "id": "cmsv3q2l200not9reynaemv3w",
        "name": "Entreprise Portuaire de Mostaganem (EPM)",
        "slug": "entreprise-portuaire-de-mostaganem-epm",
        "wilaya": "27",
        "wilayaName": "Médéa",
        "commune": "Mostaganem",
        "address": "Mostaganem, Mostaganem, Algeria",
        "employeeCount": 750,
        "verificationStatus": "PENDING",
        "hasWebsite": true
      }
    },
    {
      "type": "Feature",
      "geometry": {
        "type": "Point",
        "coordinates": [
          0.093,
          35.9421
        ]
      },
      "properties": {
        "id": "cmsv3q2l300nqt9re4uloun6m",
        "name": "Caves Coopératives Vinification de Mostaganem (CCVM)",
        "slug": "caves-cooperatives-vinification-de-mostaganem-ccvm",
        "wilaya": "27",
        "wilayaName": "Médéa",
        "commune": "Mostaganem",
        "address": "Mostaganem, Mostaganem, Algeria",
        "employeeCount": 25,
        "verificationStatus": "PENDING",
        "hasWebsite": false
      }
    },
    {
      "type": "Feature",
      "geometry": {
        "type": "Point",
        "coordinates": [
          0.0993,
          35.9436
        ]
      },
      "properties": {
        "id": "cmsv3q2l500nst9rea8kajizc",
        "name": "Coopérative Pêcheurs de Mostaganem (CPM)",
        "slug": "cooperative-pecheurs-de-mostaganem-cpm",
        "wilaya": "27",
        "wilayaName": "Médéa",
        "commune": "Mostaganem",
        "address": "Mostaganem, Mostaganem, Algeria",
        "employeeCount": 375,
        "verificationStatus": "PENDING",
        "hasWebsite": false
      }
    },
    {
      "type": "Feature",
      "geometry": {
        "type": "Point",
        "coordinates": [
          0.0656,
          35.9064
        ]
      },
      "properties": {
        "id": "cmsv3q2l600nut9reztvegbu1",
        "name": "Conserverie Alimentaire de Mostaganem (CAM)",
        "slug": "conserverie-alimentaire-de-mostaganem-cam",
        "wilaya": "27",
        "wilayaName": "Médéa",
        "commune": "Mostaganem",
        "address": "Mostaganem, Mostaganem, Algeria",
        "employeeCount": 75,
        "verificationStatus": "PENDING",
        "hasWebsite": false
      }
    },
    {
      "type": "Feature",
      "geometry": {
        "type": "Point",
        "coordinates": [
          0.0636,
          35.9319
        ]
      },
      "properties": {
        "id": "cmsv3q2l800nwt9regbqysoau",
        "name": "Domaine Viticole de Mazouna (DVM)",
        "slug": "domaine-viticole-de-mazouna-dvm",
        "wilaya": "27",
        "wilayaName": "Médéa",
        "commune": "Mazouna",
        "address": "Mazouna, Mostaganem, Algeria",
        "employeeCount": 25,
        "verificationStatus": "PENDING",
        "hasWebsite": false
      }
    },
    {
      "type": "Feature",
      "geometry": {
        "type": "Point",
        "coordinates": [
          0.0674,
          35.939
        ]
      },
      "properties": {
        "id": "cmsv3q2l900nyt9re1ndpi4vf",
        "name": "Hôtel El Amir Mostaganem",
        "slug": "hotel-el-amir-mostaganem",
        "wilaya": "27",
        "wilayaName": "Médéa",
        "commune": "Mostaganem",
        "address": "Mostaganem, Mostaganem, Algeria",
        "employeeCount": 75,
        "verificationStatus": "PENDING",
        "hasWebsite": false
      }
    },
    {
      "type": "Feature",
      "geometry": {
        "type": "Point",
        "coordinates": [
          0.0672,
          35.9266
        ]
      },
      "properties": {
        "id": "cmsv3q2lb00o0t9reozrkfuyp",
        "name": "BTP Mostaganem Construction (BTPMC)",
        "slug": "btp-mostaganem-construction-btpmc",
        "wilaya": "27",
        "wilayaName": "Médéa",
        "commune": "Mostaganem",
        "address": "Mostaganem, Mostaganem, Algeria",
        "employeeCount": 175,
        "verificationStatus": "PENDING",
        "hasWebsite": false
      }
    },
    {
      "type": "Feature",
      "geometry": {
        "type": "Point",
        "coordinates": [
          0.0608,
          35.9098
        ]
      },
      "properties": {
        "id": "cmsv3q2lc00o2t9re9jgqixsa",
        "name": "Conserverie de Poissons de Mostaganem (CPoM)",
        "slug": "conserverie-de-poissons-de-mostaganem-cpom",
        "wilaya": "27",
        "wilayaName": "Médéa",
        "commune": "Mostaganem",
        "address": "Mostaganem, Mostaganem, Algeria",
        "employeeCount": 75,
        "verificationStatus": "PENDING",
        "hasWebsite": false
      }
    },
    {
      "type": "Feature",
      "geometry": {
        "type": "Point",
        "coordinates": [
          0.0825,
          35.9097
        ]
      },
      "properties": {
        "id": "cmsv3q2le00o4t9rexdxhywjl",
        "name": "Les Vins de Mostaganem SARL (VDM)",
        "slug": "les-vins-de-mostaganem-sarl-vdm",
        "wilaya": "27",
        "wilayaName": "Médéa",
        "commune": "Mostaganem",
        "address": "Mostaganem, Mostaganem, Algeria",
        "employeeCount": 25,
        "verificationStatus": "PENDING",
        "hasWebsite": false
      }
    },
    {
      "type": "Feature",
      "geometry": {
        "type": "Point",
        "coordinates": [
          -0.0712,
          35.8664
        ]
      },
      "properties": {
        "id": "cmsv3q2lf00o6t9rehmzbf276",
        "name": "Coopérative Agricole de Mostaganem (CAM-Agri)",
        "slug": "cooperative-agricole-de-mostaganem-cam-agri",
        "wilaya": "27",
        "wilayaName": "Médéa",
        "commune": "Ain Tédles",
        "address": "Ain Tédles, Mostaganem, Algeria",
        "employeeCount": 75,
        "verificationStatus": "PENDING",
        "hasWebsite": false
      }
    },
    {
      "type": "Feature",
      "geometry": {
        "type": "Point",
        "coordinates": [
          0.0734,
          35.9138
        ]
      },
      "properties": {
        "id": "cmsv3q2lg00o8t9redixmfnei",
        "name": "Transports Routiers Mostaganem (TRM)",
        "slug": "transports-routiers-mostaganem-trm",
        "wilaya": "27",
        "wilayaName": "Médéa",
        "commune": "Mostaganem",
        "address": "Mostaganem, Mostaganem, Algeria",
        "employeeCount": 25,
        "verificationStatus": "PENDING",
        "hasWebsite": false
      }
    },
    {
      "type": "Feature",
      "geometry": {
        "type": "Point",
        "coordinates": [
          0.0609,
          35.9539
        ]
      },
      "properties": {
        "id": "cmsv3q2li00oat9reipgptwie",
        "name": "Hôtel Royal Turquoise",
        "slug": "hotel-royal-turquoise",
        "wilaya": "27",
        "wilayaName": "Médéa",
        "commune": "Mostaganem",
        "address": "Mostaganem, Mostaganem, Algeria",
        "employeeCount": 25,
        "verificationStatus": "PENDING",
        "hasWebsite": false
      }
    },
    {
      "type": "Feature",
      "geometry": {
        "type": "Point",
        "coordinates": [
          0.0674,
          35.9063
        ]
      },
      "properties": {
        "id": "cmsv3q2lj00oct9re48gidy2i",
        "name": "Huilerie Moderne de Mostaganem (HMM)",
        "slug": "huilerie-moderne-de-mostaganem-hmm",
        "wilaya": "27",
        "wilayaName": "Médéa",
        "commune": "Sidi Lakhdar",
        "address": "Sidi Lakhdar, Mostaganem, Algeria",
        "employeeCount": 25,
        "verificationStatus": "PENDING",
        "hasWebsite": false
      }
    },
    {
      "type": "Feature",
      "geometry": {
        "type": "Point",
        "coordinates": [
          0.0555,
          35.9474
        ]
      },
      "properties": {
        "id": "cmsv3q2ll00oet9remnjoenkr",
        "name": "Société Commerciale de Mostaganem (SCM)",
        "slug": "societe-commerciale-de-mostaganem-scm",
        "wilaya": "27",
        "wilayaName": "Médéa",
        "commune": "Mostaganem",
        "address": "Mostaganem, Mostaganem, Algeria",
        "employeeCount": 25,
        "verificationStatus": "PENDING",
        "hasWebsite": false
      }
    },
    {
      "type": "Feature",
      "geometry": {
        "type": "Point",
        "coordinates": [
          0.0642,
          35.9356
        ]
      },
      "properties": {
        "id": "cmsv3q2lm00ogt9reyg2c3siu",
        "name": "Caves de Sidi Lakhdar (CSL)",
        "slug": "caves-de-sidi-lakhdar-csl",
        "wilaya": "27",
        "wilayaName": "Médéa",
        "commune": "Sidi Lakhdar",
        "address": "Sidi Lakhdar, Mostaganem, Algeria",
        "employeeCount": 25,
        "verificationStatus": "PENDING",
        "hasWebsite": false
      }
    },
    {
      "type": "Feature",
      "geometry": {
        "type": "Point",
        "coordinates": [
          0.0951,
          35.9438
        ]
      },
      "properties": {
        "id": "cmsv3q2lo00oit9reh2eh1sr4",
        "name": "Complex Touristique Sablettes (CTS)",
        "slug": "complex-touristique-sablettes-cts",
        "wilaya": "27",
        "wilayaName": "Médéa",
        "commune": "Mostaganem",
        "address": "Mostaganem, Mostaganem, Algeria",
        "employeeCount": 75,
        "verificationStatus": "PENDING",
        "hasWebsite": false
      }
    },
    {
      "type": "Feature",
      "geometry": {
        "type": "Point",
        "coordinates": [
          -0.0639,
          35.8695
        ]
      },
      "properties": {
        "id": "cmsv3q2lq00okt9rejlmwd44g",
        "name": "Domaine Céréalier de Ain Tédles (DCAT)",
        "slug": "domaine-cerealier-de-ain-tedles-dcat",
        "wilaya": "27",
        "wilayaName": "Médéa",
        "commune": "Ain Tédles",
        "address": "Ain Tédles, Mostaganem, Algeria",
        "employeeCount": 25,
        "verificationStatus": "PENDING",
        "hasWebsite": false
      }
    },
    {
      "type": "Feature",
      "geometry": {
        "type": "Point",
        "coordinates": [
          0.104,
          35.948
        ]
      },
      "properties": {
        "id": "cmsv3q2ls00omt9remjssg4sz",
        "name": "Services Universitaires Abdelhamid Ben Badis (SUABB)",
        "slug": "services-universitaires-abdelhamid-ben-badis-suabb",
        "wilaya": "27",
        "wilayaName": "Médéa",
        "commune": "Mostaganem",
        "address": "Mostaganem, Mostaganem, Algeria",
        "employeeCount": 25,
        "verificationStatus": "PENDING",
        "hasWebsite": false
      }
    },
    {
      "type": "Feature",
      "geometry": {
        "type": "Point",
        "coordinates": [
          0.0718,
          35.9184
        ]
      },
      "properties": {
        "id": "cmsv3q2lu00oot9reexjphbiy",
        "name": "Agence Voyages Mostaganem (AVM)",
        "slug": "agence-voyages-mostaganem-avm",
        "wilaya": "27",
        "wilayaName": "Médéa",
        "commune": "Mostaganem",
        "address": "Mostaganem, Mostaganem, Algeria",
        "employeeCount": 25,
        "verificationStatus": "PENDING",
        "hasWebsite": false
      }
    },
    {
      "type": "Feature",
      "geometry": {
        "type": "Point",
        "coordinates": [
          0.0814,
          35.958
        ]
      },
      "properties": {
        "id": "cmsv3q2lw00oqt9re9203v6b6",
        "name": "Pépinières et Horticulture Mostaganem (PHM)",
        "slug": "pepinieres-et-horticulture-mostaganem-phm",
        "wilaya": "27",
        "wilayaName": "Médéa",
        "commune": "Mansourah",
        "address": "Mansourah, Mostaganem, Algeria",
        "employeeCount": 25,
        "verificationStatus": "PENDING",
        "hasWebsite": false
      }
    },
    {
      "type": "Feature",
      "geometry": {
        "type": "Point",
        "coordinates": [
          0.0817,
          35.9173
        ]
      },
      "properties": {
        "id": "cmsv3q2lx00ost9re7psawdm4",
        "name": "Société Maritime de Pêche Artisanale (SMPA)",
        "slug": "societe-maritime-de-peche-artisanale-smpa",
        "wilaya": "27",
        "wilayaName": "Médéa",
        "commune": "Mostaganem",
        "address": "Mostaganem, Mostaganem, Algeria",
        "employeeCount": 25,
        "verificationStatus": "PENDING",
        "hasWebsite": false
      }
    },
    {
      "type": "Feature",
      "geometry": {
        "type": "Point",
        "coordinates": [
          0.0917,
          35.952
        ]
      },
      "properties": {
        "id": "cmsv3q2lz00out9re30zi02d9",
        "name": "Électromécanique Mostaganem (EMM)",
        "slug": "electromecanique-mostaganem-emm",
        "wilaya": "27",
        "wilayaName": "Médéa",
        "commune": "Mostaganem",
        "address": "Mostaganem, Mostaganem, Algeria",
        "employeeCount": 25,
        "verificationStatus": "PENDING",
        "hasWebsite": false
      }
    },
    {
      "type": "Feature",
      "geometry": {
        "type": "Point",
        "coordinates": [
          0.0857,
          35.9294
        ]
      },
      "properties": {
        "id": "cmsv3q2m400owt9re62jekava",
        "name": "Boulangerie Industrielle Mostaganem (BIM)",
        "slug": "boulangerie-industrielle-mostaganem-bim",
        "wilaya": "27",
        "wilayaName": "Médéa",
        "commune": "Mostaganem",
        "address": "Mostaganem, Mostaganem, Algeria",
        "employeeCount": 25,
        "verificationStatus": "PENDING",
        "hasWebsite": false
      }
    },
    {
      "type": "Feature",
      "geometry": {
        "type": "Point",
        "coordinates": [
          0.0602,
          35.9153
        ]
      },
      "properties": {
        "id": "cmsv3q2m600oyt9re7huu7xqd",
        "name": "Exploitations Agricoles de Mansourah (EAM)",
        "slug": "exploitations-agricoles-de-mansourah-eam",
        "wilaya": "27",
        "wilayaName": "Médéa",
        "commune": "Mansourah",
        "address": "Mansourah, Mostaganem, Algeria",
        "employeeCount": 25,
        "verificationStatus": "PENDING",
        "hasWebsite": false
      }
    },
    {
      "type": "Feature",
      "geometry": {
        "type": "Point",
        "coordinates": [
          0.0967,
          35.9361
        ]
      },
      "properties": {
        "id": "cmsv3q2me00p0t9reeqxbjb34",
        "name": "Manutention Portuaire Mostaganem (MPM)",
        "slug": "manutention-portuaire-mostaganem-mpm",
        "wilaya": "27",
        "wilayaName": "Médéa",
        "commune": "Mostaganem",
        "address": "Mostaganem, Mostaganem, Algeria",
        "employeeCount": 75,
        "verificationStatus": "PENDING",
        "hasWebsite": false
      }
    },
    {
      "type": "Feature",
      "geometry": {
        "type": "Point",
        "coordinates": [
          0.106,
          35.9395
        ]
      },
      "properties": {
        "id": "cmsv3q2mh00p2t9regc966ic8",
        "name": "Produits de la Mer Mostaganem (PMM)",
        "slug": "produits-de-la-mer-mostaganem-pmm",
        "wilaya": "27",
        "wilayaName": "Médéa",
        "commune": "Mostaganem",
        "address": "Mostaganem, Mostaganem, Algeria",
        "employeeCount": 25,
        "verificationStatus": "PENDING",
        "hasWebsite": false
      }
    },
    {
      "type": "Feature",
      "geometry": {
        "type": "Point",
        "coordinates": [
          0.0839,
          35.9446
        ]
      },
      "properties": {
        "id": "cmsv3q2mp00p4t9rejpmkd4r5",
        "name": "Matériaux Construction Mostaganem (MCM)",
        "slug": "materiaux-construction-mostaganem-mcm",
        "wilaya": "27",
        "wilayaName": "Médéa",
        "commune": "Mostaganem",
        "address": "Mostaganem, Mostaganem, Algeria",
        "employeeCount": 25,
        "verificationStatus": "PENDING",
        "hasWebsite": false
      }
    },
    {
      "type": "Feature",
      "geometry": {
        "type": "Point",
        "coordinates": [
          0.0785,
          35.9127
        ]
      },
      "properties": {
        "id": "cmsv3q2mq00p6t9re9kkydi5y",
        "name": "Domaine des Coteaux de Mostaganem (DCM)",
        "slug": "domaine-des-coteaux-de-mostaganem-dcm",
        "wilaya": "27",
        "wilayaName": "Médéa",
        "commune": "Habanas",
        "address": "Habanas, Mostaganem, Algeria",
        "employeeCount": 25,
        "verificationStatus": "PENDING",
        "hasWebsite": false
      }
    },
    {
      "type": "Feature",
      "geometry": {
        "type": "Point",
        "coordinates": [
          4.5816,
          35.6859
        ]
      },
      "properties": {
        "id": "cmsv3q2ms00p8t9revoujitvn",
        "name": "COMPLEXE CÉRÉALIER DE M'SILA (CCM)",
        "slug": "complexe-cerealier-de-msila-ccm",
        "wilaya": "50",
        "wilayaName": "Béni Abbès",
        "commune": "M'Sila",
        "address": "M'Sila, Wilaya 50, Algeria",
        "employeeCount": 175,
        "verificationStatus": "PENDING",
        "hasWebsite": false
      }
    },
    {
      "type": "Feature",
      "geometry": {
        "type": "Point",
        "coordinates": [
          4.5313,
          35.7081
        ]
      },
      "properties": {
        "id": "cmsv3q2n000pat9resfld5u7a",
        "name": "ÉLEVAGE OVIN MODERNE M'SILA (EOMM)",
        "slug": "elevage-ovin-moderne-msila-eomm",
        "wilaya": "50",
        "wilayaName": "Béni Abbès",
        "commune": "Magra",
        "address": "Magra, Wilaya 50, Algeria",
        "employeeCount": 25,
        "verificationStatus": "PENDING",
        "hasWebsite": false
      }
    },
    {
      "type": "Feature",
      "geometry": {
        "type": "Point",
        "coordinates": [
          -2.1806,
          29.7564
        ]
      },
      "properties": {
        "id": "cmsv3q2n200pct9rexgfzuyys",
        "name": "FROMAGERIE DE BOU SAÂDA (FBS)",
        "slug": "fromagerie-de-bou-saada-fbs",
        "wilaya": "50",
        "wilayaName": "Béni Abbès",
        "commune": "Bou Saâda",
        "address": "Bou Saâda, Wilaya 50, Algeria",
        "employeeCount": 25,
        "verificationStatus": "PENDING",
        "hasWebsite": false
      }
    },
    {
      "type": "Feature",
      "geometry": {
        "type": "Point",
        "coordinates": [
          -2.0613,
          30.1145
        ]
      },
      "properties": {
        "id": "cmsv3q2n400pet9re9rn50t0a",
        "name": "DATTES ET PRODUITS D'OASIS BOU SAÂDA (DPOBS)",
        "slug": "dattes-et-produits-doasis-bou-saada-dpobs",
        "wilaya": "50",
        "wilayaName": "Béni Abbès",
        "commune": "Bou Saâda",
        "address": "Bou Saâda, Wilaya 50, Algeria",
        "employeeCount": 25,
        "verificationStatus": "PENDING",
        "hasWebsite": false
      }
    },
    {
      "type": "Feature",
      "geometry": {
        "type": "Point",
        "coordinates": [
          4.5721,
          35.6849
        ]
      },
      "properties": {
        "id": "cmsv3q2n600pgt9reks4y6uww",
        "name": "TAPISERIE ARTISANALE DE M'SILA (TAM)",
        "slug": "tapiserie-artisanale-de-msila-tam",
        "wilaya": "50",
        "wilayaName": "Béni Abbès",
        "commune": "M'Sila",
        "address": "M'Sila, Wilaya 50, Algeria",
        "employeeCount": 75,
        "verificationStatus": "PENDING",
        "hasWebsite": false
      }
    },
    {
      "type": "Feature",
      "geometry": {
        "type": "Point",
        "coordinates": [
          -2.8499,
          29.7691
        ]
      },
      "properties": {
        "id": "cmsv3q2n700pit9rexnnsoehc",
        "name": "UNITÉ LAITIÈRE DE MAGRA (ULM)",
        "slug": "unite-laitiere-de-magra-ulm",
        "wilaya": "50",
        "wilayaName": "Béni Abbès",
        "commune": "Magra",
        "address": "Magra, Wilaya 50, Algeria",
        "employeeCount": 25,
        "verificationStatus": "PENDING",
        "hasWebsite": false
      }
    },
    {
      "type": "Feature",
      "geometry": {
        "type": "Point",
        "coordinates": [
          4.5823,
          35.6891
        ]
      },
      "properties": {
        "id": "cmsv3q2n900pkt9rezpdest7t",
        "name": "SARL MATÉRIAUX DE CONSTRUCTION M'SILA (MCMS)",
        "slug": "sarl-materiaux-de-construction-msila-mcms",
        "wilaya": "50",
        "wilayaName": "Béni Abbès",
        "commune": "M'Sila",
        "address": "M'Sila, Wilaya 50, Algeria",
        "employeeCount": 25,
        "verificationStatus": "PENDING",
        "hasWebsite": false
      }
    },
    {
      "type": "Feature",
      "geometry": {
        "type": "Point",
        "coordinates": [
          -1.78,
          30.2417
        ]
      },
      "properties": {
        "id": "cmsv3q2ne00pmt9ref0286nsy",
        "name": "COOPÉRATIVE DES CULTIVATEURS DE CÉRÉALES DE AIN EL MELH (CCC-AEM)",
        "slug": "cooperative-des-cultivateurs-de-cereales-de-ain-el-melh-ccc-aem",
        "wilaya": "50",
        "wilayaName": "Béni Abbès",
        "commune": "Ain El Melh",
        "address": "Ain El Melh, Wilaya 50, Algeria",
        "employeeCount": 25,
        "verificationStatus": "PENDING",
        "hasWebsite": false
      }
    },
    {
      "type": "Feature",
      "geometry": {
        "type": "Point",
        "coordinates": [
          4.563,
          35.7022
        ]
      },
      "properties": {
        "id": "cmsv3q2nf00pot9re01b8orsk",
        "name": "SARL TRANSPORTS SAHARIENS M'SILA (TSM)",
        "slug": "sarl-transports-sahariens-msila-tsm",
        "wilaya": "50",
        "wilayaName": "Béni Abbès",
        "commune": "M'Sila",
        "address": "M'Sila, Wilaya 50, Algeria",
        "employeeCount": 25,
        "verificationStatus": "PENDING",
        "hasWebsite": false
      }
    },
    {
      "type": "Feature",
      "geometry": {
        "type": "Point",
        "coordinates": [
          4.5774,
          35.703
        ]
      },
      "properties": {
        "id": "cmsv3q2nh00pqt9re0tyjga4z",
        "name": "ALIMENTATION DU BÉTAIL HODNA (ABH)",
        "slug": "alimentation-du-betail-hodna-abh",
        "wilaya": "50",
        "wilayaName": "Béni Abbès",
        "commune": "M'Sila",
        "address": "M'Sila, Wilaya 50, Algeria",
        "employeeCount": 25,
        "verificationStatus": "PENDING",
        "hasWebsite": false
      }
    },
    {
      "type": "Feature",
      "geometry": {
        "type": "Point",
        "coordinates": [
          4.5442,
          35.6898
        ]
      },
      "properties": {
        "id": "cmsv3q2nj00pst9refebr4b5k",
        "name": "ENTREPRISE DE TRAVAUX DE M'SILA (ETM)",
        "slug": "entreprise-de-travaux-de-msila-etm",
        "wilaya": "50",
        "wilayaName": "Béni Abbès",
        "commune": "M'Sila",
        "address": "M'Sila, Wilaya 50, Algeria",
        "employeeCount": 75,
        "verificationStatus": "PENDING",
        "hasWebsite": false
      }
    },
    {
      "type": "Feature",
      "geometry": {
        "type": "Point",
        "coordinates": [
          4.738,
          35.7054
        ]
      },
      "properties": {
        "id": "cmsv3q2nn00put9reuvug8slw",
        "name": "FERME AVICOLE DE MAADID (FAM)",
        "slug": "ferme-avicole-de-maadid-fam",
        "wilaya": "50",
        "wilayaName": "Béni Abbès",
        "commune": "Maadid",
        "address": "Maadid, Wilaya 50, Algeria",
        "employeeCount": 25,
        "verificationStatus": "PENDING",
        "hasWebsite": false
      }
    },
    {
      "type": "Feature",
      "geometry": {
        "type": "Point",
        "coordinates": [
          -2.2118,
          29.5356
        ]
      },
      "properties": {
        "id": "cmsv3q2no00pwt9rejgezgesi",
        "name": "SARL COMMERCE GÉNÉRAL BOU SAÂDA (CGBS)",
        "slug": "sarl-commerce-general-bou-saada-cgbs",
        "wilaya": "50",
        "wilayaName": "Béni Abbès",
        "commune": "Bou Saâda",
        "address": "Bou Saâda, Wilaya 50, Algeria",
        "employeeCount": 25,
        "verificationStatus": "PENDING",
        "hasWebsite": false
      }
    },
    {
      "type": "Feature",
      "geometry": {
        "type": "Point",
        "coordinates": [
          -1.483,
          30.5278
        ]
      },
      "properties": {
        "id": "cmsv3q2nq00pyt9reu6nforum",
        "name": "HUILERIE TRADITIONNELLE DE MEDJEDEL (HTM)",
        "slug": "huilerie-traditionnelle-de-medjedel-htm",
        "wilaya": "50",
        "wilayaName": "Béni Abbès",
        "commune": "Medjedel",
        "address": "Medjedel, Wilaya 50, Algeria",
        "employeeCount": 25,
        "verificationStatus": "PENDING",
        "hasWebsite": false
      }
    },
    {
      "type": "Feature",
      "geometry": {
        "type": "Point",
        "coordinates": [
          4.5518,
          35.722
        ]
      },
      "properties": {
        "id": "cmsv3q2nr00q0t9re9av8l2xn",
        "name": "SARL PLOMBERIE ÉLECTRICITÉ M'SILA (PEM)",
        "slug": "sarl-plomberie-electricite-msila-pem",
        "wilaya": "50",
        "wilayaName": "Béni Abbès",
        "commune": "M'Sila",
        "address": "M'Sila, Wilaya 50, Algeria",
        "employeeCount": 25,
        "verificationStatus": "PENDING",
        "hasWebsite": false
      }
    },
    {
      "type": "Feature",
      "geometry": {
        "type": "Point",
        "coordinates": [
          -2.601,
          30.5317
        ]
      },
      "properties": {
        "id": "cmsv3q2nt00q2t9redngwx2gk",
        "name": "COOPÉRATIVE DES ÉLEVEURS OVINS DE MAGRA (CEOM)",
        "slug": "cooperative-des-eleveurs-ovins-de-magra-ceom",
        "wilaya": "50",
        "wilayaName": "Béni Abbès",
        "commune": "Magra",
        "address": "Magra, Wilaya 50, Algeria",
        "employeeCount": 25,
        "verificationStatus": "PENDING",
        "hasWebsite": false
      }
    },
    {
      "type": "Feature",
      "geometry": {
        "type": "Point",
        "coordinates": [
          -2.4381,
          30.3068
        ]
      },
      "properties": {
        "id": "cmsv3q2nu00q4t9reeiujms8f",
        "name": "SARL MENUISERIE ALUMINIUM BOU SAÂDA (MABS)",
        "slug": "sarl-menuiserie-aluminium-bou-saada-mabs",
        "wilaya": "50",
        "wilayaName": "Béni Abbès",
        "commune": "Bou Saâda",
        "address": "Bou Saâda, Wilaya 50, Algeria",
        "employeeCount": 25,
        "verificationStatus": "PENDING",
        "hasWebsite": false
      }
    },
    {
      "type": "Feature",
      "geometry": {
        "type": "Point",
        "coordinates": [
          4.5338,
          35.7021
        ]
      },
      "properties": {
        "id": "cmsv3q2nv00q6t9red9931of4",
        "name": "SARL AGRO-SERVICES HODNA (ASH)",
        "slug": "sarl-agro-services-hodna-ash",
        "wilaya": "50",
        "wilayaName": "Béni Abbès",
        "commune": "M'Sila",
        "address": "M'Sila, Wilaya 50, Algeria",
        "employeeCount": 25,
        "verificationStatus": "PENDING",
        "hasWebsite": false
      }
    },
    {
      "type": "Feature",
      "geometry": {
        "type": "Point",
        "coordinates": [
          4.5752,
          35.6826
        ]
      },
      "properties": {
        "id": "cmsv3q2nw00q8t9rezyu2h80e",
        "name": "MINOTERIE INDUSTRIELLE DE M'SILA (MIM)",
        "slug": "minoterie-industrielle-de-msila-mim",
        "wilaya": "50",
        "wilayaName": "Béni Abbès",
        "commune": "M'Sila",
        "address": "M'Sila, Wilaya 50, Algeria",
        "employeeCount": 75,
        "verificationStatus": "PENDING",
        "hasWebsite": false
      }
    },
    {
      "type": "Feature",
      "geometry": {
        "type": "Point",
        "coordinates": [
          -1.9124,
          30.2402
        ]
      },
      "properties": {
        "id": "cmsv3q2ny00qat9rebeb30ske",
        "name": "SARL TOURISME OASIS BOU SAÂDA (TOBS)",
        "slug": "sarl-tourisme-oasis-bou-saada-tobs",
        "wilaya": "50",
        "wilayaName": "Béni Abbès",
        "commune": "Bou Saâda",
        "address": "Bou Saâda, Wilaya 50, Algeria",
        "employeeCount": 25,
        "verificationStatus": "PENDING",
        "hasWebsite": true
      }
    },
    {
      "type": "Feature",
      "geometry": {
        "type": "Point",
        "coordinates": [
          4.5326,
          35.7236
        ]
      },
      "properties": {
        "id": "cmsv3q2nz00qct9rev408avkl",
        "name": "SARL PEINTURE ET DÉCORATION M'SILA (PDM)",
        "slug": "sarl-peinture-et-decoration-msila-pdm",
        "wilaya": "50",
        "wilayaName": "Béni Abbès",
        "commune": "M'Sila",
        "address": "M'Sila, Wilaya 50, Algeria",
        "employeeCount": 25,
        "verificationStatus": "PENDING",
        "hasWebsite": false
      }
    },
    {
      "type": "Feature",
      "geometry": {
        "type": "Point",
        "coordinates": [
          -2.637,
          30.492
        ]
      },
      "properties": {
        "id": "cmsv3q2o000qet9reqhcb3ujz",
        "name": "SOCIÉTÉ D'EXPLOITATION DES DATTES DE BOU SAÂDA (SED-BS)",
        "slug": "societe-dexploitation-des-dattes-de-bou-saada-sed-bs",
        "wilaya": "50",
        "wilayaName": "Béni Abbès",
        "commune": "Bou Saâda",
        "address": "Bou Saâda, Wilaya 50, Algeria",
        "employeeCount": 25,
        "verificationStatus": "PENDING",
        "hasWebsite": false
      }
    },
    {
      "type": "Feature",
      "geometry": {
        "type": "Point",
        "coordinates": [
          4.533,
          35.7052
        ]
      },
      "properties": {
        "id": "cmsv3q2o200qgt9reavq4ioaa",
        "name": "SARL SERVICES INFORMATIQUES M'SILA (SIM)",
        "slug": "sarl-services-informatiques-msila-sim",
        "wilaya": "50",
        "wilayaName": "Béni Abbès",
        "commune": "M'Sila",
        "address": "M'Sila, Wilaya 50, Algeria",
        "employeeCount": 25,
        "verificationStatus": "PENDING",
        "hasWebsite": true
      }
    },
    {
      "type": "Feature",
      "geometry": {
        "type": "Point",
        "coordinates": [
          -2.5764,
          30.3768
        ]
      },
      "properties": {
        "id": "cmsv3q2o300qit9re8ltqduwf",
        "name": "COOPÉRATIVE APICOLE DU HODNA (CAH)",
        "slug": "cooperative-apicole-du-hodna-cah",
        "wilaya": "50",
        "wilayaName": "Béni Abbès",
        "commune": "Ain El Melh",
        "address": "Ain El Melh, Wilaya 50, Algeria",
        "employeeCount": 25,
        "verificationStatus": "PENDING",
        "hasWebsite": false
      }
    },
    {
      "type": "Feature",
      "geometry": {
        "type": "Point",
        "coordinates": [
          4.5434,
          35.6881
        ]
      },
      "properties": {
        "id": "cmsv3q2o500qkt9re2ooepow4",
        "name": "SARL QUINCAILLERIE INDUSTRIELLE M'SILA (QIM)",
        "slug": "sarl-quincaillerie-industrielle-msila-qim",
        "wilaya": "50",
        "wilayaName": "Béni Abbès",
        "commune": "M'Sila",
        "address": "M'Sila, Wilaya 50, Algeria",
        "employeeCount": 25,
        "verificationStatus": "PENDING",
        "hasWebsite": false
      }
    },
    {
      "type": "Feature",
      "geometry": {
        "type": "Point",
        "coordinates": [
          5.9301,
          36.676
        ]
      },
      "properties": {
        "id": "cmsv3q2o600qmt9repegkb6e1",
        "name": "SARL SEL DE NAAMA (SDN)",
        "slug": "sarl-sel-de-naama-sdn",
        "wilaya": "40",
        "wilayaName": "Mila",
        "commune": "Naama",
        "address": "Naama, Naama, Algeria",
        "employeeCount": 25,
        "verificationStatus": "PENDING",
        "hasWebsite": false
      }
    },
    {
      "type": "Feature",
      "geometry": {
        "type": "Point",
        "coordinates": [
          6.3151,
          36.6798
        ]
      },
      "properties": {
        "id": "cmsv3q2o700qot9re3z2han82",
        "name": "EURL ÉLEVAGES SAHARIENS BENALLOUCHE",
        "slug": "eurl-elevages-sahariens-benallouche",
        "wilaya": "40",
        "wilayaName": "Mila",
        "commune": "Mecheria",
        "address": "Mecheria, Naama, Algeria",
        "employeeCount": 25,
        "verificationStatus": "PENDING",
        "hasWebsite": false
      }
    },
    {
      "type": "Feature",
      "geometry": {
        "type": "Point",
        "coordinates": [
          -0.5493,
          33.1221
        ]
      },
      "properties": {
        "id": "cmsv3q2o900qqt9rebaoyk28i",
        "name": "COOPÉRATIVE PHOENICOLE AIN BEN KHELIL",
        "slug": "cooperative-phoenicole-ain-ben-khelil",
        "wilaya": "40",
        "wilayaName": "Mila",
        "commune": "Ain Ben Khelil",
        "address": "Ain Ben Khelil, Naama, Algeria",
        "employeeCount": 25,
        "verificationStatus": "PENDING",
        "hasWebsite": false
      }
    },
    {
      "type": "Feature",
      "geometry": {
        "type": "Point",
        "coordinates": [
          6.4158,
          36.5194
        ]
      },
      "properties": {
        "id": "cmsv3q2oa00qst9re0q8jlvml",
        "name": "SARL NAAMA SOLAIRE ÉNERGIES (NSE)",
        "slug": "sarl-naama-solaire-energies-nse",
        "wilaya": "40",
        "wilayaName": "Mila",
        "commune": "Naama",
        "address": "Naama, Naama, Algeria",
        "employeeCount": 25,
        "verificationStatus": "PENDING",
        "hasWebsite": false
      }
    },
    {
      "type": "Feature",
      "geometry": {
        "type": "Point",
        "coordinates": [
          6.1116,
          36.4725
        ]
      },
      "properties": {
        "id": "cmsv3q2oc00qut9rewzjwblt2",
        "name": "SARL COMMERCE GÉNÉRAL MECHERIA (CGM)",
        "slug": "sarl-commerce-general-mecheria-cgm",
        "wilaya": "40",
        "wilayaName": "Mila",
        "commune": "Mecheria",
        "address": "Mecheria, Naama, Algeria",
        "employeeCount": 25,
        "verificationStatus": "PENDING",
        "hasWebsite": false
      }
    },
    {
      "type": "Feature",
      "geometry": {
        "type": "Point",
        "coordinates": [
          6.3699,
          36.6546
        ]
      },
      "properties": {
        "id": "cmsv3q2od00qwt9reo6blm3fl",
        "name": "SAHARA NAAMA TOURS (SNT)",
        "slug": "sahara-naama-tours-snt",
        "wilaya": "40",
        "wilayaName": "Mila",
        "commune": "Naama",
        "address": "Naama, Naama, Algeria",
        "employeeCount": 25,
        "verificationStatus": "PENDING",
        "hasWebsite": false
      }
    },
    {
      "type": "Feature",
      "geometry": {
        "type": "Point",
        "coordinates": [
          6.0706,
          36.6902
        ]
      },
      "properties": {
        "id": "cmsv3q2of00qyt9reyijjekax",
        "name": "SARL FORAGE ET POMPES DES HAUTS PLATEAUX (FPHP)",
        "slug": "sarl-forage-et-pompes-des-hauts-plateaux-fphp",
        "wilaya": "40",
        "wilayaName": "Mila",
        "commune": "Naama",
        "address": "Naama, Naama, Algeria",
        "employeeCount": 25,
        "verificationStatus": "PENDING",
        "hasWebsite": false
      }
    },
    {
      "type": "Feature",
      "geometry": {
        "type": "Point",
        "coordinates": [
          6.4206,
          36.1568
        ]
      },
      "properties": {
        "id": "cmsv3q2oh00r0t9rext207t7e",
        "name": "EURL ABDELLAH TRADING",
        "slug": "eurl-abdellah-trading",
        "wilaya": "40",
        "wilayaName": "Mila",
        "commune": "Naama",
        "address": "Naama, Naama, Algeria",
        "employeeCount": 25,
        "verificationStatus": "PENDING",
        "hasWebsite": false
      }
    },
    {
      "type": "Feature",
      "geometry": {
        "type": "Point",
        "coordinates": [
          5.9965,
          36.4492
        ]
      },
      "properties": {
        "id": "cmsv3q2oj00r2t9rebzxkzcbt",
        "name": "SARL BTP STEPPES CONSTRUCTION",
        "slug": "sarl-btp-steppes-construction",
        "wilaya": "40",
        "wilayaName": "Mila",
        "commune": "Mecheria",
        "address": "Mecheria, Naama, Algeria",
        "employeeCount": 25,
        "verificationStatus": "PENDING",
        "hasWebsite": false
      }
    },
    {
      "type": "Feature",
      "geometry": {
        "type": "Point",
        "coordinates": [
          2.9016,
          36.5797
        ]
      },
      "properties": {
        "id": "cmsv3q2op00r4t9re1puthel5",
        "name": "COMPLEXE INDUSTRIEL DU SEL (CIS) - USINE NAAMA",
        "slug": "complexe-industriel-du-sel-cis-usine-naama",
        "wilaya": "00",
        "wilayaName": "00",
        "commune": "Naama",
        "address": "Naama, Unknown, Algeria",
        "employeeCount": 25,
        "verificationStatus": "PENDING",
        "hasWebsite": false
      }
    },
    {
      "type": "Feature",
      "geometry": {
        "type": "Point",
        "coordinates": [
          -0.2318,
          33.5462
        ]
      },
      "properties": {
        "id": "cmsv3q2or00r6t9reuoj2y38m",
        "name": "ÉLEVAGE PASTORAL MOGHRAR (EPM)",
        "slug": "elevage-pastoral-moghrar-epm",
        "wilaya": "40",
        "wilayaName": "Mila",
        "commune": "Moghrar",
        "address": "Moghrar, Naama, Algeria",
        "employeeCount": 25,
        "verificationStatus": "PENDING",
        "hasWebsite": false
      }
    },
    {
      "type": "Feature",
      "geometry": {
        "type": "Point",
        "coordinates": [
          6.3072,
          36.2326
        ]
      },
      "properties": {
        "id": "cmsv3q2os00r8t9reb9u7zo6s",
        "name": "SARL TRANSPORTS ET LOGISTIQUE NAAMA (TLN)",
        "slug": "sarl-transports-et-logistique-naama-tln",
        "wilaya": "40",
        "wilayaName": "Mila",
        "commune": "Naama",
        "address": "Naama, Naama, Algeria",
        "employeeCount": 25,
        "verificationStatus": "PENDING",
        "hasWebsite": false
      }
    },
    {
      "type": "Feature",
      "geometry": {
        "type": "Point",
        "coordinates": [
          6.5744,
          36.5114
        ]
      },
      "properties": {
        "id": "cmsv3q2ou00rat9reump1svkr",
        "name": "EURL PRODUITS DE LA TERRE ASLA",
        "slug": "eurl-produits-de-la-terre-asla",
        "wilaya": "40",
        "wilayaName": "Mila",
        "commune": "Asla",
        "address": "Asla, Naama, Algeria",
        "employeeCount": 25,
        "verificationStatus": "PENDING",
        "hasWebsite": false
      }
    },
    {
      "type": "Feature",
      "geometry": {
        "type": "Point",
        "coordinates": [
          6.1731,
          36.4369
        ]
      },
      "properties": {
        "id": "cmsv3q2p000rct9rezsl8wd40",
        "name": "SARL MATÉRIAUX BÂTIMENT NAAMA (MBN)",
        "slug": "sarl-materiaux-batiment-naama-mbn",
        "wilaya": "40",
        "wilayaName": "Mila",
        "commune": "Naama",
        "address": "Naama, Naama, Algeria",
        "employeeCount": 25,
        "verificationStatus": "PENDING",
        "hasWebsite": false
      }
    },
    {
      "type": "Feature",
      "geometry": {
        "type": "Point",
        "coordinates": [
          3.2382,
          36.6271
        ]
      },
      "properties": {
        "id": "cmsv3q2p200ret9re3vubu5od",
        "name": "SONELGAZ NAAMA - ÉLECTRICITÉ ET GAZ D'ALGÉRIE",
        "slug": "sonelgaz-naama-electricite-et-gaz-dalgerie",
        "wilaya": "00",
        "wilayaName": "00",
        "commune": "Naama",
        "address": "Naama, Unknown, Algeria",
        "employeeCount": 25,
        "verificationStatus": "PENDING",
        "hasWebsite": true
      }
    },
    {
      "type": "Feature",
      "geometry": {
        "type": "Point",
        "coordinates": [
          3.2281,
          36.6112
        ]
      },
      "properties": {
        "id": "cmsv3q2p300rgt9rey165tp04",
        "name": "POSTE ALGÉRIENNE NAAMA - CENTRE PRINCIPAL",
        "slug": "poste-algerienne-naama-centre-principal",
        "wilaya": "00",
        "wilayaName": "00",
        "commune": "Naama",
        "address": "Naama, Unknown, Algeria",
        "employeeCount": 25,
        "verificationStatus": "PENDING",
        "hasWebsite": true
      }
    },
    {
      "type": "Feature",
      "geometry": {
        "type": "Point",
        "coordinates": [
          3.0776,
          36.7455
        ]
      },
      "properties": {
        "id": "cmsv3q2p500rit9revq7nf2eg",
        "name": "BANQUE DE L'AGRICULTURE ET DU DÉVELOPPEMENT RURAL (BADR) AGENCE NAAMA",
        "slug": "banque-de-lagriculture-et-du-developpement-rural-badr-agence-naama",
        "wilaya": "00",
        "wilayaName": "00",
        "commune": "Naama",
        "address": "Naama, Unknown, Algeria",
        "employeeCount": 25,
        "verificationStatus": "PENDING",
        "hasWebsite": true
      }
    },
    {
      "type": "Feature",
      "geometry": {
        "type": "Point",
        "coordinates": [
          6.5192,
          36.4673
        ]
      },
      "properties": {
        "id": "cmsv3q2pb00rkt9rexqmsjdrx",
        "name": "SARL LAITIÈRES ET FROMAGERIES DES HPLATEAUX (LFHP)",
        "slug": "sarl-laitieres-et-fromageries-des-hplateaux-lfhp",
        "wilaya": "40",
        "wilayaName": "Mila",
        "commune": "Mecheria",
        "address": "Mecheria, Naama, Algeria",
        "employeeCount": 25,
        "verificationStatus": "PENDING",
        "hasWebsite": false
      }
    },
    {
      "type": "Feature",
      "geometry": {
        "type": "Point",
        "coordinates": [
          6.4739,
          36.4526
        ]
      },
      "properties": {
        "id": "cmsv3q2pd00rmt9re3z233trg",
        "name": "EURL ARTISANAT SAHARIEN NAAMA",
        "slug": "eurl-artisanat-saharien-naama",
        "wilaya": "40",
        "wilayaName": "Mila",
        "commune": "Naama",
        "address": "Naama, Naama, Algeria",
        "employeeCount": 25,
        "verificationStatus": "PENDING",
        "hasWebsite": false
      }
    },
    {
      "type": "Feature",
      "geometry": {
        "type": "Point",
        "coordinates": [
          5.9284,
          36.2457
        ]
      },
      "properties": {
        "id": "cmsv3q2pf00rot9re2ljx90jj",
        "name": "SARL SERVICES PÉTROLIERS NAAMA (SPN)",
        "slug": "sarl-services-petroliers-naama-spn",
        "wilaya": "40",
        "wilayaName": "Mila",
        "commune": "Naama",
        "address": "Naama, Naama, Algeria",
        "employeeCount": 25,
        "verificationStatus": "PENDING",
        "hasWebsite": false
      }
    },
    {
      "type": "Feature",
      "geometry": {
        "type": "Point",
        "coordinates": [
          3.0305,
          36.9238
        ]
      },
      "properties": {
        "id": "cmsv3q2ph00rqt9ret8qz7759",
        "name": "MOBILIS NAAMA - ALGÉRIENNE DES TÉLÉCOMMUNICATIONS",
        "slug": "mobilis-naama-algerienne-des-telecommunications",
        "wilaya": "00",
        "wilayaName": "00",
        "commune": "Naama",
        "address": "Naama, Unknown, Algeria",
        "employeeCount": 25,
        "verificationStatus": "PENDING",
        "hasWebsite": true
      }
    },
    {
      "type": "Feature",
      "geometry": {
        "type": "Point",
        "coordinates": [
          3.0653,
          36.8723
        ]
      },
      "properties": {
        "id": "cmsv3q2po00rst9reuyknxei5",
        "name": "DJEEZY NAAMA - OPTIMUM TELECOM ALGÉRIE",
        "slug": "djeezy-naama-optimum-telecom-algerie",
        "wilaya": "00",
        "wilayaName": "00",
        "commune": "Naama",
        "address": "Naama, Unknown, Algeria",
        "employeeCount": 25,
        "verificationStatus": "PENDING",
        "hasWebsite": true
      }
    },
    {
      "type": "Feature",
      "geometry": {
        "type": "Point",
        "coordinates": [
          3.0704,
          36.6406
        ]
      },
      "properties": {
        "id": "cmsv3q2pp00rut9re0v2r3bjs",
        "name": "ANADE NAAMA - AGENCE D'APPUI AU DÉVELOPPEMENT DE L'ENTREPRENARIAT",
        "slug": "anade-naama-agence-dappui-au-developpement-de-lentreprenariat",
        "wilaya": "00",
        "wilayaName": "00",
        "commune": "Naama",
        "address": "Naama, Unknown, Algeria",
        "employeeCount": 25,
        "verificationStatus": "PENDING",
        "hasWebsite": true
      }
    },
    {
      "type": "Feature",
      "geometry": {
        "type": "Point",
        "coordinates": [
          6.0932,
          31.6566
        ]
      },
      "properties": {
        "id": "cmsv3q2ps00rwt9rev0ofelad",
        "name": "Sonatrach - Direction Régionale Exploration-Production Ouargla",
        "slug": "sonatrach-direction-regionale-exploration-production-ouargla",
        "wilaya": "30",
        "wilayaName": "Mascara",
        "commune": "Hassi Messaoud",
        "address": "Hassi Messaoud, Ouargla, Algeria",
        "employeeCount": 2750,
        "verificationStatus": "PENDING",
        "hasWebsite": true
      }
    },
    {
      "type": "Feature",
      "geometry": {
        "type": "Point",
        "coordinates": [
          6.0917,
          31.6539
        ]
      },
      "properties": {
        "id": "cmsv3q2q100ryt9re1pgm1n1m",
        "name": "ENAFOR - Entreprise Nationale de Forage",
        "slug": "enafor-entreprise-nationale-de-forage",
        "wilaya": "30",
        "wilayaName": "Mascara",
        "commune": "Hassi Messaoud",
        "address": "Hassi Messaoud, Ouargla, Algeria",
        "employeeCount": 3750,
        "verificationStatus": "PENDING",
        "hasWebsite": true
      }
    },
    {
      "type": "Feature",
      "geometry": {
        "type": "Point",
        "coordinates": [
          6.0395,
          31.6714
        ]
      },
      "properties": {
        "id": "cmsv3q2q300s0t9re1vyloe2s",
        "name": "ENTP - Entreprise Nationale des Travaux Pétroliers",
        "slug": "entp-entreprise-nationale-des-travaux-petroliers",
        "wilaya": "30",
        "wilayaName": "Mascara",
        "commune": "Hassi Messaoud",
        "address": "Hassi Messaoud, Ouargla, Algeria",
        "employeeCount": 25,
        "verificationStatus": "PENDING",
        "hasWebsite": true
      }
    },
    {
      "type": "Feature",
      "geometry": {
        "type": "Point",
        "coordinates": [
          6.066,
          31.6593
        ]
      },
      "properties": {
        "id": "cmsv3q2q500s2t9re16xlgscs",
        "name": "ENGEPE - Entreprise Générale d'Engineering Pétrolier et d'Équipement",
        "slug": "engepe-entreprise-generale-dengineering-petrolier-et-dequipement",
        "wilaya": "30",
        "wilayaName": "Mascara",
        "commune": "Hassi Messaoud",
        "address": "Hassi Messaoud, Ouargla, Algeria",
        "employeeCount": 25,
        "verificationStatus": "PENDING",
        "hasWebsite": false
      }
    },
    {
      "type": "Feature",
      "geometry": {
        "type": "Point",
        "coordinates": [
          6.0356,
          31.688
        ]
      },
      "properties": {
        "id": "cmsv3q2q900s4t9reli66v8ai",
        "name": "COSIDER - Division Pétrole & Gaz",
        "slug": "cosider-division-petrole-gaz",
        "wilaya": "30",
        "wilayaName": "Mascara",
        "commune": "Hassi Messaoud",
        "address": "Hassi Messaoud, Ouargla, Algeria",
        "employeeCount": 25,
        "verificationStatus": "PENDING",
        "hasWebsite": true
      }
    },
    {
      "type": "Feature",
      "geometry": {
        "type": "Point",
        "coordinates": [
          6.0549,
          31.6615
        ]
      },
      "properties": {
        "id": "cmsv3q2qc00s6t9re61rslv7p",
        "name": "GSE - General Services Entreprise",
        "slug": "gse-general-services-entreprise",
        "wilaya": "30",
        "wilayaName": "Mascara",
        "commune": "Hassi Messaoud",
        "address": "Hassi Messaoud, Ouargla, Algeria",
        "employeeCount": 25,
        "verificationStatus": "PENDING",
        "hasWebsite": false
      }
    },
    {
      "type": "Feature",
      "geometry": {
        "type": "Point",
        "coordinates": [
          6.0441,
          33.1111
        ]
      },
      "properties": {
        "id": "cmsv3q2qe00s8t9rec9qfsig5",
        "name": "Société des Dattes de Touggourt (SDT)",
        "slug": "societe-des-dattes-de-touggourt-sdt",
        "wilaya": "30",
        "wilayaName": "Mascara",
        "commune": "Touggourt",
        "address": "Touggourt, Ouargla, Algeria",
        "employeeCount": 25,
        "verificationStatus": "PENDING",
        "hasWebsite": false
      }
    },
    {
      "type": "Feature",
      "geometry": {
        "type": "Point",
        "coordinates": [
          5.3122,
          33.8019
        ]
      },
      "properties": {
        "id": "cmsv3q2qh00sat9rekagkg9oq",
        "name": "Compagnie Saharienne de Tourisme (CST)",
        "slug": "compagnie-saharienne-de-tourisme-cst",
        "wilaya": "30",
        "wilayaName": "Mascara",
        "commune": "Ouargla",
        "address": "Ouargla, Ouargla, Algeria",
        "employeeCount": 25,
        "verificationStatus": "PENDING",
        "hasWebsite": false
      }
    },
    {
      "type": "Feature",
      "geometry": {
        "type": "Point",
        "coordinates": [
          5.3165,
          33.8079
        ]
      },
      "properties": {
        "id": "cmsv3q2qi00sct9rey7noh4x4",
        "name": "Sahara Solar Énergies Renouvelables",
        "slug": "sahara-solar-energies-renouvelables",
        "wilaya": "30",
        "wilayaName": "Mascara",
        "commune": "Ouargla",
        "address": "Ouargla, Ouargla, Algeria",
        "employeeCount": 25,
        "verificationStatus": "PENDING",
        "hasWebsite": false
      }
    },
    {
      "type": "Feature",
      "geometry": {
        "type": "Point",
        "coordinates": [
          6.073,
          31.656
        ]
      },
      "properties": {
        "id": "cmsv3q2qj00set9reas1re8mi",
        "name": "Transports Pétroliers du Sud (TPS)",
        "slug": "transports-petroliers-du-sud-tps",
        "wilaya": "30",
        "wilayaName": "Mascara",
        "commune": "Hassi Messaoud",
        "address": "Hassi Messaoud, Ouargla, Algeria",
        "employeeCount": 25,
        "verificationStatus": "PENDING",
        "hasWebsite": false
      }
    },
    {
      "type": "Feature",
      "geometry": {
        "type": "Point",
        "coordinates": [
          5.2992,
          33.8151
        ]
      },
      "properties": {
        "id": "cmsv3q2ql00sgt9reehsjbkrw",
        "name": "Bâtiments et Travaux Publics du Sahara (BTPS)",
        "slug": "batiments-et-travaux-publics-du-sahara-btps",
        "wilaya": "30",
        "wilayaName": "Mascara",
        "commune": "Ouargla",
        "address": "Ouargla, Ouargla, Algeria",
        "employeeCount": 25,
        "verificationStatus": "PENDING",
        "hasWebsite": false
      }
    },
    {
      "type": "Feature",
      "geometry": {
        "type": "Point",
        "coordinates": [
          5.2949,
          33.7893
        ]
      },
      "properties": {
        "id": "cmsv3q2qm00sit9reo547vi4a",
        "name": "Éts. Benmoussa Frères - Commerce Général",
        "slug": "ets-benmoussa-freres-commerce-general",
        "wilaya": "30",
        "wilayaName": "Mascara",
        "commune": "Ouargla",
        "address": "Ouargla, Ouargla, Algeria",
        "employeeCount": 25,
        "verificationStatus": "PENDING",
        "hasWebsite": false
      }
    },
    {
      "type": "Feature",
      "geometry": {
        "type": "Point",
        "coordinates": [
          5.288,
          33.7972
        ]
      },
      "properties": {
        "id": "cmsv3q2qn00skt9re5uzdjo3d",
        "name": "Hydraulique Désert SAHRA",
        "slug": "hydraulique-desert-sahra",
        "wilaya": "30",
        "wilayaName": "Mascara",
        "commune": "Ouargla",
        "address": "Ouargla, Ouargla, Algeria",
        "employeeCount": 25,
        "verificationStatus": "PENDING",
        "hasWebsite": false
      }
    },
    {
      "type": "Feature",
      "geometry": {
        "type": "Point",
        "coordinates": [
          6.0415,
          31.6931
        ]
      },
      "properties": {
        "id": "cmsv3q2qp00smt9reb7q2xswh",
        "name": "Mecanique Pétrolière Saharienne (MPS)",
        "slug": "mecanique-petroliere-saharienne-mps",
        "wilaya": "30",
        "wilayaName": "Mascara",
        "commune": "Hassi Messaoud",
        "address": "Hassi Messaoud, Ouargla, Algeria",
        "employeeCount": 25,
        "verificationStatus": "PENDING",
        "hasWebsite": false
      }
    },
    {
      "type": "Feature",
      "geometry": {
        "type": "Point",
        "coordinates": [
          6.0601,
          33.1309
        ]
      },
      "properties": {
        "id": "cmsv3q2qq00sot9re94a0lq22",
        "name": "Société de Conditionnement des Dattes (SCD Touggourt)",
        "slug": "societe-de-conditionnement-des-dattes-scd-touggourt",
        "wilaya": "30",
        "wilayaName": "Mascara",
        "commune": "Touggourt",
        "address": "Touggourt, Ouargla, Algeria",
        "employeeCount": 25,
        "verificationStatus": "PENDING",
        "hasWebsite": false
      }
    },
    {
      "type": "Feature",
      "geometry": {
        "type": "Point",
        "coordinates": [
          6.0653,
          31.6618
        ]
      },
      "properties": {
        "id": "cmsv3q2qs00sqt9rey2zyvopl",
        "name": "Électricité Industrielle du Sud (EIS)",
        "slug": "electricite-industrielle-du-sud-eis",
        "wilaya": "30",
        "wilayaName": "Mascara",
        "commune": "Hassi Messaoud",
        "address": "Hassi Messaoud, Ouargla, Algeria",
        "employeeCount": 25,
        "verificationStatus": "PENDING",
        "hasWebsite": false
      }
    },
    {
      "type": "Feature",
      "geometry": {
        "type": "Point",
        "coordinates": [
          5.3295,
          33.8241
        ]
      },
      "properties": {
        "id": "cmsv3q2qt00sst9redl400ypr",
        "name": "Hôtel Sahara Palace Ouargla",
        "slug": "hotel-sahara-palace-ouargla",
        "wilaya": "30",
        "wilayaName": "Mascara",
        "commune": "Ouargla",
        "address": "Ouargla, Ouargla, Algeria",
        "employeeCount": 25,
        "verificationStatus": "PENDING",
        "hasWebsite": false
      }
    },
    {
      "type": "Feature",
      "geometry": {
        "type": "Point",
        "coordinates": [
          6.0924,
          31.6993
        ]
      },
      "properties": {
        "id": "cmsv3q2qv00sut9re9nmsn00y",
        "name": "Laboratoire d'Analyses Pétrolières (LAP)",
        "slug": "laboratoire-danalyses-petrolieres-lap",
        "wilaya": "30",
        "wilayaName": "Mascara",
        "commune": "Hassi Messaoud",
        "address": "Hassi Messaoud, Ouargla, Algeria",
        "employeeCount": 25,
        "verificationStatus": "PENDING",
        "hasWebsite": false
      }
    },
    {
      "type": "Feature",
      "geometry": {
        "type": "Point",
        "coordinates": [
          5.3062,
          33.8266
        ]
      },
      "properties": {
        "id": "cmsv3q2qw00swt9reyzl5ruoj",
        "name": "Société d'Exploitation Phoenicicole (SEP)",
        "slug": "societe-dexploitation-phoenicicole-sep",
        "wilaya": "30",
        "wilayaName": "Mascara",
        "commune": "Rouissat",
        "address": "Rouissat, Ouargla, Algeria",
        "employeeCount": 25,
        "verificationStatus": "PENDING",
        "hasWebsite": false
      }
    },
    {
      "type": "Feature",
      "geometry": {
        "type": "Point",
        "coordinates": [
          6.0373,
          31.6774
        ]
      },
      "properties": {
        "id": "cmsv3q2qx00syt9red6ej881b",
        "name": "Naftec Station Service Hassi Messaoud",
        "slug": "naftec-station-service-hassi-messaoud",
        "wilaya": "30",
        "wilayaName": "Mascara",
        "commune": "Hassi Messaoud",
        "address": "Hassi Messaoud, Ouargla, Algeria",
        "employeeCount": 25,
        "verificationStatus": "PENDING",
        "hasWebsite": true
      }
    },
    {
      "type": "Feature",
      "geometry": {
        "type": "Point",
        "coordinates": [
          6.0502,
          31.6517
        ]
      },
      "properties": {
        "id": "cmsv3q2qy00t0t9rearkluioj",
        "name": "Soudure et Métallerie Industrielle (SMI)",
        "slug": "soudure-et-metallerie-industrielle-smi",
        "wilaya": "30",
        "wilayaName": "Mascara",
        "commune": "Hassi Messaoud",
        "address": "Hassi Messaoud, Ouargla, Algeria",
        "employeeCount": 25,
        "verificationStatus": "PENDING",
        "hasWebsite": false
      }
    },
    {
      "type": "Feature",
      "geometry": {
        "type": "Point",
        "coordinates": [
          5.2882,
          33.8283
        ]
      },
      "properties": {
        "id": "cmsv3q2r000t2t9re9cknjgb4",
        "name": "Agence Immobilière du Sahara (AIS)",
        "slug": "agence-immobiliere-du-sahara-ais",
        "wilaya": "00",
        "wilayaName": "00",
        "commune": "Ouargla",
        "address": "Ouargla, Unknown, Algeria",
        "employeeCount": 25,
        "verificationStatus": "PENDING",
        "hasWebsite": false
      }
    },
    {
      "type": "Feature",
      "geometry": {
        "type": "Point",
        "coordinates": [
          5.304,
          33.7841
        ]
      },
      "properties": {
        "id": "cmsv3q2r100t4t9redkwvx63c",
        "name": "Société de Transport et Manutention (STM)",
        "slug": "societe-de-transport-et-manutention-stm",
        "wilaya": "30",
        "wilayaName": "Mascara",
        "commune": "Ouargla",
        "address": "Ouargla, Ouargla, Algeria",
        "employeeCount": 25,
        "verificationStatus": "PENDING",
        "hasWebsite": false
      }
    },
    {
      "type": "Feature",
      "geometry": {
        "type": "Point",
        "coordinates": [
          6.0608,
          31.6512
        ]
      },
      "properties": {
        "id": "cmsv3q2r300t6t9ret24kqygr",
        "name": "Clinique Privée El Waha Hassi Messaoud",
        "slug": "clinique-privee-el-waha-hassi-messaoud",
        "wilaya": "30",
        "wilayaName": "Mascara",
        "commune": "Hassi Messaoud",
        "address": "Hassi Messaoud, Ouargla, Algeria",
        "employeeCount": 25,
        "verificationStatus": "PENDING",
        "hasWebsite": false
      }
    },
    {
      "type": "Feature",
      "geometry": {
        "type": "Point",
        "coordinates": [
          5.3314,
          33.8044
        ]
      },
      "properties": {
        "id": "cmsv3q2r400t8t9rez7pc9upq",
        "name": "Établissements Kaci - Matériaux de Construction",
        "slug": "etablissements-kaci-materiaux-de-construction",
        "wilaya": "30",
        "wilayaName": "Mascara",
        "commune": "Ouargla",
        "address": "Ouargla, Ouargla, Algeria",
        "employeeCount": 25,
        "verificationStatus": "PENDING",
        "hasWebsite": false
      }
    },
    {
      "type": "Feature",
      "geometry": {
        "type": "Point",
        "coordinates": [
          6.0469,
          31.6663
        ]
      },
      "properties": {
        "id": "cmsv3q2r600tat9reo9198wiv",
        "name": "Société de Sécurité Industrielle (SSI)",
        "slug": "societe-de-securite-industrielle-ssi",
        "wilaya": "30",
        "wilayaName": "Mascara",
        "commune": "Hassi Messaoud",
        "address": "Hassi Messaoud, Ouargla, Algeria",
        "employeeCount": 25,
        "verificationStatus": "PENDING",
        "hasWebsite": false
      }
    },
    {
      "type": "Feature",
      "geometry": {
        "type": "Point",
        "coordinates": [
          6.0609,
          31.6944
        ]
      },
      "properties": {
        "id": "cmsv3q2rd00tct9re1ovlxd0e",
        "name": "Restaurateur Collectif RCP - Base Vie",
        "slug": "restaurateur-collectif-rcp-base-vie",
        "wilaya": "30",
        "wilayaName": "Mascara",
        "commune": "Hassi Messaoud",
        "address": "Hassi Messaoud, Ouargla, Algeria",
        "employeeCount": 25,
        "verificationStatus": "PENDING",
        "hasWebsite": false
      }
    },
    {
      "type": "Feature",
      "geometry": {
        "type": "Point",
        "coordinates": [
          5.2907,
          33.8065
        ]
      },
      "properties": {
        "id": "cmsv3q2rf00tet9re9r5artr4",
        "name": "Informatique et Maintenance IT du Sud (IMIS)",
        "slug": "informatique-et-maintenance-it-du-sud-imis",
        "wilaya": "30",
        "wilayaName": "Mascara",
        "commune": "Ouargla",
        "address": "Ouargla, Ouargla, Algeria",
        "employeeCount": 25,
        "verificationStatus": "PENDING",
        "hasWebsite": false
      }
    },
    {
      "type": "Feature",
      "geometry": {
        "type": "Point",
        "coordinates": [
          6.0887,
          31.6893
        ]
      },
      "properties": {
        "id": "cmsv3q2rh00tgt9repzrtd1xw",
        "name": "Location d'Engins et Matériels LEMSA",
        "slug": "location-dengins-et-materiels-lemsa",
        "wilaya": "30",
        "wilayaName": "Mascara",
        "commune": "Hassi Messaoud",
        "address": "Hassi Messaoud, Ouargla, Algeria",
        "employeeCount": 25,
        "verificationStatus": "PENDING",
        "hasWebsite": false
      }
    },
    {
      "type": "Feature",
      "geometry": {
        "type": "Point",
        "coordinates": [
          5.2929,
          33.7895
        ]
      },
      "properties": {
        "id": "cmsv3q2ri00tit9rehtp0kxmy",
        "name": "Saline d'Ouargla - Production de Sel",
        "slug": "saline-douargla-production-de-sel",
        "wilaya": "30",
        "wilayaName": "Mascara",
        "commune": "Ouargla",
        "address": "Ouargla, Ouargla, Algeria",
        "employeeCount": 25,
        "verificationStatus": "PENDING",
        "hasWebsite": false
      }
    },
    {
      "type": "Feature",
      "geometry": {
        "type": "Point",
        "coordinates": [
          5.347,
          33.8036
        ]
      },
      "properties": {
        "id": "cmsv3q2rk00tkt9reusfjne7p",
        "name": "Agence Commerciale du Sud (ACS)",
        "slug": "agence-commerciale-du-sud-acs",
        "wilaya": "30",
        "wilayaName": "Mascara",
        "commune": "Ouargla",
        "address": "Ouargla, Ouargla, Algeria",
        "employeeCount": 25,
        "verificationStatus": "PENDING",
        "hasWebsite": false
      }
    },
    {
      "type": "Feature",
      "geometry": {
        "type": "Point",
        "coordinates": [
          5.336,
          33.8366
        ]
      },
      "properties": {
        "id": "cmsv3q2rr00tmt9rejtfal808",
        "name": "Traitement des Eaux Usées TEU-SA",
        "slug": "traitement-des-eaux-usees-teu-sa",
        "wilaya": "30",
        "wilayaName": "Mascara",
        "commune": "Ouargla",
        "address": "Ouargla, Ouargla, Algeria",
        "employeeCount": 25,
        "verificationStatus": "PENDING",
        "hasWebsite": false
      }
    },
    {
      "type": "Feature",
      "geometry": {
        "type": "Point",
        "coordinates": [
          5.3359,
          33.8304
        ]
      },
      "properties": {
        "id": "cmsv3q2rt00tot9reikeupqw7",
        "name": "Fournitures de Bureau et Papeterie FBP",
        "slug": "fournitures-de-bureau-et-papeterie-fbp",
        "wilaya": "30",
        "wilayaName": "Mascara",
        "commune": "Ouargla",
        "address": "Ouargla, Ouargla, Algeria",
        "employeeCount": 25,
        "verificationStatus": "PENDING",
        "hasWebsite": false
      }
    },
    {
      "type": "Feature",
      "geometry": {
        "type": "Point",
        "coordinates": [
          5.4338,
          36.1922
        ]
      },
      "properties": {
        "id": "cmsv3q2rv00tqt9regf4687qi",
        "name": "Renault Algeria Manufacturing - Sétif Plant",
        "slug": "renault-algeria-manufacturing-setif-plant",
        "wilaya": "19",
        "wilayaName": "Jijel",
        "commune": "Oued Smar (Sétif)",
        "address": "Oued Smar (Sétif), Sétif, Algeria",
        "employeeCount": 25,
        "verificationStatus": "PENDING",
        "hasWebsite": true
      }
    },
    {
      "type": "Feature",
      "geometry": {
        "type": "Point",
        "coordinates": [
          5.4275,
          36.1684
        ]
      },
      "properties": {
        "id": "cmsv3q2rx00tst9reuoo5xmhp",
        "name": "Volkswagen Algeria - Sétif Assembly Operations",
        "slug": "volkswagen-algeria-setif-assembly-operations",
        "wilaya": "19",
        "wilayaName": "Jijel",
        "commune": "Zone Industrielle Sétif",
        "address": "Zone Industrielle Sétif, Sétif, Algeria",
        "employeeCount": 25,
        "verificationStatus": "PENDING",
        "hasWebsite": true
      }
    },
    {
      "type": "Feature",
      "geometry": {
        "type": "Point",
        "coordinates": [
          5.8442,
          36.7264
        ]
      },
      "properties": {
        "id": "cmsv3q2s200tut9rer0eza54u",
        "name": "Hyundai Algeria - Sétif Distribution Center",
        "slug": "hyundai-algeria-setif-distribution-center",
        "wilaya": "19",
        "wilayaName": "Jijel",
        "commune": "El Eulma",
        "address": "El Eulma, Sétif, Algeria",
        "employeeCount": 25,
        "verificationStatus": "PENDING",
        "hasWebsite": true
      }
    },
    {
      "type": "Feature",
      "geometry": {
        "type": "Point",
        "coordinates": [
          5.4126,
          36.1664
        ]
      },
      "properties": {
        "id": "cmsv3q2s400twt9reyld3k1lb",
        "name": "Condor Electronics - Sétif Industrial Unit",
        "slug": "condor-electronics-setif-industrial-unit",
        "wilaya": "19",
        "wilayaName": "Jijel",
        "commune": "Zone Industrielle Oued El Berdi",
        "address": "Zone Industrielle Oued El Berdi, Sétif, Algeria",
        "employeeCount": 25,
        "verificationStatus": "PENDING",
        "hasWebsite": true
      }
    },
    {
      "type": "Feature",
      "geometry": {
        "type": "Point",
        "coordinates": [
          5.4027,
          36.1867
        ]
      },
      "properties": {
        "id": "cmsv3q2s500tyt9rez3u08v8y",
        "name": "INNOVA CERAM",
        "slug": "innova-ceram",
        "wilaya": "19",
        "wilayaName": "Jijel",
        "commune": "Sétif",
        "address": "Sétif, Sétif, Algeria",
        "employeeCount": 25,
        "verificationStatus": "PENDING",
        "hasWebsite": true
      }
    },
    {
      "type": "Feature",
      "geometry": {
        "type": "Point",
        "coordinates": [
          5.3781,
          36.1979
        ]
      },
      "properties": {
        "id": "cmsv3q2s700u0t9re6iek4aoj",
        "name": "SADI CERAM",
        "slug": "sadi-ceram",
        "wilaya": "19",
        "wilayaName": "Jijel",
        "commune": "Sétif",
        "address": "Sétif, Sétif, Algeria",
        "employeeCount": 25,
        "verificationStatus": "PENDING",
        "hasWebsite": false
      }
    },
    {
      "type": "Feature",
      "geometry": {
        "type": "Point",
        "coordinates": [
          5.3988,
          36.188
        ]
      },
      "properties": {
        "id": "cmsv3q2sf00u2t9re92mfbfvu",
        "name": "Setifis Bottling Company (SBC)",
        "slug": "setifis-bottling-company-sbc",
        "wilaya": "19",
        "wilayaName": "Jijel",
        "commune": "Zone Industrielle Sétif",
        "address": "Zone Industrielle Sétif, Sétif, Algeria",
        "employeeCount": 25,
        "verificationStatus": "PENDING",
        "hasWebsite": false
      }
    },
    {
      "type": "Feature",
      "geometry": {
        "type": "Point",
        "coordinates": [
          5.4163,
          36.2143
        ]
      },
      "properties": {
        "id": "cmsv3q2sg00u4t9rejuoitf38",
        "name": "S MID DU TELL",
        "slug": "s-mid-du-tell",
        "wilaya": "19",
        "wilayaName": "Jijel",
        "commune": "Sétif",
        "address": "Sétif, Sétif, Algeria",
        "employeeCount": 25,
        "verificationStatus": "PENDING",
        "hasWebsite": false
      }
    },
    {
      "type": "Feature",
      "geometry": {
        "type": "Point",
        "coordinates": [
          5.3818,
          36.1682
        ]
      },
      "properties": {
        "id": "cmsv3q2si00u6t9reaztotxaf",
        "name": "METAPLAST INDUSTRIE SPA",
        "slug": "metaplast-industrie-spa",
        "wilaya": "19",
        "wilayaName": "Jijel",
        "commune": "Zone Industrielle Sétif",
        "address": "Zone Industrielle Sétif, Sétif, Algeria",
        "employeeCount": 25,
        "verificationStatus": "PENDING",
        "hasWebsite": false
      }
    },
    {
      "type": "Feature",
      "geometry": {
        "type": "Point",
        "coordinates": [
          5.3833,
          36.2081
        ]
      },
      "properties": {
        "id": "cmsv3q2so00u8t9ret9ciryhy",
        "name": "LAITERIE PILAT - Unité Sétif",
        "slug": "laiterie-pilat-unite-setif",
        "wilaya": "19",
        "wilayaName": "Jijel",
        "commune": "Sétif",
        "address": "Sétif, Sétif, Algeria",
        "employeeCount": 25,
        "verificationStatus": "PENDING",
        "hasWebsite": true
      }
    },
    {
      "type": "Feature",
      "geometry": {
        "type": "Point",
        "coordinates": [
          5.4046,
          36.1969
        ]
      },
      "properties": {
        "id": "cmsv3q2sq00uat9rew7zw028c",
        "name": "CEVITAL AGRO-INDUSTRIES - Antenne Sétif",
        "slug": "cevital-agro-industries-antenne-setif",
        "wilaya": "19",
        "wilayaName": "Jijel",
        "commune": "Sétif",
        "address": "Sétif, Sétif, Algeria",
        "employeeCount": 25,
        "verificationStatus": "PENDING",
        "hasWebsite": true
      }
    },
    {
      "type": "Feature",
      "geometry": {
        "type": "Point",
        "coordinates": [
          5.4188,
          36.1762
        ]
      },
      "properties": {
        "id": "cmsv3q2sr00uct9recs57v7mf",
        "name": "SNVI - Base Sétif",
        "slug": "snvi-base-setif",
        "wilaya": "19",
        "wilayaName": "Jijel",
        "commune": "Zone Industrielle Sétif",
        "address": "Zone Industrielle Sétif, Sétif, Algeria",
        "employeeCount": 25,
        "verificationStatus": "PENDING",
        "hasWebsite": true
      }
    },
    {
      "type": "Feature",
      "geometry": {
        "type": "Point",
        "coordinates": [
          5.387,
          36.1728
        ]
      },
      "properties": {
        "id": "cmsv3q2sz00uet9re7kd30u90",
        "name": "SAIDAL DISTRIBUTION - Délégation Sétif",
        "slug": "saidal-distribution-delegation-setif",
        "wilaya": "19",
        "wilayaName": "Jijel",
        "commune": "Sétif",
        "address": "Sétif, Sétif, Algeria",
        "employeeCount": 25,
        "verificationStatus": "PENDING",
        "hasWebsite": true
      }
    },
    {
      "type": "Feature",
      "geometry": {
        "type": "Point",
        "coordinates": [
          5.3754,
          36.1706
        ]
      },
      "properties": {
        "id": "cmsv3q2t000ugt9reaq6owim1",
        "name": "Coopérative des Céréales de Sétif",
        "slug": "cooperative-des-cereales-de-setif",
        "wilaya": "19",
        "wilayaName": "Jijel",
        "commune": "Sétif",
        "address": "Sétif, Sétif, Algeria",
        "employeeCount": 25,
        "verificationStatus": "PENDING",
        "hasWebsite": false
      }
    },
    {
      "type": "Feature",
      "geometry": {
        "type": "Point",
        "coordinates": [
          5.4258,
          36.1641
        ]
      },
      "properties": {
        "id": "cmsv3q2t200uit9reiei0ljbn",
        "name": "CONFECTION INDUSTRIELLE SETIFIENNE (CIS)",
        "slug": "confection-industrielle-setifienne-cis",
        "wilaya": "19",
        "wilayaName": "Jijel",
        "commune": "Zone Industrielle Sétif",
        "address": "Zone Industrielle Sétif, Sétif, Algeria",
        "employeeCount": 25,
        "verificationStatus": "PENDING",
        "hasWebsite": false
      }
    },
    {
      "type": "Feature",
      "geometry": {
        "type": "Point",
        "coordinates": [
          5.8821,
          36.6969
        ]
      },
      "properties": {
        "id": "cmsv3q2t300ukt9rexbwkeyu3",
        "name": "TEXTILE DU HAUTS PLATEAUX (THP)",
        "slug": "textile-du-hauts-plateaux-thp",
        "wilaya": "19",
        "wilayaName": "Jijel",
        "commune": "El Eulma",
        "address": "El Eulma, Sétif, Algeria",
        "employeeCount": 25,
        "verificationStatus": "PENDING",
        "hasWebsite": false
      }
    },
    {
      "type": "Feature",
      "geometry": {
        "type": "Point",
        "coordinates": [
          5.431,
          36.2009
        ]
      },
      "properties": {
        "id": "cmsv3q2t500umt9reyfxz0se0",
        "name": "MEUNERIE MODERNE DE SETIF (MMS)",
        "slug": "meunerie-moderne-de-setif-mms",
        "wilaya": "19",
        "wilayaName": "Jijel",
        "commune": "Sétif",
        "address": "Sétif, Sétif, Algeria",
        "employeeCount": 25,
        "verificationStatus": "PENDING",
        "hasWebsite": false
      }
    },
    {
      "type": "Feature",
      "geometry": {
        "type": "Point",
        "coordinates": [
          5.4379,
          36.1826
        ]
      },
      "properties": {
        "id": "cmsv3q2t800uot9re9w6xlp5y",
        "name": "FROMAGERIE DES HAUTS PLATEAUX",
        "slug": "fromagerie-des-hauts-plateaux",
        "wilaya": "19",
        "wilayaName": "Jijel",
        "commune": "Ain Azel",
        "address": "Ain Azel, Sétif, Algeria",
        "employeeCount": 25,
        "verificationStatus": "PENDING",
        "hasWebsite": false
      }
    },
    {
      "type": "Feature",
      "geometry": {
        "type": "Point",
        "coordinates": [
          5.4407,
          36.2061
        ]
      },
      "properties": {
        "id": "cmsv3q2t900uqt9re3u9zmmsq",
        "name": "ENTP DE TRAVAUX DE SÉTIF (ETTS)",
        "slug": "entp-de-travaux-de-setif-etts",
        "wilaya": "19",
        "wilayaName": "Jijel",
        "commune": "Sétif",
        "address": "Sétif, Sétif, Algeria",
        "employeeCount": 25,
        "verificationStatus": "PENDING",
        "hasWebsite": false
      }
    },
    {
      "type": "Feature",
      "geometry": {
        "type": "Point",
        "coordinates": [
          5.4141,
          36.2051
        ]
      },
      "properties": {
        "id": "cmsv3q2ta00ust9ree7k6ew4w",
        "name": "TRANSSETIF - Transport et Logistique",
        "slug": "transsetif-transport-et-logistique",
        "wilaya": "19",
        "wilayaName": "Jijel",
        "commune": "Zone Industrielle Sétif",
        "address": "Zone Industrielle Sétif, Sétif, Algeria",
        "employeeCount": 25,
        "verificationStatus": "PENDING",
        "hasWebsite": false
      }
    },
    {
      "type": "Feature",
      "geometry": {
        "type": "Point",
        "coordinates": [
          5.4122,
          36.1914
        ]
      },
      "properties": {
        "id": "cmsv3q2tc00uut9rebw4qvwl8",
        "name": "ALUMINIUM DU SETIF (ADS)",
        "slug": "aluminium-du-setif-ads",
        "wilaya": "19",
        "wilayaName": "Jijel",
        "commune": "Zone Industrielle Sétif",
        "address": "Zone Industrielle Sétif, Sétif, Algeria",
        "employeeCount": 25,
        "verificationStatus": "PENDING",
        "hasWebsite": false
      }
    },
    {
      "type": "Feature",
      "geometry": {
        "type": "Point",
        "coordinates": [
          5.3938,
          36.1859
        ]
      },
      "properties": {
        "id": "cmsv3q2td00uwt9rey913cmvx",
        "name": "FC CERAM",
        "slug": "fc-ceram",
        "wilaya": "19",
        "wilayaName": "Jijel",
        "commune": "Sétif",
        "address": "Sétif, Sétif, Algeria",
        "employeeCount": 25,
        "verificationStatus": "PENDING",
        "hasWebsite": false
      }
    },
    {
      "type": "Feature",
      "geometry": {
        "type": "Point",
        "coordinates": [
          5.4141,
          36.1944
        ]
      },
      "properties": {
        "id": "cmsv3q2te00uyt9re3u6130i9",
        "name": "HUILERIE MODERNE DE SETIF",
        "slug": "huilerie-moderne-de-setif",
        "wilaya": "19",
        "wilayaName": "Jijel",
        "commune": "Sétif",
        "address": "Sétif, Sétif, Algeria",
        "employeeCount": 25,
        "verificationStatus": "PENDING",
        "hasWebsite": false
      }
    },
    {
      "type": "Feature",
      "geometry": {
        "type": "Point",
        "coordinates": [
          5.3918,
          36.1791
        ]
      },
      "properties": {
        "id": "cmsv3q2tf00v0t9re45sq6oo1",
        "name": "SOIRCO",
        "slug": "soirco",
        "wilaya": "19",
        "wilayaName": "Jijel",
        "commune": "Zone Industrielle Groupe N°10 Section 330, Sétif",
        "address": "Zone Industrielle Groupe N°10 Section 330, Sétif, Sétif, Algeria",
        "employeeCount": 25,
        "verificationStatus": "PENDING",
        "hasWebsite": false
      }
    },
    {
      "type": "Feature",
      "geometry": {
        "type": "Point",
        "coordinates": [
          5.4007,
          36.1799
        ]
      },
      "properties": {
        "id": "cmsv3q2th00v2t9ret92z8c93",
        "name": "BOUK CARRELAGE",
        "slug": "bouk-carrelage",
        "wilaya": "19",
        "wilayaName": "Jijel",
        "commune": "Sétif",
        "address": "Sétif, Sétif, Algeria",
        "employeeCount": 25,
        "verificationStatus": "PENDING",
        "hasWebsite": false
      }
    },
    {
      "type": "Feature",
      "geometry": {
        "type": "Point",
        "coordinates": [
          5.4396,
          36.1651
        ]
      },
      "properties": {
        "id": "cmsv3q2ti00v4t9rekoiulbl8",
        "name": "CARRIERE FRERES BENAMARA",
        "slug": "carriere-freres-benamara",
        "wilaya": "19",
        "wilayaName": "Jijel",
        "commune": "Sétif",
        "address": "Sétif, Sétif, Algeria",
        "employeeCount": 25,
        "verificationStatus": "PENDING",
        "hasWebsite": false
      }
    },
    {
      "type": "Feature",
      "geometry": {
        "type": "Point",
        "coordinates": [
          5.4018,
          36.2016
        ]
      },
      "properties": {
        "id": "cmsv3q2tj00v6t9reunw2hfb4",
        "name": "DISTRI PHARMA SETIF",
        "slug": "distri-pharma-setif",
        "wilaya": "19",
        "wilayaName": "Jijel",
        "commune": "Sétif",
        "address": "Sétif, Sétif, Algeria",
        "employeeCount": 25,
        "verificationStatus": "PENDING",
        "hasWebsite": false
      }
    },
    {
      "type": "Feature",
      "geometry": {
        "type": "Point",
        "coordinates": [
          5.4291,
          36.1844
        ]
      },
      "properties": {
        "id": "cmsv3q2tl00v8t9re9uaex9ht",
        "name": "PHARMACIE CENTRALE DE SETIF",
        "slug": "pharmacie-centrale-de-setif",
        "wilaya": "19",
        "wilayaName": "Jijel",
        "commune": "Sétif",
        "address": "Sétif, Sétif, Algeria",
        "employeeCount": 25,
        "verificationStatus": "PENDING",
        "hasWebsite": false
      }
    },
    {
      "type": "Feature",
      "geometry": {
        "type": "Point",
        "coordinates": [
          5.4,
          36.1774
        ]
      },
      "properties": {
        "id": "cmsv3q2tm00vat9rexl0666z3",
        "name": "IMPRIMERIE DU SETIF (IDS)",
        "slug": "imprimerie-du-setif-ids",
        "wilaya": "19",
        "wilayaName": "Jijel",
        "commune": "Sétif",
        "address": "Sétif, Sétif, Algeria",
        "employeeCount": 25,
        "verificationStatus": "PENDING",
        "hasWebsite": false
      }
    },
    {
      "type": "Feature",
      "geometry": {
        "type": "Point",
        "coordinates": [
          5.3891,
          36.2017
        ]
      },
      "properties": {
        "id": "cmsv3q2to00vct9reoo3nyuxl",
        "name": "MARBRERIE ARTISTIQUE DE SETIF",
        "slug": "marbrerie-artistique-de-setif",
        "wilaya": "19",
        "wilayaName": "Jijel",
        "commune": "Sétif",
        "address": "Sétif, Sétif, Algeria",
        "employeeCount": 25,
        "verificationStatus": "PENDING",
        "hasWebsite": false
      }
    },
    {
      "type": "Feature",
      "geometry": {
        "type": "Point",
        "coordinates": [
          5.4358,
          36.1637
        ]
      },
      "properties": {
        "id": "cmsv3q2tp00vet9re67aedf3v",
        "name": "CENTRE D'IMAGERIE MÉDICALE DE SETIF (CIMS)",
        "slug": "centre-dimagerie-medicale-de-setif-cims",
        "wilaya": "19",
        "wilayaName": "Jijel",
        "commune": "Sétif",
        "address": "Sétif, Sétif, Algeria",
        "employeeCount": 25,
        "verificationStatus": "PENDING",
        "hasWebsite": false
      }
    },
    {
      "type": "Feature",
      "geometry": {
        "type": "Point",
        "coordinates": [
          5.4345,
          36.2108
        ]
      },
      "properties": {
        "id": "cmsv3q2tq00vgt9reab45tej0",
        "name": "AGRO INDUSTRIELLE ESMERALDA",
        "slug": "agro-industrielle-esmeralda",
        "wilaya": "19",
        "wilayaName": "Jijel",
        "commune": "Sétif",
        "address": "Sétif, Sétif, Algeria",
        "employeeCount": 25,
        "verificationStatus": "PENDING",
        "hasWebsite": false
      }
    },
    {
      "type": "Feature",
      "geometry": {
        "type": "Point",
        "coordinates": [
          5.4383,
          36.2102
        ]
      },
      "properties": {
        "id": "cmsv3q2tr00vit9reboitnfc0",
        "name": "SOCIETE DE DISTRIBUTION DES PRODUITS AGRICOLES (SDPA)",
        "slug": "societe-de-distribution-des-produits-agricoles-sdpa",
        "wilaya": "19",
        "wilayaName": "Jijel",
        "commune": "Sétif",
        "address": "Sétif, Sétif, Algeria",
        "employeeCount": 25,
        "verificationStatus": "PENDING",
        "hasWebsite": false
      }
    },
    {
      "type": "Feature",
      "geometry": {
        "type": "Point",
        "coordinates": [
          5.4197,
          36.1852
        ]
      },
      "properties": {
        "id": "cmsv3q2tt00vkt9rehahtoxav",
        "name": "Ets BOUDAREF FRERES - Matériaux Electriques",
        "slug": "ets-boudaref-freres-materiaux-electriques",
        "wilaya": "19",
        "wilayaName": "Jijel",
        "commune": "Sétif",
        "address": "Sétif, Sétif, Algeria",
        "employeeCount": 25,
        "verificationStatus": "PENDING",
        "hasWebsite": false
      }
    },
    {
      "type": "Feature",
      "geometry": {
        "type": "Point",
        "coordinates": [
          5.4226,
          36.1865
        ]
      },
      "properties": {
        "id": "cmsv3q2tu00vmt9reortwxr3t",
        "name": "AUTO-HALL SÉTIF - Concessionnaire",
        "slug": "auto-hall-setif-concessionnaire",
        "wilaya": "19",
        "wilayaName": "Jijel",
        "commune": "Sétif",
        "address": "Sétif, Sétif, Algeria",
        "employeeCount": 25,
        "verificationStatus": "PENDING",
        "hasWebsite": true
      }
    },
    {
      "type": "Feature",
      "geometry": {
        "type": "Point",
        "coordinates": [
          5.4272,
          36.2063
        ]
      },
      "properties": {
        "id": "cmsv3q2tw00vot9re1lux78m7",
        "name": "CAISSE NATIONALE D'EPARGNE ET DE PREVOYANCE SPA - Agence Sétif",
        "slug": "caisse-nationale-depargne-et-de-prevoyance-spa-agence-setif",
        "wilaya": "19",
        "wilayaName": "Jijel",
        "commune": "Sétif Centre",
        "address": "Sétif Centre, Sétif, Algeria",
        "employeeCount": 25,
        "verificationStatus": "PENDING",
        "hasWebsite": true
      }
    },
    {
      "type": "Feature",
      "geometry": {
        "type": "Point",
        "coordinates": [
          5.4414,
          36.1671
        ]
      },
      "properties": {
        "id": "cmsv3q2tx00vqt9rey4siq5pl",
        "name": "ANISSA TOURS",
        "slug": "anissa-tours",
        "wilaya": "19",
        "wilayaName": "Jijel",
        "commune": "Sétif",
        "address": "Sétif, Sétif, Algeria",
        "employeeCount": 25,
        "verificationStatus": "PENDING",
        "hasWebsite": false
      }
    },
    {
      "type": "Feature",
      "geometry": {
        "type": "Point",
        "coordinates": [
          5.4101,
          36.1668
        ]
      },
      "properties": {
        "id": "cmsv3q2ty00vst9refar7cx7s",
        "name": "FLAMANT SPORT",
        "slug": "flamant-sport",
        "wilaya": "19",
        "wilayaName": "Jijel",
        "commune": "Sétif",
        "address": "Sétif, Sétif, Algeria",
        "employeeCount": 25,
        "verificationStatus": "PENDING",
        "hasWebsite": false
      }
    },
    {
      "type": "Feature",
      "geometry": {
        "type": "Point",
        "coordinates": [
          5.3892,
          36.2039
        ]
      },
      "properties": {
        "id": "cmsv3q2u000vut9relkaik1y0",
        "name": "SARL CAZA DREAM",
        "slug": "sarl-caza-dream",
        "wilaya": "19",
        "wilayaName": "Jijel",
        "commune": "Sétif",
        "address": "Sétif, Sétif, Algeria",
        "employeeCount": 25,
        "verificationStatus": "PENDING",
        "hasWebsite": false
      }
    },
    {
      "type": "Feature",
      "geometry": {
        "type": "Point",
        "coordinates": [
          5.4033,
          36.1738
        ]
      },
      "properties": {
        "id": "cmsv3q2u100vwt9regec3jbfd",
        "name": "ECOLE PRIVÉE AL-IMTIAZ SETIF",
        "slug": "ecole-privee-al-imtiaz-setif",
        "wilaya": "19",
        "wilayaName": "Jijel",
        "commune": "Sétif",
        "address": "Sétif, Sétif, Algeria",
        "employeeCount": 25,
        "verificationStatus": "PENDING",
        "hasWebsite": false
      }
    },
    {
      "type": "Feature",
      "geometry": {
        "type": "Point",
        "coordinates": [
          5.4341,
          36.1639
        ]
      },
      "properties": {
        "id": "cmsv3q2u300vyt9rersc7g3ed",
        "name": "SARL TECHNIC PLUS",
        "slug": "sarl-technic-plus",
        "wilaya": "19",
        "wilayaName": "Jijel",
        "commune": "Sétif",
        "address": "Sétif, Sétif, Algeria",
        "employeeCount": 25,
        "verificationStatus": "PENDING",
        "hasWebsite": false
      }
    },
    {
      "type": "Feature",
      "geometry": {
        "type": "Point",
        "coordinates": [
          5.8983,
          36.7433
        ]
      },
      "properties": {
        "id": "cmsv3q2u500w0t9reh4au4fmm",
        "name": "GRAND MAGASIN EL EULMA (GME)",
        "slug": "grand-magasin-el-eulma-gme",
        "wilaya": "19",
        "wilayaName": "Jijel",
        "commune": "El Eulma",
        "address": "El Eulma, Sétif, Algeria",
        "employeeCount": 25,
        "verificationStatus": "PENDING",
        "hasWebsite": false
      }
    },
    {
      "type": "Feature",
      "geometry": {
        "type": "Point",
        "coordinates": [
          5.8576,
          36.6929
        ]
      },
      "properties": {
        "id": "cmsv3q2u600w2t9renw3p6wr7",
        "name": "COMPLEXE COMMERCIAL EL EULMA (CCE)",
        "slug": "complexe-commercial-el-eulma-cce",
        "wilaya": "19",
        "wilayaName": "Jijel",
        "commune": "El Eulma",
        "address": "El Eulma, Sétif, Algeria",
        "employeeCount": 25,
        "verificationStatus": "PENDING",
        "hasWebsite": false
      }
    },
    {
      "type": "Feature",
      "geometry": {
        "type": "Point",
        "coordinates": [
          5.3754,
          36.1918
        ]
      },
      "properties": {
        "id": "cmsv3q2u800w4t9re58o85tfi",
        "name": "USINE DE TRAITEMENT DES DATTES DE SETIF (UTDS)",
        "slug": "usine-de-traitement-des-dattes-de-setif-utds",
        "wilaya": "19",
        "wilayaName": "Jijel",
        "commune": "Sétif",
        "address": "Sétif, Sétif, Algeria",
        "employeeCount": 25,
        "verificationStatus": "PENDING",
        "hasWebsite": false
      }
    },
    {
      "type": "Feature",
      "geometry": {
        "type": "Point",
        "coordinates": [
          5.4333,
          36.1818
        ]
      },
      "properties": {
        "id": "cmsv3q2uf00w6t9re8u8ofawa",
        "name": "PLASTIQUES DU SETIF (PDS)",
        "slug": "plastiques-du-setif-pds",
        "wilaya": "19",
        "wilayaName": "Jijel",
        "commune": "Zone Industrielle Sétif",
        "address": "Zone Industrielle Sétif, Sétif, Algeria",
        "employeeCount": 25,
        "verificationStatus": "PENDING",
        "hasWebsite": false
      }
    },
    {
      "type": "Feature",
      "geometry": {
        "type": "Point",
        "coordinates": [
          5.4169,
          36.1729
        ]
      },
      "properties": {
        "id": "cmsv3q2uh00w8t9rez5jd9amh",
        "name": "Ets KERBOUche Frères - Matériaux BTP",
        "slug": "ets-kerbouche-freres-materiaux-btp",
        "wilaya": "19",
        "wilayaName": "Jijel",
        "commune": "Sétif",
        "address": "Sétif, Sétif, Algeria",
        "employeeCount": 25,
        "verificationStatus": "PENDING",
        "hasWebsite": false
      }
    },
    {
      "type": "Feature",
      "geometry": {
        "type": "Point",
        "coordinates": [
          6.8959,
          36.858
        ]
      },
      "properties": {
        "id": "cmsv3q2uo00wat9rez5jssfi2",
        "name": "Complexe de Skikda - Sonatrach",
        "slug": "complexe-de-skikda-sonatrach",
        "wilaya": "21",
        "wilayaName": "Saïda",
        "commune": "Skikda",
        "address": "Skikda, Skikda, Algeria",
        "employeeCount": 8500,
        "verificationStatus": "PENDING",
        "hasWebsite": true
      }
    },
    {
      "type": "Feature",
      "geometry": {
        "type": "Point",
        "coordinates": [
          6.8914,
          36.8592
        ]
      },
      "properties": {
        "id": "cmsv3q2uq00wct9renlo4cl8v",
        "name": "GL1Z - Usine de Liquéfaction de Gaz N°1",
        "slug": "gl1z-usine-de-liquefaction-de-gaz-n1",
        "wilaya": "21",
        "wilayaName": "Saïda",
        "commune": "Skikda",
        "address": "Skikda, Skikda, Algeria",
        "employeeCount": 25,
        "verificationStatus": "PENDING",
        "hasWebsite": false
      }
    },
    {
      "type": "Feature",
      "geometry": {
        "type": "Point",
        "coordinates": [
          6.9127,
          36.8526
        ]
      },
      "properties": {
        "id": "cmsv3q2ur00wet9rexsnvwbqo",
        "name": "GL2Z - Usine de Liquéfaction de Gaz N°2",
        "slug": "gl2z-usine-de-liquefaction-de-gaz-n2",
        "wilaya": "21",
        "wilayaName": "Saïda",
        "commune": "Skikda",
        "address": "Skikda, Skikda, Algeria",
        "employeeCount": 25,
        "verificationStatus": "PENDING",
        "hasWebsite": false
      }
    },
    {
      "type": "Feature",
      "geometry": {
        "type": "Point",
        "coordinates": [
          6.9297,
          36.8515
        ]
      },
      "properties": {
        "id": "cmsv3q2ut00wgt9reigc7xvfo",
        "name": "GL3Z - Usine de Liquéfaction de Gaz N°3",
        "slug": "gl3z-usine-de-liquefaction-de-gaz-n3",
        "wilaya": "21",
        "wilayaName": "Saïda",
        "commune": "Skikda",
        "address": "Skikda, Skikda, Algeria",
        "employeeCount": 25,
        "verificationStatus": "PENDING",
        "hasWebsite": false
      }
    },
    {
      "type": "Feature",
      "geometry": {
        "type": "Point",
        "coordinates": [
          6.9242,
          36.893
        ]
      },
      "properties": {
        "id": "cmsv3q2uv00wit9redpyh7ahk",
        "name": "Raffinerie de Skikda",
        "slug": "raffinerie-de-skikda",
        "wilaya": "21",
        "wilayaName": "Saïda",
        "commune": "Skikda",
        "address": "Skikda, Skikda, Algeria",
        "employeeCount": 25,
        "verificationStatus": "PENDING",
        "hasWebsite": false
      }
    },
    {
      "type": "Feature",
      "geometry": {
        "type": "Point",
        "coordinates": [
          6.8782,
          36.8753
        ]
      },
      "properties": {
        "id": "cmsv3q2ux00wkt9regaplrffv",
        "name": "Fertilizers Company Skikda (Fertial)",
        "slug": "fertilizers-company-skikda-fertial",
        "wilaya": "21",
        "wilayaName": "Saïda",
        "commune": "Skikda",
        "address": "Skikda, Skikda, Algeria",
        "employeeCount": 25,
        "verificationStatus": "PENDING",
        "hasWebsite": true
      }
    },
    {
      "type": "Feature",
      "geometry": {
        "type": "Point",
        "coordinates": [
          6.9259,
          36.8658
        ]
      },
      "properties": {
        "id": "cmsv3q2uz00wmt9rex8mavxi5",
        "name": "Port de Skikda - EP Port",
        "slug": "port-de-skikda-ep-port",
        "wilaya": "21",
        "wilayaName": "Saïda",
        "commune": "Skikda",
        "address": "Skikda, Skikda, Algeria",
        "employeeCount": 750,
        "verificationStatus": "PENDING",
        "hasWebsite": true
      }
    },
    {
      "type": "Feature",
      "geometry": {
        "type": "Point",
        "coordinates": [
          6.8909,
          36.8463
        ]
      },
      "properties": {
        "id": "cmsv3q2v100wot9re8qucsf39",
        "name": "Eng Skikda - Électricité et Gaz",
        "slug": "eng-skikda-electricite-et-gaz",
        "wilaya": "21",
        "wilayaName": "Saïda",
        "commune": "Skikda",
        "address": "Skikda, Skikda, Algeria",
        "employeeCount": 750,
        "verificationStatus": "PENDING",
        "hasWebsite": true
      }
    },
    {
      "type": "Feature",
      "geometry": {
        "type": "Point",
        "coordinates": [
          6.8937,
          36.8868
        ]
      },
      "properties": {
        "id": "cmsv3q2v700wqt9req0qu6gbp",
        "name": "Sonelgaz - Direction Distribution Skikda (SDS)",
        "slug": "sonelgaz-direction-distribution-skikda-sds",
        "wilaya": "21",
        "wilayaName": "Saïda",
        "commune": "Skikda",
        "address": "Skikda, Skikda, Algeria",
        "employeeCount": 375,
        "verificationStatus": "PENDING",
        "hasWebsite": true
      }
    },
    {
      "type": "Feature",
      "geometry": {
        "type": "Point",
        "coordinates": [
          6.868,
          36.842
        ]
      },
      "properties": {
        "id": "cmsv3q2v800wst9re57w5a7tx",
        "name": "ENAFOR Skikda - Forage",
        "slug": "enafor-skikda-forage",
        "wilaya": "21",
        "wilayaName": "Saïda",
        "commune": "Skikda",
        "address": "Skikda, Skikda, Algeria",
        "employeeCount": 25,
        "verificationStatus": "PENDING",
        "hasWebsite": true
      }
    },
    {
      "type": "Feature",
      "geometry": {
        "type": "Point",
        "coordinates": [
          6.9099,
          36.8494
        ]
      },
      "properties": {
        "id": "cmsv3q2va00wut9rex4ihg71q",
        "name": "ENPIP Skikda - Ingénierie Pétrolière",
        "slug": "enpip-skikda-ingenierie-petroliere",
        "wilaya": "21",
        "wilayaName": "Saïda",
        "commune": "Skikda",
        "address": "Skikda, Skikda, Algeria",
        "employeeCount": 175,
        "verificationStatus": "PENDING",
        "hasWebsite": false
      }
    },
    {
      "type": "Feature",
      "geometry": {
        "type": "Point",
        "coordinates": [
          6.8736,
          36.8434
        ]
      },
      "properties": {
        "id": "cmsv3q2vd00wwt9re5spl5zjc",
        "name": "Cosider Skikda - Travaux Publics",
        "slug": "cosider-skikda-travaux-publics",
        "wilaya": "21",
        "wilayaName": "Saïda",
        "commune": "Skikda",
        "address": "Skikda, Skikda, Algeria",
        "employeeCount": 750,
        "verificationStatus": "PENDING",
        "hasWebsite": true
      }
    },
    {
      "type": "Feature",
      "geometry": {
        "type": "Point",
        "coordinates": [
          6.9315,
          36.8865
        ]
      },
      "properties": {
        "id": "cmsv3q2vh00wyt9reggpdumth",
        "name": "ETTP Skikda - Travaux Tuyauterie Plane",
        "slug": "ettp-skikda-travaux-tuyauterie-plane",
        "wilaya": "21",
        "wilayaName": "Saïda",
        "commune": "Skikda",
        "address": "Skikda, Skikda, Algeria",
        "employeeCount": 75,
        "verificationStatus": "PENDING",
        "hasWebsite": false
      }
    },
    {
      "type": "Feature",
      "geometry": {
        "type": "Point",
        "coordinates": [
          6.9238,
          36.8804
        ]
      },
      "properties": {
        "id": "cmsv3q2vi00x0t9reesfle0i9",
        "name": "Hydrocarbon Logistics Skikda (HLS)",
        "slug": "hydrocarbon-logistics-skikda-hls",
        "wilaya": "21",
        "wilayaName": "Saïda",
        "commune": "Skikda",
        "address": "Skikda, Skikda, Algeria",
        "employeeCount": 175,
        "verificationStatus": "PENDING",
        "hasWebsite": false
      }
    },
    {
      "type": "Feature",
      "geometry": {
        "type": "Point",
        "coordinates": [
          6.892,
          36.8783
        ]
      },
      "properties": {
        "id": "cmsv3q2vk00x2t9rei05ajhej",
        "name": "Transports Routiers Skikda (TRS)",
        "slug": "transports-routiers-skikda-trs",
        "wilaya": "21",
        "wilayaName": "Saïda",
        "commune": "Skikda",
        "address": "Skikda, Skikda, Algeria",
        "employeeCount": 25,
        "verificationStatus": "PENDING",
        "hasWebsite": false
      }
    },
    {
      "type": "Feature",
      "geometry": {
        "type": "Point",
        "coordinates": [
          6.9007,
          36.8619
        ]
      },
      "properties": {
        "id": "cmsv3q2vm00x4t9renxq3x9u0",
        "name": "Conserverie de Poissons de Skikda (CPS)",
        "slug": "conserverie-de-poissons-de-skikda-cps",
        "wilaya": "21",
        "wilayaName": "Saïda",
        "commune": "Skikda",
        "address": "Skikda, Skikda, Algeria",
        "employeeCount": 75,
        "verificationStatus": "PENDING",
        "hasWebsite": false
      }
    },
    {
      "type": "Feature",
      "geometry": {
        "type": "Point",
        "coordinates": [
          6.8738,
          36.8874
        ]
      },
      "properties": {
        "id": "cmsv3q2vo00x6t9re96cx9guz",
        "name": "Unité de Transformation Agrumicole Skikda (UTAS)",
        "slug": "unite-de-transformation-agrumicole-skikda-utas",
        "wilaya": "21",
        "wilayaName": "Saïda",
        "commune": "Tamalous",
        "address": "Tamalous, Skikda, Algeria",
        "employeeCount": 175,
        "verificationStatus": "PENDING",
        "hasWebsite": false
      }
    },
    {
      "type": "Feature",
      "geometry": {
        "type": "Point",
        "coordinates": [
          6.8981,
          36.8888
        ]
      },
      "properties": {
        "id": "cmsv3q2vq00x8t9re29tvlfd5",
        "name": "Coopérative Agrumicole Tamalous (CAT)",
        "slug": "cooperative-agrumicole-tamalous-cat",
        "wilaya": "21",
        "wilayaName": "Saïda",
        "commune": "Tamalous",
        "address": "Tamalous, Skikda, Algeria",
        "employeeCount": 75,
        "verificationStatus": "PENDING",
        "hasWebsite": false
      }
    },
    {
      "type": "Feature",
      "geometry": {
        "type": "Point",
        "coordinates": [
          6.6467,
          36.7667
        ]
      },
      "properties": {
        "id": "cmsv3q2vs00xat9re1e2zul5g",
        "name": "Ferme Moderne El Harrouch (FMEH)",
        "slug": "ferme-moderne-el-harrouch-fmeh",
        "wilaya": "21",
        "wilayaName": "Saïda",
        "commune": "El Harrouch",
        "address": "El Harrouch, Skikda, Algeria",
        "employeeCount": 25,
        "verificationStatus": "PENDING",
        "hasWebsite": false
      }
    },
    {
      "type": "Feature",
      "geometry": {
        "type": "Point",
        "coordinates": [
          6.5792,
          37.0266
        ]
      },
      "properties": {
        "id": "cmsv3q2vu00xct9re3gsyp1p3",
        "name": "Distillerie de Collo (DC)",
        "slug": "distillerie-de-collo-dc",
        "wilaya": "21",
        "wilayaName": "Saïda",
        "commune": "Collo",
        "address": "Collo, Skikda, Algeria",
        "employeeCount": 25,
        "verificationStatus": "PENDING",
        "hasWebsite": false
      }
    },
    {
      "type": "Feature",
      "geometry": {
        "type": "Point",
        "coordinates": [
          6.9303,
          36.8801
        ]
      },
      "properties": {
        "id": "cmsv3q2vw00xet9ref28ctwkm",
        "name": "Boulangerie Industrielle Skikda (BIS)",
        "slug": "boulangerie-industrielle-skikda-bis",
        "wilaya": "21",
        "wilayaName": "Saïda",
        "commune": "Skikda",
        "address": "Skikda, Skikda, Algeria",
        "employeeCount": 75,
        "verificationStatus": "PENDING",
        "hasWebsite": false
      }
    },
    {
      "type": "Feature",
      "geometry": {
        "type": "Point",
        "coordinates": [
          6.9297,
          36.8534
        ]
      },
      "properties": {
        "id": "cmsv3q2vx00xgt9re5chjfku8",
        "name": "Laiterie de Skikda (LS)",
        "slug": "laiterie-de-skikda-ls",
        "wilaya": "21",
        "wilayaName": "Saïda",
        "commune": "Skikda",
        "address": "Skikda, Skikda, Algeria",
        "employeeCount": 75,
        "verificationStatus": "PENDING",
        "hasWebsite": false
      }
    },
    {
      "type": "Feature",
      "geometry": {
        "type": "Point",
        "coordinates": [
          6.9012,
          36.8486
        ]
      },
      "properties": {
        "id": "cmsv3q2vz00xit9re9m3jvokj",
        "name": "Meunerie de Azzaba (MA)",
        "slug": "meunerie-de-azzaba-ma",
        "wilaya": "21",
        "wilayaName": "Saïda",
        "commune": "Azzaba",
        "address": "Azzaba, Skikda, Algeria",
        "employeeCount": 25,
        "verificationStatus": "PENDING",
        "hasWebsite": false
      }
    },
    {
      "type": "Feature",
      "geometry": {
        "type": "Point",
        "coordinates": [
          6.9167,
          36.8442
        ]
      },
      "properties": {
        "id": "cmsv3q2w000xkt9rewjzcz2kz",
        "name": "Chimie de Skikda (CSK)",
        "slug": "chimie-de-skikda-csk",
        "wilaya": "21",
        "wilayaName": "Saïda",
        "commune": "Skikda",
        "address": "Skikda, Skikda, Algeria",
        "employeeCount": 75,
        "verificationStatus": "PENDING",
        "hasWebsite": false
      }
    },
    {
      "type": "Feature",
      "geometry": {
        "type": "Point",
        "coordinates": [
          6.8983,
          36.89
        ]
      },
      "properties": {
        "id": "cmsv3q2w100xmt9resxj6x25m",
        "name": "Plastiques de Skikda (PSK)",
        "slug": "plastiques-de-skikda-psk",
        "wilaya": "21",
        "wilayaName": "Saïda",
        "commune": "Skikda",
        "address": "Skikda, Skikda, Algeria",
        "employeeCount": 75,
        "verificationStatus": "PENDING",
        "hasWebsite": false
      }
    },
    {
      "type": "Feature",
      "geometry": {
        "type": "Point",
        "coordinates": [
          6.9043,
          36.8719
        ]
      },
      "properties": {
        "id": "cmsv3q2w300xot9reiz40std7",
        "name": "Peintures Industrielles Skikda (PIS)",
        "slug": "peintures-industrielles-skikda-pis",
        "wilaya": "21",
        "wilayaName": "Saïda",
        "commune": "Skikda",
        "address": "Skikda, Skikda, Algeria",
        "employeeCount": 25,
        "verificationStatus": "PENDING",
        "hasWebsite": false
      }
    },
    {
      "type": "Feature",
      "geometry": {
        "type": "Point",
        "coordinates": [
          6.9048,
          36.8436
        ]
      },
      "properties": {
        "id": "cmsv3q2w400xqt9rejb6yeefx",
        "name": "Sider Skikda - Métallurgie",
        "slug": "sider-skikda-metallurgie",
        "wilaya": "21",
        "wilayaName": "Saïda",
        "commune": "Skikda",
        "address": "Skikda, Skikda, Algeria",
        "employeeCount": 25,
        "verificationStatus": "PENDING",
        "hasWebsite": false
      }
    },
    {
      "type": "Feature",
      "geometry": {
        "type": "Point",
        "coordinates": [
          6.9251,
          36.8826
        ]
      },
      "properties": {
        "id": "cmsv3q2w600xst9rem12sn3m0",
        "name": "Hôtel Complex Skikda",
        "slug": "hotel-complex-skikda",
        "wilaya": "21",
        "wilayaName": "Saïda",
        "commune": "Skikda",
        "address": "Skikda, Skikda, Algeria",
        "employeeCount": 25,
        "verificationStatus": "PENDING",
        "hasWebsite": false
      }
    },
    {
      "type": "Feature",
      "geometry": {
        "type": "Point",
        "coordinates": [
          6.5697,
          37.026
        ]
      },
      "properties": {
        "id": "cmsv3q2w700xut9rezqpw127k",
        "name": "Hôtel Les Falaises de Collo",
        "slug": "hotel-les-falaises-de-collo",
        "wilaya": "21",
        "wilayaName": "Saïda",
        "commune": "Collo",
        "address": "Collo, Skikda, Algeria",
        "employeeCount": 25,
        "verificationStatus": "PENDING",
        "hasWebsite": false
      }
    },
    {
      "type": "Feature",
      "geometry": {
        "type": "Point",
        "coordinates": [
          6.8992,
          36.8515
        ]
      },
      "properties": {
        "id": "cmsv3q2w800xwt9re7kfdk5qg",
        "name": "Agence de Voyages Skikda Tourisme (AVST)",
        "slug": "agence-de-voyages-skikda-tourisme-avst",
        "wilaya": "21",
        "wilayaName": "Saïda",
        "commune": "Skikda",
        "address": "Skikda, Skikda, Algeria",
        "employeeCount": 25,
        "verificationStatus": "PENDING",
        "hasWebsite": false
      }
    },
    {
      "type": "Feature",
      "geometry": {
        "type": "Point",
        "coordinates": [
          6.9103,
          36.848
        ]
      },
      "properties": {
        "id": "cmsv3q2wa00xyt9rebbnjgx16",
        "name": "Clinique Privée de Skikda (CPS)",
        "slug": "clinique-privee-de-skikda-cps",
        "wilaya": "21",
        "wilayaName": "Saïda",
        "commune": "Skikda",
        "address": "Skikda, Skikda, Algeria",
        "employeeCount": 75,
        "verificationStatus": "PENDING",
        "hasWebsite": false
      }
    },
    {
      "type": "Feature",
      "geometry": {
        "type": "Point",
        "coordinates": [
          6.9146,
          36.8802
        ]
      },
      "properties": {
        "id": "cmsv3q2wb00y0t9refujuw1o2",
        "name": "Pharmacie Centrale Skikda (PCS)",
        "slug": "pharmacie-centrale-skikda-pcs",
        "wilaya": "21",
        "wilayaName": "Saïda",
        "commune": "Skikda",
        "address": "Skikda, Skikda, Algeria",
        "employeeCount": 25,
        "verificationStatus": "PENDING",
        "hasWebsite": false
      }
    },
    {
      "type": "Feature",
      "geometry": {
        "type": "Point",
        "coordinates": [
          6.9061,
          36.8935
        ]
      },
      "properties": {
        "id": "cmsv3q2wc00y2t9rer2vh7at1",
        "name": "Société de Maintenance Industrielle Skikda (SMIS)",
        "slug": "societe-de-maintenance-industrielle-skikda-smis",
        "wilaya": "21",
        "wilayaName": "Saïda",
        "commune": "Skikda",
        "address": "Skikda, Skikda, Algeria",
        "employeeCount": 175,
        "verificationStatus": "PENDING",
        "hasWebsite": false
      }
    },
    {
      "type": "Feature",
      "geometry": {
        "type": "Point",
        "coordinates": [
          6.9222,
          36.8762
        ]
      },
      "properties": {
        "id": "cmsv3q2we00y4t9re3np1ddpa",
        "name": "Formation Professionnelle Skikda (FPS)",
        "slug": "formation-professionnelle-skikda-fps",
        "wilaya": "21",
        "wilayaName": "Saïda",
        "commune": "Skikda",
        "address": "Skikda, Skikda, Algeria",
        "employeeCount": 75,
        "verificationStatus": "PENDING",
        "hasWebsite": false
      }
    },
    {
      "type": "Feature",
      "geometry": {
        "type": "Point",
        "coordinates": [
          6.883,
          36.8906
        ]
      },
      "properties": {
        "id": "cmsv3q2wf00y6t9reqnkighlg",
        "name": "Imprimerie Moderne Skikda (IMS)",
        "slug": "imprimerie-moderne-skikda-ims",
        "wilaya": "21",
        "wilayaName": "Saïda",
        "commune": "Skikda",
        "address": "Skikda, Skikda, Algeria",
        "employeeCount": 25,
        "verificationStatus": "PENDING",
        "hasWebsite": false
      }
    },
    {
      "type": "Feature",
      "geometry": {
        "type": "Point",
        "coordinates": [
          6.9077,
          36.8773
        ]
      },
      "properties": {
        "id": "cmsv3q2wh00y8t9retaqk0u9a",
        "name": "Commerce Général Skikda (CGS)",
        "slug": "commerce-general-skikda-cgs",
        "wilaya": "21",
        "wilayaName": "Saïda",
        "commune": "Skikda",
        "address": "Skikda, Skikda, Algeria",
        "employeeCount": 25,
        "verificationStatus": "PENDING",
        "hasWebsite": false
      }
    },
    {
      "type": "Feature",
      "geometry": {
        "type": "Point",
        "coordinates": [
          6.9266,
          36.8747
        ]
      },
      "properties": {
        "id": "cmsv3q2wi00yat9rectrv2e4k",
        "name": "Station Service NAFTAL Skikda Centre",
        "slug": "station-service-naftal-skikda-centre",
        "wilaya": "21",
        "wilayaName": "Saïda",
        "commune": "Skikda",
        "address": "Skikda, Skikda, Algeria",
        "employeeCount": 25,
        "verificationStatus": "PENDING",
        "hasWebsite": true
      }
    },
    {
      "type": "Feature",
      "geometry": {
        "type": "Point",
        "coordinates": [
          6.9331,
          36.851
        ]
      },
      "properties": {
        "id": "cmsv3q2wj00yct9re7fsvnb45",
        "name": "SGPP Skikda - Gestion Port Pêche",
        "slug": "sgpp-skikda-gestion-port-peche",
        "wilaya": "21",
        "wilayaName": "Saïda",
        "commune": "Skikda",
        "address": "Skikda, Skikda, Algeria",
        "employeeCount": 75,
        "verificationStatus": "PENDING",
        "hasWebsite": true
      }
    },
    {
      "type": "Feature",
      "geometry": {
        "type": "Point",
        "coordinates": [
          7.9529,
          36.2985
        ]
      },
      "properties": {
        "id": "cmsv3q2wl00yet9rel95qagzh",
        "name": "MOULIN MODERNE DE SOUK AHRAS (MMSA)",
        "slug": "moulin-moderne-de-souk-ahras-mmsa",
        "wilaya": "36",
        "wilayaName": "El Oued",
        "commune": "Souk Ahras",
        "address": "Souk Ahras, Souk Ahras, Algeria",
        "employeeCount": 25,
        "verificationStatus": "PENDING",
        "hasWebsite": false
      }
    },
    {
      "type": "Feature",
      "geometry": {
        "type": "Point",
        "coordinates": [
          7.943,
          36.2756
        ]
      },
      "properties": {
        "id": "cmsv3q2wm00ygt9re3golsj2x",
        "name": "HUILERIE TRADITIONNELLE DE SEDRATA",
        "slug": "huilerie-traditionnelle-de-sedrata",
        "wilaya": "36",
        "wilayaName": "El Oued",
        "commune": "Sedrata",
        "address": "Sedrata, Souk Ahras, Algeria",
        "employeeCount": 25,
        "verificationStatus": "PENDING",
        "hasWebsite": false
      }
    },
    {
      "type": "Feature",
      "geometry": {
        "type": "Point",
        "coordinates": [
          7.9782,
          36.2585
        ]
      },
      "properties": {
        "id": "cmsv3q2wo00yit9rewjod4qhy",
        "name": "COOPÉRATIVE AGRICOLE DE SOUK AHRAS (CASA)",
        "slug": "cooperative-agricole-de-souk-ahras-casa",
        "wilaya": "36",
        "wilayaName": "El Oued",
        "commune": "Souk Ahras",
        "address": "Souk Ahras, Souk Ahras, Algeria",
        "employeeCount": 25,
        "verificationStatus": "PENDING",
        "hasWebsite": false
      }
    },
    {
      "type": "Feature",
      "geometry": {
        "type": "Point",
        "coordinates": [
          7.9726,
          36.2798
        ]
      },
      "properties": {
        "id": "cmsv3q2wp00ykt9retv1fhple",
        "name": "CAVE COOPÉRATIVE VITICOLE DE SOUK AHRAS",
        "slug": "cave-cooperative-viticole-de-souk-ahras",
        "wilaya": "36",
        "wilayaName": "El Oued",
        "commune": "Souk Ahras",
        "address": "Souk Ahras, Souk Ahras, Algeria",
        "employeeCount": 25,
        "verificationStatus": "PENDING",
        "hasWebsite": false
      }
    },
    {
      "type": "Feature",
      "geometry": {
        "type": "Point",
        "coordinates": [
          7.9226,
          36.3101
        ]
      },
      "properties": {
        "id": "cmsv3q2wq00ymt9revzzij6wm",
        "name": "LAITERIE DE SOUK AHRAS (LSA)",
        "slug": "laiterie-de-souk-ahras-lsa",
        "wilaya": "36",
        "wilayaName": "El Oued",
        "commune": "Souk Ahras",
        "address": "Souk Ahras, Souk Ahras, Algeria",
        "employeeCount": 25,
        "verificationStatus": "PENDING",
        "hasWebsite": false
      }
    },
    {
      "type": "Feature",
      "geometry": {
        "type": "Point",
        "coordinates": [
          7.9511,
          36.3018
        ]
      },
      "properties": {
        "id": "cmsv3q2ws00yot9rexmzen0h4",
        "name": "ENTREPRISE DE TRAVAUX PUBLICS DE SOUK AHRAS (ETPSA)",
        "slug": "entreprise-de-travaux-publics-de-souk-ahras-etpsa",
        "wilaya": "36",
        "wilayaName": "El Oued",
        "commune": "Souk Ahras",
        "address": "Souk Ahras, Souk Ahras, Algeria",
        "employeeCount": 25,
        "verificationStatus": "PENDING",
        "hasWebsite": false
      }
    },
    {
      "type": "Feature",
      "geometry": {
        "type": "Point",
        "coordinates": [
          7.9738,
          36.2869
        ]
      },
      "properties": {
        "id": "cmsv3q2wt00yqt9rerjcqh4yq",
        "name": "COMPLEXE AVICOLE DE MECHROHA",
        "slug": "complexe-avicole-de-mechroha",
        "wilaya": "36",
        "wilayaName": "El Oued",
        "commune": "Mechroha",
        "address": "Mechroha, Souk Ahras, Algeria",
        "employeeCount": 25,
        "verificationStatus": "PENDING",
        "hasWebsite": false
      }
    },
    {
      "type": "Feature",
      "geometry": {
        "type": "Point",
        "coordinates": [
          7.9331,
          36.301
        ]
      },
      "properties": {
        "id": "cmsv3q2wv00yst9req6y5092d",
        "name": "SOCIÉTÉ D'EXPLOITATION DES OLIVAIRES DE KHEMISSA (SEOK)",
        "slug": "societe-dexploitation-des-olivaires-de-khemissa-seok",
        "wilaya": "36",
        "wilayaName": "El Oued",
        "commune": "Khemissa",
        "address": "Khemissa, Souk Ahras, Algeria",
        "employeeCount": 25,
        "verificationStatus": "PENDING",
        "hasWebsite": false
      }
    },
    {
      "type": "Feature",
      "geometry": {
        "type": "Point",
        "coordinates": [
          7.9204,
          36.3025
        ]
      },
      "properties": {
        "id": "cmsv3q2ww00yut9rem9pjxfu0",
        "name": "AGENCE TOURISTIQUE THAGASTE VOYAGES",
        "slug": "agence-touristique-thagaste-voyages",
        "wilaya": "36",
        "wilayaName": "El Oued",
        "commune": "Souk Ahras",
        "address": "Souk Ahras, Souk Ahras, Algeria",
        "employeeCount": 25,
        "verificationStatus": "PENDING",
        "hasWebsite": false
      }
    },
    {
      "type": "Feature",
      "geometry": {
        "type": "Point",
        "coordinates": [
          7.9483,
          36.279
        ]
      },
      "properties": {
        "id": "cmsv3q2wy00ywt9renx9akep5",
        "name": "METALLERIE GÉNÉRALE DE SOUK AHRAS (MGSA)",
        "slug": "metallerie-generale-de-souk-ahras-mgsa",
        "wilaya": "36",
        "wilayaName": "El Oued",
        "commune": "Souk Ahras",
        "address": "Souk Ahras, Souk Ahras, Algeria",
        "employeeCount": 25,
        "verificationStatus": "PENDING",
        "hasWebsite": false
      }
    },
    {
      "type": "Feature",
      "geometry": {
        "type": "Point",
        "coordinates": [
          7.9452,
          36.2898
        ]
      },
      "properties": {
        "id": "cmsv3q2wz00yyt9rep16u0x72",
        "name": "DISTRI-COM SOUK AHRAS",
        "slug": "distri-com-souk-ahras",
        "wilaya": "36",
        "wilayaName": "El Oued",
        "commune": "Souk Ahras",
        "address": "Souk Ahras, Souk Ahras, Algeria",
        "employeeCount": 25,
        "verificationStatus": "PENDING",
        "hasWebsite": false
      }
    },
    {
      "type": "Feature",
      "geometry": {
        "type": "Point",
        "coordinates": [
          7.9315,
          36.3004
        ]
      },
      "properties": {
        "id": "cmsv3q2x000z0t9reu0a8jlcb",
        "name": "ÉLEVAGE BOVIN DE DREA (EBD)",
        "slug": "elevage-bovin-de-drea-ebd",
        "wilaya": "36",
        "wilayaName": "El Oued",
        "commune": "Drea",
        "address": "Drea, Souk Ahras, Algeria",
        "employeeCount": 25,
        "verificationStatus": "PENDING",
        "hasWebsite": false
      }
    },
    {
      "type": "Feature",
      "geometry": {
        "type": "Point",
        "coordinates": [
          7.9692,
          36.2923
        ]
      },
      "properties": {
        "id": "cmsv3q2x200z2t9revw6x3scz",
        "name": "MENUISERIE ALUMINIUM MERAHNA (MAM)",
        "slug": "menuiserie-aluminium-merahna-mam",
        "wilaya": "36",
        "wilayaName": "El Oued",
        "commune": "Merahna",
        "address": "Merahna, Souk Ahras, Algeria",
        "employeeCount": 25,
        "verificationStatus": "PENDING",
        "hasWebsite": false
      }
    },
    {
      "type": "Feature",
      "geometry": {
        "type": "Point",
        "coordinates": [
          7.9664,
          36.2789
        ]
      },
      "properties": {
        "id": "cmsv3q2x300z4t9re9mnuvp8w",
        "name": "APICULTURE DES HAUTS PLATEAUX - ANTENNE SOUK AHRAS",
        "slug": "apiculture-des-hauts-plateaux-antenne-souk-ahras",
        "wilaya": "36",
        "wilayaName": "El Oued",
        "commune": "Mechroha",
        "address": "Mechroha, Souk Ahras, Algeria",
        "employeeCount": 25,
        "verificationStatus": "PENDING",
        "hasWebsite": false
      }
    },
    {
      "type": "Feature",
      "geometry": {
        "type": "Point",
        "coordinates": [
          7.9195,
          36.2999
        ]
      },
      "properties": {
        "id": "cmsv3q2x500z6t9re6xtqxs5q",
        "name": "TRANSPORTS ET LOGISTIQUE DE L'EST (TLE)",
        "slug": "transports-et-logistique-de-lest-tle",
        "wilaya": "36",
        "wilayaName": "El Oued",
        "commune": "Souk Ahras",
        "address": "Souk Ahras, Souk Ahras, Algeria",
        "employeeCount": 25,
        "verificationStatus": "PENDING",
        "hasWebsite": false
      }
    },
    {
      "type": "Feature",
      "geometry": {
        "type": "Point",
        "coordinates": [
          7.94,
          36.2671
        ]
      },
      "properties": {
        "id": "cmsv3q2x600z8t9recjhtfbc8",
        "name": "CARREIÈRES DE SOUK AHRAS (CSA)",
        "slug": "carreieres-de-souk-ahras-csa",
        "wilaya": "36",
        "wilayaName": "El Oued",
        "commune": "Sedrata",
        "address": "Sedrata, Souk Ahras, Algeria",
        "employeeCount": 25,
        "verificationStatus": "PENDING",
        "hasWebsite": false
      }
    },
    {
      "type": "Feature",
      "geometry": {
        "type": "Point",
        "coordinates": [
          7.9288,
          36.2923
        ]
      },
      "properties": {
        "id": "cmsv3q2x800zat9repiwzc3pa",
        "name": "FROMAGERIE ARTISANALE DE AIN ZANA",
        "slug": "fromagerie-artisanale-de-ain-zana",
        "wilaya": "36",
        "wilayaName": "El Oued",
        "commune": "Ain Zana",
        "address": "Ain Zana, Souk Ahras, Algeria",
        "employeeCount": 25,
        "verificationStatus": "PENDING",
        "hasWebsite": false
      }
    },
    {
      "type": "Feature",
      "geometry": {
        "type": "Point",
        "coordinates": [
          7.935,
          36.2728
        ]
      },
      "properties": {
        "id": "cmsv3q2x900zct9rex2taahe5",
        "name": "SERVICES INFORMATIQUES DE SOUK AHRAS (SISA)",
        "slug": "services-informatiques-de-souk-ahras-sisa",
        "wilaya": "36",
        "wilayaName": "El Oued",
        "commune": "Souk Ahras",
        "address": "Souk Ahras, Souk Ahras, Algeria",
        "employeeCount": 25,
        "verificationStatus": "PENDING",
        "hasWebsite": false
      }
    },
    {
      "type": "Feature",
      "geometry": {
        "type": "Point",
        "coordinates": [
          7.9757,
          36.2826
        ]
      },
      "properties": {
        "id": "cmsv3q2xb00zet9reqoarhll7",
        "name": "AGRARIA SOUK AHRAS - Intrants Agricoles",
        "slug": "agraria-souk-ahras-intrants-agricoles",
        "wilaya": "36",
        "wilayaName": "El Oued",
        "commune": "Souk Ahras",
        "address": "Souk Ahras, Souk Ahras, Algeria",
        "employeeCount": 25,
        "verificationStatus": "PENDING",
        "hasWebsite": false
      }
    },
    {
      "type": "Feature",
      "geometry": {
        "type": "Point",
        "coordinates": [
          7.9371,
          36.305
        ]
      },
      "properties": {
        "id": "cmsv3q2xc00zgt9regd6xdlg5",
        "name": "CONSERVERIE DE FRUITS ET LÉGUMES DE SOUK AHRAS",
        "slug": "conserverie-de-fruits-et-legumes-de-souk-ahras",
        "wilaya": "36",
        "wilayaName": "El Oued",
        "commune": "Souk Ahras",
        "address": "Souk Ahras, Souk Ahras, Algeria",
        "employeeCount": 25,
        "verificationStatus": "PENDING",
        "hasWebsite": false
      }
    },
    {
      "type": "Feature",
      "geometry": {
        "type": "Point",
        "coordinates": [
          7.9562,
          36.2656
        ]
      },
      "properties": {
        "id": "cmsv3q2xd00zit9resj3enhwg",
        "name": "CENTRE ÉQUESTRE DE SOUK AHRAS",
        "slug": "centre-equestre-de-souk-ahras",
        "wilaya": "36",
        "wilayaName": "El Oued",
        "commune": "Souk Ahras",
        "address": "Souk Ahras, Souk Ahras, Algeria",
        "employeeCount": 25,
        "verificationStatus": "PENDING",
        "hasWebsite": false
      }
    },
    {
      "type": "Feature",
      "geometry": {
        "type": "Point",
        "coordinates": [
          7.946,
          36.274
        ]
      },
      "properties": {
        "id": "cmsv3q2xf00zkt9rea33sna3e",
        "name": "IMPRIMERIE RAPIDE DE SOUK AHRAS (IRSA)",
        "slug": "imprimerie-rapide-de-souk-ahras-irsa",
        "wilaya": "36",
        "wilayaName": "El Oued",
        "commune": "Souk Ahras",
        "address": "Souk Ahras, Souk Ahras, Algeria",
        "employeeCount": 25,
        "verificationStatus": "PENDING",
        "hasWebsite": false
      }
    },
    {
      "type": "Feature",
      "geometry": {
        "type": "Point",
        "coordinates": [
          7.9671,
          36.2807
        ]
      },
      "properties": {
        "id": "cmsv3q2xg00zmt9rev26b0d3r",
        "name": "NÉGOCE TRANSFRONTALIER SAID & FILS",
        "slug": "negoce-transfrontalier-said-fils",
        "wilaya": "36",
        "wilayaName": "El Oued",
        "commune": "Souk Ahras",
        "address": "Souk Ahras, Souk Ahras, Algeria",
        "employeeCount": 25,
        "verificationStatus": "PENDING",
        "hasWebsite": false
      }
    },
    {
      "type": "Feature",
      "geometry": {
        "type": "Point",
        "coordinates": [
          7.9733,
          36.2603
        ]
      },
      "properties": {
        "id": "cmsv3q2xi00zot9reebtn7trf",
        "name": "CLINIQUE VÉTÉRINAIRE DE SOUK AHRAS",
        "slug": "clinique-veterinaire-de-souk-ahras",
        "wilaya": "36",
        "wilayaName": "El Oued",
        "commune": "Souk Ahras",
        "address": "Souk Ahras, Souk Ahras, Algeria",
        "employeeCount": 25,
        "verificationStatus": "PENDING",
        "hasWebsite": false
      }
    },
    {
      "type": "Feature",
      "geometry": {
        "type": "Point",
        "coordinates": [
          7.92,
          36.2474
        ]
      },
      "properties": {
        "id": "cmsv3q2xj00zqt9reqtcluar6",
        "name": "PRODUCTION D'ALIMENTS DU BÉTAIL PAB-SOUK AHRAS",
        "slug": "production-daliments-du-betail-pab-souk-ahras",
        "wilaya": "36",
        "wilayaName": "El Oued",
        "commune": "Sedrata",
        "address": "Sedrata, Souk Ahras, Algeria",
        "employeeCount": 25,
        "verificationStatus": "PENDING",
        "hasWebsite": false
      }
    },
    {
      "type": "Feature",
      "geometry": {
        "type": "Point",
        "coordinates": [
          7.948,
          36.2981
        ]
      },
      "properties": {
        "id": "cmsv3q2xk00zst9re61mkunf2",
        "name": "AGENCE IMMOBILIÈRE THAGASTE IMMO",
        "slug": "agence-immobiliere-thagaste-immo",
        "wilaya": "36",
        "wilayaName": "El Oued",
        "commune": "Souk Ahras",
        "address": "Souk Ahras, Souk Ahras, Algeria",
        "employeeCount": 25,
        "verificationStatus": "PENDING",
        "hasWebsite": false
      }
    },
    {
      "type": "Feature",
      "geometry": {
        "type": "Point",
        "coordinates": [
          7.9642,
          36.2999
        ]
      },
      "properties": {
        "id": "cmsv3q2xm00zut9reeraprrbz",
        "name": "UNITÉ DE PRODUCTION DE JUS DE FRUITS - SOUK AHRAS",
        "slug": "unite-de-production-de-jus-de-fruits-souk-ahras",
        "wilaya": "36",
        "wilayaName": "El Oued",
        "commune": "Souk Ahras",
        "address": "Souk Ahras, Souk Ahras, Algeria",
        "employeeCount": 25,
        "verificationStatus": "PENDING",
        "hasWebsite": false
      }
    },
    {
      "type": "Feature",
      "geometry": {
        "type": "Point",
        "coordinates": [
          7.9323,
          36.2655
        ]
      },
      "properties": {
        "id": "cmsv3q2xn00zwt9re5c8jdf4n",
        "name": "MATÉRIAUX ÉLECTRIQUES DE SOUK AHRAS (MESA)",
        "slug": "materiaux-electriques-de-souk-ahras-mesa",
        "wilaya": "36",
        "wilayaName": "El Oued",
        "commune": "Souk Ahras",
        "address": "Souk Ahras, Souk Ahras, Algeria",
        "employeeCount": 25,
        "verificationStatus": "PENDING",
        "hasWebsite": false
      }
    },
    {
      "type": "Feature",
      "geometry": {
        "type": "Point",
        "coordinates": [
          7.9418,
          36.29
        ]
      },
      "properties": {
        "id": "cmsv3q2xp00zyt9rezggr4raj",
        "name": "PEPINIÈRE FORESTIÈRE DE SOUK AHRAS",
        "slug": "pepiniere-forestiere-de-souk-ahras",
        "wilaya": "36",
        "wilayaName": "El Oued",
        "commune": "Mechroha",
        "address": "Mechroha, Souk Ahras, Algeria",
        "employeeCount": 25,
        "verificationStatus": "PENDING",
        "hasWebsite": false
      }
    },
    {
      "type": "Feature",
      "geometry": {
        "type": "Point",
        "coordinates": [
          7.9279,
          36.2691
        ]
      },
      "properties": {
        "id": "cmsv3q2xq0100t9re703tiyzi",
        "name": "RESTAURANT LE THAGASTE",
        "slug": "restaurant-le-thagaste",
        "wilaya": "36",
        "wilayaName": "El Oued",
        "commune": "Souk Ahras",
        "address": "Souk Ahras, Souk Ahras, Algeria",
        "employeeCount": 25,
        "verificationStatus": "PENDING",
        "hasWebsite": false
      }
    },
    {
      "type": "Feature",
      "geometry": {
        "type": "Point",
        "coordinates": [
          8.2695,
          35.4217
        ]
      },
      "properties": {
        "id": "cmsv3q2xs0102t9re4qbvdim7",
        "name": "Complexe Minier de Djebel Onk (FERPHOS)",
        "slug": "complexe-minier-de-djebel-onk-ferphos",
        "wilaya": "41",
        "wilayaName": "Aïn Defla",
        "commune": "El Kouif",
        "address": "El Kouif, Tébessa, Algeria",
        "employeeCount": 2750,
        "verificationStatus": "PENDING",
        "hasWebsite": true
      }
    },
    {
      "type": "Feature",
      "geometry": {
        "type": "Point",
        "coordinates": [
          8.2571,
          35.4365
        ]
      },
      "properties": {
        "id": "cmsv3q2xu0104t9repw27ojrx",
        "name": "Entreprise Régionale des Produits Phosphatiés d'El Kouif (ERPP)",
        "slug": "entreprise-regionale-des-produits-phosphaties-del-kouif-erpp",
        "wilaya": "41",
        "wilayaName": "Aïn Defla",
        "commune": "El Kouif",
        "address": "El Kouif, Tébessa, Algeria",
        "employeeCount": 25,
        "verificationStatus": "PENDING",
        "hasWebsite": false
      }
    },
    {
      "type": "Feature",
      "geometry": {
        "type": "Point",
        "coordinates": [
          8.1086,
          35.421
        ]
      },
      "properties": {
        "id": "cmsv3q2xw0106t9rex94cen5l",
        "name": "SARL Mines Services Tébessa (MST)",
        "slug": "sarl-mines-services-tebessa-mst",
        "wilaya": "41",
        "wilayaName": "Aïn Defla",
        "commune": "Tébessa",
        "address": "Tébessa, Tébessa, Algeria",
        "employeeCount": 25,
        "verificationStatus": "PENDING",
        "hasWebsite": false
      }
    },
    {
      "type": "Feature",
      "geometry": {
        "type": "Point",
        "coordinates": [
          8.2544,
          35.4344
        ]
      },
      "properties": {
        "id": "cmsv3q2xx0108t9reign0yw5b",
        "name": "SARL Explosifs et Produits Chimiques Industriels (EPCI)",
        "slug": "sarl-explosifs-et-produits-chimiques-industriels-epci",
        "wilaya": "41",
        "wilayaName": "Aïn Defla",
        "commune": "El Kouif",
        "address": "El Kouif, Tébessa, Algeria",
        "employeeCount": 25,
        "verificationStatus": "PENDING",
        "hasWebsite": false
      }
    },
    {
      "type": "Feature",
      "geometry": {
        "type": "Point",
        "coordinates": [
          8.1476,
          35.3949
        ]
      },
      "properties": {
        "id": "cmsv3q2xz010at9red6ezadfr",
        "name": "Coopérative Agricole de Céréales de Tébessa (CACT)",
        "slug": "cooperative-agricole-de-cereales-de-tebessa-cact",
        "wilaya": "41",
        "wilayaName": "Aïn Defla",
        "commune": "Tébessa",
        "address": "Tébessa, Tébessa, Algeria",
        "employeeCount": 25,
        "verificationStatus": "PENDING",
        "hasWebsite": false
      }
    },
    {
      "type": "Feature",
      "geometry": {
        "type": "Point",
        "coordinates": [
          8.0968,
          35.3856
        ]
      },
      "properties": {
        "id": "cmsv3q2y0010ct9rel8urrobm",
        "name": "Minoterie Industrielle de Tébessa (MIT)",
        "slug": "minoterie-industrielle-de-tebessa-mit",
        "wilaya": "41",
        "wilayaName": "Aïn Defla",
        "commune": "Tébessa",
        "address": "Tébessa, Tébessa, Algeria",
        "employeeCount": 25,
        "verificationStatus": "PENDING",
        "hasWebsite": false
      }
    },
    {
      "type": "Feature",
      "geometry": {
        "type": "Point",
        "coordinates": [
          8.0906,
          35.4007
        ]
      },
      "properties": {
        "id": "cmsv3q2y2010et9ref8h4tfac",
        "name": "Huilerie Moderne de Bir el Ater (HMBA)",
        "slug": "huilerie-moderne-de-bir-el-ater-hmba",
        "wilaya": "41",
        "wilayaName": "Aïn Defla",
        "commune": "Bir el Ater",
        "address": "Bir el Ater, Tébessa, Algeria",
        "employeeCount": 25,
        "verificationStatus": "PENDING",
        "hasWebsite": false
      }
    },
    {
      "type": "Feature",
      "geometry": {
        "type": "Point",
        "coordinates": [
          8.1133,
          35.4082
        ]
      },
      "properties": {
        "id": "cmsv3q2y3010gt9revjrighzy",
        "name": "SARL Construction et Travaux Publics de Tébessa (CTPT)",
        "slug": "sarl-construction-et-travaux-publics-de-tebessa-ctpt",
        "wilaya": "41",
        "wilayaName": "Aïn Defla",
        "commune": "Tébessa",
        "address": "Tébessa, Tébessa, Algeria",
        "employeeCount": 25,
        "verificationStatus": "PENDING",
        "hasWebsite": false
      }
    },
    {
      "type": "Feature",
      "geometry": {
        "type": "Point",
        "coordinates": [
          8.1465,
          35.3903
        ]
      },
      "properties": {
        "id": "cmsv3q2y5010it9re0nl72mcm",
        "name": "SARL Matériaux de Construction El Ma El Biodh (MCEB)",
        "slug": "sarl-materiaux-de-construction-el-ma-el-biodh-mceb",
        "wilaya": "41",
        "wilayaName": "Aïn Defla",
        "commune": "El Ma El Biodh",
        "address": "El Ma El Biodh, Tébessa, Algeria",
        "employeeCount": 25,
        "verificationStatus": "PENDING",
        "hasWebsite": false
      }
    },
    {
      "type": "Feature",
      "geometry": {
        "type": "Point",
        "coordinates": [
          8.2671,
          35.4342
        ]
      },
      "properties": {
        "id": "cmsv3q2y6010kt9resr6rlbpv",
        "name": "SARL Commerce Frontalier Tébessa-Tunisie (CFTT)",
        "slug": "sarl-commerce-frontalier-tebessa-tunisie-cftt",
        "wilaya": "41",
        "wilayaName": "Aïn Defla",
        "commune": "El Kouif",
        "address": "El Kouif, Tébessa, Algeria",
        "employeeCount": 25,
        "verificationStatus": "PENDING",
        "hasWebsite": false
      }
    },
    {
      "type": "Feature",
      "geometry": {
        "type": "Point",
        "coordinates": [
          8.2983,
          35.4343
        ]
      },
      "properties": {
        "id": "cmsv3q2y8010mt9rea72ynet5",
        "name": "Transport Routier des Phosphates (TRP)",
        "slug": "transport-routier-des-phosphates-trp",
        "wilaya": "41",
        "wilayaName": "Aïn Defla",
        "commune": "El Kouif",
        "address": "El Kouif, Tébessa, Algeria",
        "employeeCount": 25,
        "verificationStatus": "PENDING",
        "hasWebsite": false
      }
    },
    {
      "type": "Feature",
      "geometry": {
        "type": "Point",
        "coordinates": [
          8.1525,
          35.4029
        ]
      },
      "properties": {
        "id": "cmsv3q2y9010ot9re1ftoxdj0",
        "name": "SARL Location d'Engins de Chantier Tébessa (LECT)",
        "slug": "sarl-location-dengins-de-chantier-tebessa-lect",
        "wilaya": "41",
        "wilayaName": "Aïn Defla",
        "commune": "Tébessa",
        "address": "Tébessa, Tébessa, Algeria",
        "employeeCount": 25,
        "verificationStatus": "PENDING",
        "hasWebsite": false
      }
    },
    {
      "type": "Feature",
      "geometry": {
        "type": "Point",
        "coordinates": [
          8.142,
          35.3915
        ]
      },
      "properties": {
        "id": "cmsv3q2yb010qt9rewtkfphk2",
        "name": "Complexe Avicole de Oum Ali (CAOA)",
        "slug": "complexe-avicole-de-oum-ali-caoa",
        "wilaya": "41",
        "wilayaName": "Aïn Defla",
        "commune": "Oum Ali",
        "address": "Oum Ali, Tébessa, Algeria",
        "employeeCount": 25,
        "verificationStatus": "PENDING",
        "hasWebsite": false
      }
    },
    {
      "type": "Feature",
      "geometry": {
        "type": "Point",
        "coordinates": [
          8.0934,
          35.3964
        ]
      },
      "properties": {
        "id": "cmsv3q2yc010st9re4jtl395q",
        "name": "SARL Transformation Laitière de Tébessa (TLT)",
        "slug": "sarl-transformation-laitiere-de-tebessa-tlt",
        "wilaya": "41",
        "wilayaName": "Aïn Defla",
        "commune": "Tébessa",
        "address": "Tébessa, Tébessa, Algeria",
        "employeeCount": 25,
        "verificationStatus": "PENDING",
        "hasWebsite": false
      }
    },
    {
      "type": "Feature",
      "geometry": {
        "type": "Point",
        "coordinates": [
          8.1479,
          35.385
        ]
      },
      "properties": {
        "id": "cmsv3q2ye010ut9reni4vnicd",
        "name": "SARL Élevage Ovin et Caprin des Aurès (EOCA)",
        "slug": "sarl-elevage-ovin-et-caprin-des-aures-eoca",
        "wilaya": "41",
        "wilayaName": "Aïn Defla",
        "commune": "El Ogla",
        "address": "El Ogla, Tébessa, Algeria",
        "employeeCount": 25,
        "verificationStatus": "PENDING",
        "hasWebsite": false
      }
    },
    {
      "type": "Feature",
      "geometry": {
        "type": "Point",
        "coordinates": [
          8.1338,
          35.4341
        ]
      },
      "properties": {
        "id": "cmsv3q2yf010wt9re812w4ptl",
        "name": "SARL Agrofournitures de Dkhilet (AFD)",
        "slug": "sarl-agrofournitures-de-dkhilet-afd",
        "wilaya": "41",
        "wilayaName": "Aïn Defla",
        "commune": "Dkhilet",
        "address": "Dkhilet, Tébessa, Algeria",
        "employeeCount": 25,
        "verificationStatus": "PENDING",
        "hasWebsite": false
      }
    },
    {
      "type": "Feature",
      "geometry": {
        "type": "Point",
        "coordinates": [
          8.1434,
          35.4231
        ]
      },
      "properties": {
        "id": "cmsv3q2yg010yt9reylkwsp8t",
        "name": "SARL Eaux Minérales Sources de Tébessa (EMST)",
        "slug": "sarl-eaux-minerales-sources-de-tebessa-emst",
        "wilaya": "41",
        "wilayaName": "Aïn Defla",
        "commune": "Tébessa",
        "address": "Tébessa, Tébessa, Algeria",
        "employeeCount": 25,
        "verificationStatus": "PENDING",
        "hasWebsite": false
      }
    },
    {
      "type": "Feature",
      "geometry": {
        "type": "Point",
        "coordinates": [
          8.1517,
          35.3899
        ]
      },
      "properties": {
        "id": "cmsv3q2yi0110t9re9p984u7e",
        "name": "SARL Menuiserie Métallique et Aluminium Tébessa (MMAT)",
        "slug": "sarl-menuiserie-metallique-et-aluminium-tebessa-mmat",
        "wilaya": "41",
        "wilayaName": "Aïn Defla",
        "commune": "Tébessa",
        "address": "Tébessa, Tébessa, Algeria",
        "employeeCount": 25,
        "verificationStatus": "PENDING",
        "hasWebsite": false
      }
    },
    {
      "type": "Feature",
      "geometry": {
        "type": "Point",
        "coordinates": [
          8.1257,
          35.4221
        ]
      },
      "properties": {
        "id": "cmsv3q2yj0112t9re96uwni4r",
        "name": "SARL Commerce Général de Tébessa (CGT)",
        "slug": "sarl-commerce-general-de-tebessa-cgt",
        "wilaya": "41",
        "wilayaName": "Aïn Defla",
        "commune": "Tébessa",
        "address": "Tébessa, Tébessa, Algeria",
        "employeeCount": 25,
        "verificationStatus": "PENDING",
        "hasWebsite": false
      }
    },
    {
      "type": "Feature",
      "geometry": {
        "type": "Point",
        "coordinates": [
          8.1087,
          35.4292
        ]
      },
      "properties": {
        "id": "cmsv3q2yl0114t9rekclkbsvi",
        "name": "SARL Apiculture et Miel des Montagnes de Tébessa (AMMT)",
        "slug": "sarl-apiculture-et-miel-des-montagnes-de-tebessa-ammt",
        "wilaya": "41",
        "wilayaName": "Aïn Defla",
        "commune": "El Ma El Biodh",
        "address": "El Ma El Biodh, Tébessa, Algeria",
        "employeeCount": 25,
        "verificationStatus": "PENDING",
        "hasWebsite": false
      }
    },
    {
      "type": "Feature",
      "geometry": {
        "type": "Point",
        "coordinates": [
          8.1408,
          35.3928
        ]
      },
      "properties": {
        "id": "cmsv3q2ym0116t9rehuq8i24l",
        "name": "Agence de Transport et Voyageurs de Tébessa (ATVT)",
        "slug": "agence-de-transport-et-voyageurs-de-tebessa-atvt",
        "wilaya": "41",
        "wilayaName": "Aïn Defla",
        "commune": "Tébessa",
        "address": "Tébessa, Tébessa, Algeria",
        "employeeCount": 25,
        "verificationStatus": "PENDING",
        "hasWebsite": false
      }
    },
    {
      "type": "Feature",
      "geometry": {
        "type": "Point",
        "coordinates": [
          8.2613,
          35.4078
        ]
      },
      "properties": {
        "id": "cmsv3q2yo0118t9restvssh0i",
        "name": "SARL Maintenance Industrielle Minière (MIM)",
        "slug": "sarl-maintenance-industrielle-miniere-mim",
        "wilaya": "41",
        "wilayaName": "Aïn Defla",
        "commune": "El Kouif",
        "address": "El Kouif, Tébessa, Algeria",
        "employeeCount": 25,
        "verificationStatus": "PENDING",
        "hasWebsite": false
      }
    },
    {
      "type": "Feature",
      "geometry": {
        "type": "Point",
        "coordinates": [
          8.1091,
          35.3825
        ]
      },
      "properties": {
        "id": "cmsv3q2yp011at9reikds20fi",
        "name": "SARL Production d'Amandes de Tébessa (PAT)",
        "slug": "sarl-production-damandes-de-tebessa-pat",
        "wilaya": "41",
        "wilayaName": "Aïn Defla",
        "commune": "Bir el Ater",
        "address": "Bir el Ater, Tébessa, Algeria",
        "employeeCount": 25,
        "verificationStatus": "PENDING",
        "hasWebsite": false
      }
    },
    {
      "type": "Feature",
      "geometry": {
        "type": "Point",
        "coordinates": [
          8.1066,
          35.3833
        ]
      },
      "properties": {
        "id": "cmsv3q2yr011ct9re2ysin5up",
        "name": "SARL Électricité Générale et Solaire Tébessa (EGST)",
        "slug": "sarl-electricite-generale-et-solaire-tebessa-egst",
        "wilaya": "41",
        "wilayaName": "Aïn Defla",
        "commune": "Tébessa",
        "address": "Tébessa, Tébessa, Algeria",
        "employeeCount": 25,
        "verificationStatus": "PENDING",
        "hasWebsite": false
      }
    },
    {
      "type": "Feature",
      "geometry": {
        "type": "Point",
        "coordinates": [
          8.1398,
          35.4165
        ]
      },
      "properties": {
        "id": "cmsv3q2ys011et9re0gsmu66x",
        "name": "SARL Plomberie et Chauffage Sanitaire Tébessa (PCST)",
        "slug": "sarl-plomberie-et-chauffage-sanitaire-tebessa-pcst",
        "wilaya": "41",
        "wilayaName": "Aïn Defla",
        "commune": "Tébessa",
        "address": "Tébessa, Tébessa, Algeria",
        "employeeCount": 25,
        "verificationStatus": "PENDING",
        "hasWebsite": false
      }
    },
    {
      "type": "Feature",
      "geometry": {
        "type": "Point",
        "coordinates": [
          8.1382,
          35.396
        ]
      },
      "properties": {
        "id": "cmsv3q2yt011gt9re43keja3p",
        "name": "Coopérative de Production Laitière d'Oum Ali (CPLA)",
        "slug": "cooperative-de-production-laitiere-doum-ali-cpla",
        "wilaya": "41",
        "wilayaName": "Aïn Defla",
        "commune": "Oum Ali",
        "address": "Oum Ali, Tébessa, Algeria",
        "employeeCount": 25,
        "verificationStatus": "PENDING",
        "hasWebsite": false
      }
    },
    {
      "type": "Feature",
      "geometry": {
        "type": "Point",
        "coordinates": [
          8.2856,
          35.4129
        ]
      },
      "properties": {
        "id": "cmsv3q2yv011it9rewreqdmgm",
        "name": "SARL Carrières et Granulats de Tébessa (CGT)",
        "slug": "sarl-carrieres-et-granulats-de-tebessa-cgt",
        "wilaya": "41",
        "wilayaName": "Aïn Defla",
        "commune": "El Kouif",
        "address": "El Kouif, Tébessa, Algeria",
        "employeeCount": 25,
        "verificationStatus": "PENDING",
        "hasWebsite": false
      }
    },
    {
      "type": "Feature",
      "geometry": {
        "type": "Point",
        "coordinates": [
          8.1515,
          35.4201
        ]
      },
      "properties": {
        "id": "cmsv3q2yw011kt9reoe9zof03",
        "name": "SARL Peinture et Revêtements Industriels Tébessa (PRIT)",
        "slug": "sarl-peinture-et-revetements-industriels-tebessa-prit",
        "wilaya": "41",
        "wilayaName": "Aïn Defla",
        "commune": "Tébessa",
        "address": "Tébessa, Tébessa, Algeria",
        "employeeCount": 25,
        "verificationStatus": "PENDING",
        "hasWebsite": false
      }
    },
    {
      "type": "Feature",
      "geometry": {
        "type": "Point",
        "coordinates": [
          1.4262,
          35.2352
        ]
      },
      "properties": {
        "id": "cmsv3q2yy011mt9re0s83nfo5",
        "name": "EURL Tiaret Céréales",
        "slug": "eurl-tiaret-cereales",
        "wilaya": "13",
        "wilayaName": "Tlemcen",
        "commune": "Tiaret",
        "address": "Tiaret, Tlemcen, Algeria",
        "employeeCount": 25,
        "verificationStatus": "PENDING",
        "hasWebsite": false
      }
    },
    {
      "type": "Feature",
      "geometry": {
        "type": "Point",
        "coordinates": [
          1.4298,
          35.2569
        ]
      },
      "properties": {
        "id": "cmsv3q2yz011ot9re3ubcluja",
        "name": "SARL Laiterie des Hauts Plateaux",
        "slug": "sarl-laiterie-des-hauts-plateaux",
        "wilaya": "13",
        "wilayaName": "Tlemcen",
        "commune": "Tiaret",
        "address": "Tiaret, Tlemcen, Algeria",
        "employeeCount": 75,
        "verificationStatus": "PENDING",
        "hasWebsite": true
      }
    },
    {
      "type": "Feature",
      "geometry": {
        "type": "Point",
        "coordinates": [
          1.4526,
          35.2793
        ]
      },
      "properties": {
        "id": "cmsv3q2z1011qt9reo1b3e0sk",
        "name": "SPA Béton Tiaret",
        "slug": "spa-beton-tiaret",
        "wilaya": "13",
        "wilayaName": "Tlemcen",
        "commune": "Tiaret",
        "address": "Tiaret, Tlemcen, Algeria",
        "employeeCount": 175,
        "verificationStatus": "PENDING",
        "hasWebsite": false
      }
    },
    {
      "type": "Feature",
      "geometry": {
        "type": "Point",
        "coordinates": [
          -1.322,
          34.9106
        ]
      },
      "properties": {
        "id": "cmsv3q2z2011st9re2gwtulpr",
        "name": "EURL Métal Sud Tiaret",
        "slug": "eurl-metal-sud-tiaret",
        "wilaya": "13",
        "wilayaName": "Tlemcen",
        "commune": "Sougueur",
        "address": "Sougueur, Tlemcen, Algeria",
        "employeeCount": 25,
        "verificationStatus": "PENDING",
        "hasWebsite": false
      }
    },
    {
      "type": "Feature",
      "geometry": {
        "type": "Point",
        "coordinates": [
          1.4607,
          35.2596
        ]
      },
      "properties": {
        "id": "cmsv3q2z3011ut9rectb4rzmt",
        "name": "SARL Commerciale du Zab",
        "slug": "sarl-commerciale-du-zab",
        "wilaya": "13",
        "wilayaName": "Tlemcen",
        "commune": "Tiaret",
        "address": "Tiaret, Tlemcen, Algeria",
        "employeeCount": 25,
        "verificationStatus": "PENDING",
        "hasWebsite": false
      }
    },
    {
      "type": "Feature",
      "geometry": {
        "type": "Point",
        "coordinates": [
          1.1999,
          35.2754
        ]
      },
      "properties": {
        "id": "cmsv3q2z5011wt9rembofj1ny",
        "name": "EURL Élevage Moderne Tiaret",
        "slug": "eurl-elevage-moderne-tiaret",
        "wilaya": "13",
        "wilayaName": "Tlemcen",
        "commune": "Mahdia",
        "address": "Mahdia, Tlemcen, Algeria",
        "employeeCount": 25,
        "verificationStatus": "PENDING",
        "hasWebsite": false
      }
    },
    {
      "type": "Feature",
      "geometry": {
        "type": "Point",
        "coordinates": [
          1.4551,
          35.2387
        ]
      },
      "properties": {
        "id": "cmsv3q2z6011yt9rei5zo5svv",
        "name": "SARL Transports Sahraoui",
        "slug": "sarl-transports-sahraoui",
        "wilaya": "13",
        "wilayaName": "Tlemcen",
        "commune": "Tiaret",
        "address": "Tiaret, Tlemcen, Algeria",
        "employeeCount": 75,
        "verificationStatus": "PENDING",
        "hasWebsite": false
      }
    },
    {
      "type": "Feature",
      "geometry": {
        "type": "Point",
        "coordinates": [
          -1.3135,
          34.9098
        ]
      },
      "properties": {
        "id": "cmsv3q2z70120t9relifo72c5",
        "name": "SPA Huilerie Tiaret",
        "slug": "spa-huilerie-tiaret",
        "wilaya": "13",
        "wilayaName": "Tlemcen",
        "commune": "Frenda",
        "address": "Frenda, Tlemcen, Algeria",
        "employeeCount": 75,
        "verificationStatus": "PENDING",
        "hasWebsite": true
      }
    },
    {
      "type": "Feature",
      "geometry": {
        "type": "Point",
        "coordinates": [
          -1.3208,
          34.8658
        ]
      },
      "properties": {
        "id": "cmsv3q2z90122t9rebe84ydav",
        "name": "EURL Menuiserie Alu Bois Tiaret",
        "slug": "eurl-menuiserie-alu-bois-tiaret",
        "wilaya": "13",
        "wilayaName": "Tlemcen",
        "commune": "Hammam Rabah",
        "address": "Hammam Rabah, Tlemcen, Algeria",
        "employeeCount": 25,
        "verificationStatus": "PENDING",
        "hasWebsite": false
      }
    },
    {
      "type": "Feature",
      "geometry": {
        "type": "Point",
        "coordinates": [
          1.4471,
          35.2585
        ]
      },
      "properties": {
        "id": "cmsv3q2za0124t9revraz6dn0",
        "name": "SARL Pharmacie Centrale Tiaret",
        "slug": "sarl-pharmacie-centrale-tiaret",
        "wilaya": "13",
        "wilayaName": "Tlemcen",
        "commune": "Tiaret",
        "address": "Tiaret, Tlemcen, Algeria",
        "employeeCount": 25,
        "verificationStatus": "PENDING",
        "hasWebsite": false
      }
    },
    {
      "type": "Feature",
      "geometry": {
        "type": "Point",
        "coordinates": [
          1.4438,
          35.2573
        ]
      },
      "properties": {
        "id": "cmsv3q2zc0126t9re7xk62ejq",
        "name": "EURL Agro Services Tiaret",
        "slug": "eurl-agro-services-tiaret",
        "wilaya": "13",
        "wilayaName": "Tlemcen",
        "commune": "Tiaret",
        "address": "Tiaret, Tlemcen, Algeria",
        "employeeCount": 25,
        "verificationStatus": "PENDING",
        "hasWebsite": false
      }
    },
    {
      "type": "Feature",
      "geometry": {
        "type": "Point",
        "coordinates": [
          -1.2965,
          34.9094
        ]
      },
      "properties": {
        "id": "cmsv3q2zd0128t9renfkvngso",
        "name": "SARL Meubles Modernes Tiaret",
        "slug": "sarl-meubles-modernes-tiaret",
        "wilaya": "13",
        "wilayaName": "Tlemcen",
        "commune": "Sidi Ali Mellal",
        "address": "Sidi Ali Mellal, Tlemcen, Algeria",
        "employeeCount": 25,
        "verificationStatus": "PENDING",
        "hasWebsite": false
      }
    },
    {
      "type": "Feature",
      "geometry": {
        "type": "Point",
        "coordinates": [
          1.4381,
          35.2669
        ]
      },
      "properties": {
        "id": "cmsv3q2ze012at9rex08k981b",
        "name": "SPA Carrières de Tiaret",
        "slug": "spa-carrieres-de-tiaret",
        "wilaya": "13",
        "wilayaName": "Tlemcen",
        "commune": "Tiaret",
        "address": "Tiaret, Tlemcen, Algeria",
        "employeeCount": 75,
        "verificationStatus": "PENDING",
        "hasWebsite": false
      }
    },
    {
      "type": "Feature",
      "geometry": {
        "type": "Point",
        "coordinates": [
          1.4118,
          35.2563
        ]
      },
      "properties": {
        "id": "cmsv3q2zg012ct9repaiy9ech",
        "name": "EURL Station Service Nord Tiaret",
        "slug": "eurl-station-service-nord-tiaret",
        "wilaya": "13",
        "wilayaName": "Tlemcen",
        "commune": "Tiaret",
        "address": "Tiaret, Tlemcen, Algeria",
        "employeeCount": 25,
        "verificationStatus": "PENDING",
        "hasWebsite": false
      }
    },
    {
      "type": "Feature",
      "geometry": {
        "type": "Point",
        "coordinates": [
          1.4256,
          35.2571
        ]
      },
      "properties": {
        "id": "cmsv3q2zh012et9recrdcocu3",
        "name": "SARL Imprimerie Régionale Tiaret",
        "slug": "sarl-imprimerie-regionale-tiaret",
        "wilaya": "13",
        "wilayaName": "Tlemcen",
        "commune": "Tiaret",
        "address": "Tiaret, Tlemcen, Algeria",
        "employeeCount": 25,
        "verificationStatus": "PENDING",
        "hasWebsite": false
      }
    },
    {
      "type": "Feature",
      "geometry": {
        "type": "Point",
        "coordinates": [
          -1.3356,
          34.9067
        ]
      },
      "properties": {
        "id": "cmsv3q2zi012gt9reres1s12n",
        "name": "EURL Plomberie Sanitaire Tiaret",
        "slug": "eurl-plomberie-sanitaire-tiaret",
        "wilaya": "13",
        "wilayaName": "Tlemcen",
        "commune": "Sougueur",
        "address": "Sougueur, Tlemcen, Algeria",
        "employeeCount": 25,
        "verificationStatus": "PENDING",
        "hasWebsite": false
      }
    },
    {
      "type": "Feature",
      "geometry": {
        "type": "Point",
        "coordinates": [
          1.4297,
          35.2393
        ]
      },
      "properties": {
        "id": "cmsv3q2zk012it9regsuugazt",
        "name": "SARL Pâtisserie Industrielle Tiaret",
        "slug": "sarl-patisserie-industrielle-tiaret",
        "wilaya": "13",
        "wilayaName": "Tlemcen",
        "commune": "Tiaret",
        "address": "Tiaret, Tlemcen, Algeria",
        "employeeCount": 25,
        "verificationStatus": "PENDING",
        "hasWebsite": false
      }
    },
    {
      "type": "Feature",
      "geometry": {
        "type": "Point",
        "coordinates": [
          1.4332,
          35.2398
        ]
      },
      "properties": {
        "id": "cmsv3q2zl012kt9re89c6n4c0",
        "name": "EURL Garage Automobile Moderne",
        "slug": "eurl-garage-automobile-moderne",
        "wilaya": "13",
        "wilayaName": "Tlemcen",
        "commune": "Tiaret",
        "address": "Tiaret, Tlemcen, Algeria",
        "employeeCount": 25,
        "verificationStatus": "PENDING",
        "hasWebsite": false
      }
    },
    {
      "type": "Feature",
      "geometry": {
        "type": "Point",
        "coordinates": [
          1.228,
          35.289
        ]
      },
      "properties": {
        "id": "cmsv3q2zn012mt9red4lfeh8s",
        "name": "SARL Électricité Générale Tiaret",
        "slug": "sarl-electricite-generale-tiaret",
        "wilaya": "13",
        "wilayaName": "Tlemcen",
        "commune": "Mahdia",
        "address": "Mahdia, Tlemcen, Algeria",
        "employeeCount": 25,
        "verificationStatus": "PENDING",
        "hasWebsite": false
      }
    },
    {
      "type": "Feature",
      "geometry": {
        "type": "Point",
        "coordinates": [
          1.4309,
          35.2486
        ]
      },
      "properties": {
        "id": "cmsv3q2zo012ot9reqa97j9vt",
        "name": "EURL Boulangerie Pâtisserie Traditionnelle",
        "slug": "eurl-boulangerie-patisserie-traditionnelle",
        "wilaya": "13",
        "wilayaName": "Tlemcen",
        "commune": "Tiaret",
        "address": "Tiaret, Tlemcen, Algeria",
        "employeeCount": 25,
        "verificationStatus": "PENDING",
        "hasWebsite": false
      }
    },
    {
      "type": "Feature",
      "geometry": {
        "type": "Point",
        "coordinates": [
          -1.3177,
          34.8737
        ]
      },
      "properties": {
        "id": "cmsv3q2zq012qt9remc5r2ema",
        "name": "SARL Eaux Minérales de Frenda",
        "slug": "sarl-eaux-minerales-de-frenda",
        "wilaya": "13",
        "wilayaName": "Tlemcen",
        "commune": "Frenda",
        "address": "Frenda, Tlemcen, Algeria",
        "employeeCount": 75,
        "verificationStatus": "PENDING",
        "hasWebsite": true
      }
    },
    {
      "type": "Feature",
      "geometry": {
        "type": "Point",
        "coordinates": [
          -1.3401,
          34.8946
        ]
      },
      "properties": {
        "id": "cmsv3q2zr012st9reupmjq3q4",
        "name": "EURL Soudure et Ferronnerie Tiaret",
        "slug": "eurl-soudure-et-ferronnerie-tiaret",
        "wilaya": "13",
        "wilayaName": "Tlemcen",
        "commune": "Ksar Chellala",
        "address": "Ksar Chellala, Tlemcen, Algeria",
        "employeeCount": 25,
        "verificationStatus": "PENDING",
        "hasWebsite": false
      }
    },
    {
      "type": "Feature",
      "geometry": {
        "type": "Point",
        "coordinates": [
          1.4569,
          35.2447
        ]
      },
      "properties": {
        "id": "cmsv3q2zt012ut9re1jfugc9f",
        "name": "SARL Promotion Immobilière Tiaret",
        "slug": "sarl-promotion-immobiliere-tiaret",
        "wilaya": "13",
        "wilayaName": "Tlemcen",
        "commune": "Tiaret",
        "address": "Tiaret, Tlemcen, Algeria",
        "employeeCount": 25,
        "verificationStatus": "PENDING",
        "hasWebsite": false
      }
    },
    {
      "type": "Feature",
      "geometry": {
        "type": "Point",
        "coordinates": [
          -1.3317,
          34.9
        ]
      },
      "properties": {
        "id": "cmsv3q2zu012wt9reinoyq402",
        "name": "EURL Peinture et Décoration Tiaret",
        "slug": "eurl-peinture-et-decoration-tiaret",
        "wilaya": "13",
        "wilayaName": "Tlemcen",
        "commune": "Sougueur",
        "address": "Sougueur, Tlemcen, Algeria",
        "employeeCount": 25,
        "verificationStatus": "PENDING",
        "hasWebsite": false
      }
    },
    {
      "type": "Feature",
      "geometry": {
        "type": "Point",
        "coordinates": [
          -1.334,
          34.9102
        ]
      },
      "properties": {
        "id": "cmsv3q2zv012yt9re55dd7yzc",
        "name": "SARL Cosmétiques Naturels Tiaret",
        "slug": "sarl-cosmetiques-naturels-tiaret",
        "wilaya": "13",
        "wilayaName": "Tlemcen",
        "commune": "Frenda",
        "address": "Frenda, Tlemcen, Algeria",
        "employeeCount": 25,
        "verificationStatus": "PENDING",
        "hasWebsite": true
      }
    },
    {
      "type": "Feature",
      "geometry": {
        "type": "Point",
        "coordinates": [
          1.1806,
          35.2902
        ]
      },
      "properties": {
        "id": "cmsv3q2zx0130t9re1lmyuse5",
        "name": "EURL Élevage Avicole Tiaret",
        "slug": "eurl-elevage-avicole-tiaret",
        "wilaya": "13",
        "wilayaName": "Tlemcen",
        "commune": "Mahdia",
        "address": "Mahdia, Tlemcen, Algeria",
        "employeeCount": 25,
        "verificationStatus": "PENDING",
        "hasWebsite": false
      }
    },
    {
      "type": "Feature",
      "geometry": {
        "type": "Point",
        "coordinates": [
          1.4524,
          35.2609
        ]
      },
      "properties": {
        "id": "cmsv3q2zy0132t9re0de2r5kk",
        "name": "SARL Informatique et Bureau Tiaret",
        "slug": "sarl-informatique-et-bureau-tiaret",
        "wilaya": "13",
        "wilayaName": "Tlemcen",
        "commune": "Tiaret",
        "address": "Tiaret, Tlemcen, Algeria",
        "employeeCount": 25,
        "verificationStatus": "PENDING",
        "hasWebsite": false
      }
    },
    {
      "type": "Feature",
      "geometry": {
        "type": "Point",
        "coordinates": [
          1.7802,
          35.6175
        ]
      },
      "properties": {
        "id": "cmsv3q3000134t9reexxqt31m",
        "name": "EURL Apiculture des Hauts Plateaux",
        "slug": "eurl-apiculture-des-hauts-plateaux",
        "wilaya": "11",
        "wilayaName": "Tamanrasset",
        "commune": "Bordj Bounaama",
        "address": "Bordj Bounaama, Tissemsilt, Algeria",
        "employeeCount": 25,
        "verificationStatus": "PENDING",
        "hasWebsite": false
      }
    },
    {
      "type": "Feature",
      "geometry": {
        "type": "Point",
        "coordinates": [
          1.4522,
          35.2376
        ]
      },
      "properties": {
        "id": "cmsv3q3010136t9rezh1rn83l",
        "name": "SARL Textile et Habillement Tiaret",
        "slug": "sarl-textile-et-habillement-tiaret",
        "wilaya": "13",
        "wilayaName": "Tlemcen",
        "commune": "Tiaret",
        "address": "Tiaret, Tlemcen, Algeria",
        "employeeCount": 25,
        "verificationStatus": "PENDING",
        "hasWebsite": false
      }
    },
    {
      "type": "Feature",
      "geometry": {
        "type": "Point",
        "coordinates": [
          -1.3213,
          34.9051
        ]
      },
      "properties": {
        "id": "cmsv3q3030138t9re2dmxc9y0",
        "name": "EURL Froid et Climatisation Tiaret",
        "slug": "eurl-froid-et-climatisation-tiaret",
        "wilaya": "13",
        "wilayaName": "Tlemcen",
        "commune": "Sougueur",
        "address": "Sougueur, Tlemcen, Algeria",
        "employeeCount": 25,
        "verificationStatus": "PENDING",
        "hasWebsite": false
      }
    },
    {
      "type": "Feature",
      "geometry": {
        "type": "Point",
        "coordinates": [
          -8.1545,
          27.677
        ]
      },
      "properties": {
        "id": "cmsv3q304013at9rej0gu1d0e",
        "name": "SARL FUTURO",
        "slug": "sarl-futuro",
        "wilaya": "32",
        "wilayaName": "Oran",
        "commune": "Tindouf",
        "address": "Tindouf, Tindouf, Algeria",
        "employeeCount": 25,
        "verificationStatus": "PENDING",
        "hasWebsite": false
      }
    },
    {
      "type": "Feature",
      "geometry": {
        "type": "Point",
        "coordinates": [
          -8.1637,
          27.6601
        ]
      },
      "properties": {
        "id": "cmsv3q306013ct9rei0zrcjtu",
        "name": "SARL MURATI BATI",
        "slug": "sarl-murati-bati",
        "wilaya": "32",
        "wilayaName": "Oran",
        "commune": "Tindouf",
        "address": "Tindouf, Tindouf, Algeria",
        "employeeCount": 25,
        "verificationStatus": "PENDING",
        "hasWebsite": false
      }
    },
    {
      "type": "Feature",
      "geometry": {
        "type": "Point",
        "coordinates": [
          -8.1595,
          27.6692
        ]
      },
      "properties": {
        "id": "cmsv3q307013et9reams4ngph",
        "name": "SARL NOUR ELBATOUL",
        "slug": "sarl-nour-elbatoul",
        "wilaya": "32",
        "wilayaName": "Oran",
        "commune": "Tindouf",
        "address": "Tindouf, Tindouf, Algeria",
        "employeeCount": 25,
        "verificationStatus": "PENDING",
        "hasWebsite": false
      }
    },
    {
      "type": "Feature",
      "geometry": {
        "type": "Point",
        "coordinates": [
          -8.1488,
          27.6807
        ]
      },
      "properties": {
        "id": "cmsv3q309013gt9re6bxrkozg",
        "name": "YALIDINE EXPRESS TINDOUF",
        "slug": "yalidine-express-tindouf",
        "wilaya": "32",
        "wilayaName": "Oran",
        "commune": "Tindouf",
        "address": "Tindouf, Tindouf, Algeria",
        "employeeCount": 25,
        "verificationStatus": "PENDING",
        "hasWebsite": true
      }
    },
    {
      "type": "Feature",
      "geometry": {
        "type": "Point",
        "coordinates": [
          -8.1477,
          27.7013
        ]
      },
      "properties": {
        "id": "cmsv3q30a013it9re10k92klf",
        "name": "RESTAURANT REMIKI KHALED",
        "slug": "restaurant-remiki-khaled",
        "wilaya": "32",
        "wilayaName": "Oran",
        "commune": "Tindouf",
        "address": "Tindouf, Tindouf, Algeria",
        "employeeCount": 25,
        "verificationStatus": "PENDING",
        "hasWebsite": false
      }
    },
    {
      "type": "Feature",
      "geometry": {
        "type": "Point",
        "coordinates": [
          -8.124,
          27.6585
        ]
      },
      "properties": {
        "id": "cmsv3q30b013kt9refm08fbsj",
        "name": "SAHARA TRANSPORTS LOGISTIQUE (STL)",
        "slug": "sahara-transports-logistique-stl",
        "wilaya": "32",
        "wilayaName": "Oran",
        "commune": "Tindouf",
        "address": "Tindouf, Tindouf, Algeria",
        "employeeCount": 25,
        "verificationStatus": "PENDING",
        "hasWebsite": false
      }
    },
    {
      "type": "Feature",
      "geometry": {
        "type": "Point",
        "coordinates": [
          -8.1187,
          27.6743
        ]
      },
      "properties": {
        "id": "cmsv3q30d013mt9repwc1rc1x",
        "name": "TINDOUF SOLAIRE ÉNERGIES RENOUVELABLES (TSER)",
        "slug": "tindouf-solaire-energies-renouvelables-tser",
        "wilaya": "32",
        "wilayaName": "Oran",
        "commune": "Tindouf",
        "address": "Tindouf, Tindouf, Algeria",
        "employeeCount": 25,
        "verificationStatus": "PENDING",
        "hasWebsite": false
      }
    },
    {
      "type": "Feature",
      "geometry": {
        "type": "Point",
        "coordinates": [
          -8.1159,
          27.6681
        ]
      },
      "properties": {
        "id": "cmsv3q30e013ot9re26e2b7c3",
        "name": "SAHRAOUI TOURS TINDOUF",
        "slug": "sahraoui-tours-tindouf",
        "wilaya": "32",
        "wilayaName": "Oran",
        "commune": "Tindouf",
        "address": "Tindouf, Tindouf, Algeria",
        "employeeCount": 25,
        "verificationStatus": "PENDING",
        "hasWebsite": false
      }
    },
    {
      "type": "Feature",
      "geometry": {
        "type": "Point",
        "coordinates": [
          -8.1334,
          27.6829
        ]
      },
      "properties": {
        "id": "cmsv3q30g013qt9re344gmsrg",
        "name": "MANAL - SOCIÉTÉ NATIONALE DES MINES (Base Tindouf)",
        "slug": "manal-societe-nationale-des-mines-base-tindouf",
        "wilaya": "00",
        "wilayaName": "00",
        "commune": "Tindouf",
        "address": "Tindouf, Unknown, Algeria",
        "employeeCount": 25,
        "verificationStatus": "PENDING",
        "hasWebsite": true
      }
    },
    {
      "type": "Feature",
      "geometry": {
        "type": "Point",
        "coordinates": [
          -8.1071,
          27.696
        ]
      },
      "properties": {
        "id": "cmsv3q30h013st9re14txh0km",
        "name": "COOPÉRATIVE AGRICOLE OASIS TINDOUF",
        "slug": "cooperative-agricole-oasis-tindouf",
        "wilaya": "32",
        "wilayaName": "Oran",
        "commune": "Oum el Assel",
        "address": "Oum el Assel, Tindouf, Algeria",
        "employeeCount": 25,
        "verificationStatus": "PENDING",
        "hasWebsite": false
      }
    },
    {
      "type": "Feature",
      "geometry": {
        "type": "Point",
        "coordinates": [
          -8.1484,
          27.6593
        ]
      },
      "properties": {
        "id": "cmsv3q30i013ut9rel7mye4kv",
        "name": "ÉLEVAGE SAHRAOUI TINDOUF",
        "slug": "elevage-sahraoui-tindouf",
        "wilaya": "32",
        "wilayaName": "Oran",
        "commune": "Tindouf",
        "address": "Tindouf, Tindouf, Algeria",
        "employeeCount": 25,
        "verificationStatus": "PENDING",
        "hasWebsite": false
      }
    },
    {
      "type": "Feature",
      "geometry": {
        "type": "Point",
        "coordinates": [
          -8.1398,
          27.6906
        ]
      },
      "properties": {
        "id": "cmsv3q30k013wt9re9ndz09mw",
        "name": "SARL COMMERCE TRANSFRONTALIER TINDOUF (CTT)",
        "slug": "sarl-commerce-transfrontalier-tindouf-ctt",
        "wilaya": "32",
        "wilayaName": "Oran",
        "commune": "Tindouf",
        "address": "Tindouf, Tindouf, Algeria",
        "employeeCount": 25,
        "verificationStatus": "PENDING",
        "hasWebsite": false
      }
    },
    {
      "type": "Feature",
      "geometry": {
        "type": "Point",
        "coordinates": [
          -8.1486,
          27.6488
        ]
      },
      "properties": {
        "id": "cmsv3q30l013yt9revg1aypa7",
        "name": "SONELGAZ TINDOUF - ÉLECTRICITÉ ET GAZ D'ALGÉRIE",
        "slug": "sonelgaz-tindouf-electricite-et-gaz-dalgerie",
        "wilaya": "00",
        "wilayaName": "00",
        "commune": "Tindouf",
        "address": "Tindouf, Unknown, Algeria",
        "employeeCount": 25,
        "verificationStatus": "PENDING",
        "hasWebsite": true
      }
    },
    {
      "type": "Feature",
      "geometry": {
        "type": "Point",
        "coordinates": [
          -8.1277,
          27.6951
        ]
      },
      "properties": {
        "id": "cmsv3q30n0140t9req8ool3ns",
        "name": "MOBILIS TINDOUF - ALGÉRIENNE DES TÉLÉCOMMUNICATIONS",
        "slug": "mobilis-tindouf-algerienne-des-telecommunications",
        "wilaya": "00",
        "wilayaName": "00",
        "commune": "Tindouf",
        "address": "Tindouf, Unknown, Algeria",
        "employeeCount": 25,
        "verificationStatus": "PENDING",
        "hasWebsite": true
      }
    },
    {
      "type": "Feature",
      "geometry": {
        "type": "Point",
        "coordinates": [
          -8.1277,
          27.673
        ]
      },
      "properties": {
        "id": "cmsv3q30o0142t9rems07g91h",
        "name": "DJEEZY TINDOUF - OPTIMUM TELECOM ALGÉRIE",
        "slug": "djeezy-tindouf-optimum-telecom-algerie",
        "wilaya": "00",
        "wilayaName": "00",
        "commune": "Tindouf",
        "address": "Tindouf, Unknown, Algeria",
        "employeeCount": 25,
        "verificationStatus": "PENDING",
        "hasWebsite": true
      }
    },
    {
      "type": "Feature",
      "geometry": {
        "type": "Point",
        "coordinates": [
          -8.118,
          27.6857
        ]
      },
      "properties": {
        "id": "cmsv3q30v0144t9reo7gkv4t5",
        "name": "POSTE ALGÉRIENNE TINDOUF",
        "slug": "poste-algerienne-tindouf",
        "wilaya": "00",
        "wilayaName": "00",
        "commune": "Tindouf",
        "address": "Tindouf, Unknown, Algeria",
        "employeeCount": 25,
        "verificationStatus": "PENDING",
        "hasWebsite": true
      }
    },
    {
      "type": "Feature",
      "geometry": {
        "type": "Point",
        "coordinates": [
          -8.1233,
          27.6541
        ]
      },
      "properties": {
        "id": "cmsv3q30z0146t9red3jokemo",
        "name": "BANQUE DE DÉVELOPPEMENT LOCAL (BDL) AGENCE TINDOUF",
        "slug": "banque-de-developpement-local-bdl-agence-tindouf",
        "wilaya": "00",
        "wilayaName": "00",
        "commune": "Tindouf",
        "address": "Tindouf, Unknown, Algeria",
        "employeeCount": 25,
        "verificationStatus": "PENDING",
        "hasWebsite": true
      }
    },
    {
      "type": "Feature",
      "geometry": {
        "type": "Point",
        "coordinates": [
          -8.1295,
          27.6767
        ]
      },
      "properties": {
        "id": "cmsv3q3130148t9rek4o7x1s7",
        "name": "ANADE TINDOUF - AGENCE D'APPUI AU DÉVELOPPEMENT DE L'ENTREPRENARIAT",
        "slug": "anade-tindouf-agence-dappui-au-developpement-de-lentreprenariat",
        "wilaya": "00",
        "wilayaName": "00",
        "commune": "Tindouf",
        "address": "Tindouf, Unknown, Algeria",
        "employeeCount": 25,
        "verificationStatus": "PENDING",
        "hasWebsite": true
      }
    },
    {
      "type": "Feature",
      "geometry": {
        "type": "Point",
        "coordinates": [
          -8.1495,
          27.6498
        ]
      },
      "properties": {
        "id": "cmsv3q315014at9re5jyc4yzs",
        "name": "SARL BTP SAHARA CONSTRUCTION",
        "slug": "sarl-btp-sahara-construction",
        "wilaya": "32",
        "wilayaName": "Oran",
        "commune": "Tindouf",
        "address": "Tindouf, Tindouf, Algeria",
        "employeeCount": 25,
        "verificationStatus": "PENDING",
        "hasWebsite": false
      }
    },
    {
      "type": "Feature",
      "geometry": {
        "type": "Point",
        "coordinates": [
          -8.1286,
          27.6637
        ]
      },
      "properties": {
        "id": "cmsv3q316014ct9rer25usp48",
        "name": "EAU ET ASSAINISSEMENT DE TINDOUF",
        "slug": "eau-et-assainissement-de-tindouf",
        "wilaya": "00",
        "wilayaName": "00",
        "commune": "Tindouf",
        "address": "Tindouf, Unknown, Algeria",
        "employeeCount": 25,
        "verificationStatus": "PENDING",
        "hasWebsite": false
      }
    },
    {
      "type": "Feature",
      "geometry": {
        "type": "Point",
        "coordinates": [
          2.6178,
          36.5903
        ]
      },
      "properties": {
        "id": "cmsv3q318014et9recwipw010",
        "name": "Hôtel Restaurant Les Ruines de Tipasa",
        "slug": "hotel-restaurant-les-ruines-de-tipasa",
        "wilaya": "37",
        "wilayaName": "Khenchela",
        "commune": "Tipaza",
        "address": "Tipaza, Tipaza, Algeria",
        "employeeCount": 25,
        "verificationStatus": "PENDING",
        "hasWebsite": true
      }
    },
    {
      "type": "Feature",
      "geometry": {
        "type": "Point",
        "coordinates": [
          2.2098,
          36.611
        ]
      },
      "properties": {
        "id": "cmsv3q319014gt9reno7uiemr",
        "name": "Caves de Cherchell (CDL)",
        "slug": "caves-de-cherchell-cdl",
        "wilaya": "37",
        "wilayaName": "Khenchela",
        "commune": "Cherchell",
        "address": "Cherchell, Tipaza, Algeria",
        "employeeCount": 25,
        "verificationStatus": "PENDING",
        "hasWebsite": true
      }
    },
    {
      "type": "Feature",
      "geometry": {
        "type": "Point",
        "coordinates": [
          2.2318,
          36.6065
        ]
      },
      "properties": {
        "id": "cmsv3q31a014it9rernvrd0xo",
        "name": "Complexe Touristique Balnéaire de Cherchell (CTBC)",
        "slug": "complexe-touristique-balneaire-de-cherchell-ctbc",
        "wilaya": "37",
        "wilayaName": "Khenchela",
        "commune": "Cherchell",
        "address": "Cherchell, Tipaza, Algeria",
        "employeeCount": 175,
        "verificationStatus": "PENDING",
        "hasWebsite": true
      }
    },
    {
      "type": "Feature",
      "geometry": {
        "type": "Point",
        "coordinates": [
          2.1792,
          36.5831
        ]
      },
      "properties": {
        "id": "cmsv3q31c014kt9rebn2eirf7",
        "name": "Coopérative Pêcheurs de Cherchell (CPC)",
        "slug": "cooperative-pecheurs-de-cherchell-cpc",
        "wilaya": "37",
        "wilayaName": "Khenchela",
        "commune": "Cherchell",
        "address": "Cherchell, Tipaza, Algeria",
        "employeeCount": 175,
        "verificationStatus": "PENDING",
        "hasWebsite": false
      }
    },
    {
      "type": "Feature",
      "geometry": {
        "type": "Point",
        "coordinates": [
          2.7747,
          36.6019
        ]
      },
      "properties": {
        "id": "cmsv3q31d014mt9re2fa6bfda",
        "name": "Domaine Viticole de Hadjeret Ennous (DVHE)",
        "slug": "domaine-viticole-de-hadjeret-ennous-dvhe",
        "wilaya": "37",
        "wilayaName": "Khenchela",
        "commune": "Hadjeret Ennous",
        "address": "Hadjeret Ennous, Tipaza, Algeria",
        "employeeCount": 25,
        "verificationStatus": "PENDING",
        "hasWebsite": false
      }
    },
    {
      "type": "Feature",
      "geometry": {
        "type": "Point",
        "coordinates": [
          2.6202,
          36.5916
        ]
      },
      "properties": {
        "id": "cmsv3q31e014ot9remh7kbvww",
        "name": "Agence Voyages Tipaza Tourism (AVTT)",
        "slug": "agence-voyages-tipaza-tourism-avtt",
        "wilaya": "37",
        "wilayaName": "Khenchela",
        "commune": "Tipaza",
        "address": "Tipaza, Tipaza, Algeria",
        "employeeCount": 25,
        "verificationStatus": "PENDING",
        "hasWebsite": true
      }
    },
    {
      "type": "Feature",
      "geometry": {
        "type": "Point",
        "coordinates": [
          2.2069,
          36.5844
        ]
      },
      "properties": {
        "id": "cmsv3q31f014qt9ren8r0x4q2",
        "name": "Entreprise Portuaire de Cherchell (EPC)",
        "slug": "entreprise-portuaire-de-cherchell-epc",
        "wilaya": "37",
        "wilayaName": "Khenchela",
        "commune": "Cherchell",
        "address": "Cherchell, Tipaza, Algeria",
        "employeeCount": 75,
        "verificationStatus": "PENDING",
        "hasWebsite": false
      }
    },
    {
      "type": "Feature",
      "geometry": {
        "type": "Point",
        "coordinates": [
          2.6347,
          36.5771
        ]
      },
      "properties": {
        "id": "cmsv3q31h014st9remq59rbmd",
        "name": "BTP Tipaza Construction (BTPT)",
        "slug": "btp-tipaza-construction-btpt",
        "wilaya": "37",
        "wilayaName": "Khenchela",
        "commune": "Fouka",
        "address": "Fouka, Tipaza, Algeria",
        "employeeCount": 175,
        "verificationStatus": "PENDING",
        "hasWebsite": false
      }
    },
    {
      "type": "Feature",
      "geometry": {
        "type": "Point",
        "coordinates": [
          2.1775,
          36.5829
        ]
      },
      "properties": {
        "id": "cmsv3q31i014ut9revalxftle",
        "name": "Hôtel Restaurant Le Royal Cherchell",
        "slug": "hotel-restaurant-le-royal-cherchell",
        "wilaya": "37",
        "wilayaName": "Khenchela",
        "commune": "Cherchell",
        "address": "Cherchell, Tipaza, Algeria",
        "employeeCount": 25,
        "verificationStatus": "PENDING",
        "hasWebsite": true
      }
    },
    {
      "type": "Feature",
      "geometry": {
        "type": "Point",
        "coordinates": [
          2.6567,
          36.6122
        ]
      },
      "properties": {
        "id": "cmsv3q31j014wt9rexobec041",
        "name": "Société Agricole de Koléa (SAK)",
        "slug": "societe-agricole-de-kolea-sak",
        "wilaya": "37",
        "wilayaName": "Khenchela",
        "commune": "Koléa",
        "address": "Koléa, Tipaza, Algeria",
        "employeeCount": 75,
        "verificationStatus": "PENDING",
        "hasWebsite": false
      }
    },
    {
      "type": "Feature",
      "geometry": {
        "type": "Point",
        "coordinates": [
          2.6327,
          36.6079
        ]
      },
      "properties": {
        "id": "cmsv3q31k014yt9repgi9twz0",
        "name": "Conserverie Alimentaire de Fouka (CAF)",
        "slug": "conserverie-alimentaire-de-fouka-caf",
        "wilaya": "37",
        "wilayaName": "Khenchela",
        "commune": "Fouka",
        "address": "Fouka, Tipaza, Algeria",
        "employeeCount": 75,
        "verificationStatus": "PENDING",
        "hasWebsite": false
      }
    },
    {
      "type": "Feature",
      "geometry": {
        "type": "Point",
        "coordinates": [
          2.681,
          36.648
        ]
      },
      "properties": {
        "id": "cmsv3q31m0150t9recvhd7nfp",
        "name": "Restaurant Les Bains de Bou Ismaïl",
        "slug": "restaurant-les-bains-de-bou-ismail",
        "wilaya": "37",
        "wilayaName": "Khenchela",
        "commune": "Bou Ismaïl",
        "address": "Bou Ismaïl, Tipaza, Algeria",
        "employeeCount": 25,
        "verificationStatus": "PENDING",
        "hasWebsite": false
      }
    },
    {
      "type": "Feature",
      "geometry": {
        "type": "Point",
        "coordinates": [
          2.6221,
          36.5831
        ]
      },
      "properties": {
        "id": "cmsv3q31n0152t9relyea3f8f",
        "name": "Immobilière Tipaza Promotion (ITP)",
        "slug": "immobiliere-tipaza-promotion-itp",
        "wilaya": "37",
        "wilayaName": "Khenchela",
        "commune": "Tipaza",
        "address": "Tipaza, Tipaza, Algeria",
        "employeeCount": 25,
        "verificationStatus": "PENDING",
        "hasWebsite": true
      }
    },
    {
      "type": "Feature",
      "geometry": {
        "type": "Point",
        "coordinates": [
          2.1087,
          36.3417
        ]
      },
      "properties": {
        "id": "cmsv3q31o0154t9reflshmlwq",
        "name": "Établissement Thermal de Hammam Righa",
        "slug": "etablissement-thermal-de-hammam-righa",
        "wilaya": "37",
        "wilayaName": "Khenchela",
        "commune": "Hammam Righa",
        "address": "Hammam Righa, Tipaza, Algeria",
        "employeeCount": 175,
        "verificationStatus": "PENDING",
        "hasWebsite": true
      }
    },
    {
      "type": "Feature",
      "geometry": {
        "type": "Point",
        "coordinates": [
          2.6187,
          36.6096
        ]
      },
      "properties": {
        "id": "cmsv3q31p0156t9ressv88wzb",
        "name": "Huilerie Moderne de Gouraya (HMG)",
        "slug": "huilerie-moderne-de-gouraya-hmg",
        "wilaya": "37",
        "wilayaName": "Khenchela",
        "commune": "Gouraya",
        "address": "Gouraya, Tipaza, Algeria",
        "employeeCount": 25,
        "verificationStatus": "PENDING",
        "hasWebsite": false
      }
    },
    {
      "type": "Feature",
      "geometry": {
        "type": "Point",
        "coordinates": [
          2.651,
          36.5779
        ]
      },
      "properties": {
        "id": "cmsv3q31r0158t9resvdq8lpb",
        "name": "Transports Routiers Tipaza (TRT)",
        "slug": "transports-routiers-tipaza-trt",
        "wilaya": "37",
        "wilayaName": "Khenchela",
        "commune": "Koléa",
        "address": "Koléa, Tipaza, Algeria",
        "employeeCount": 25,
        "verificationStatus": "PENDING",
        "hasWebsite": false
      }
    },
    {
      "type": "Feature",
      "geometry": {
        "type": "Point",
        "coordinates": [
          2.6801,
          36.5945
        ]
      },
      "properties": {
        "id": "cmsv3q31s015at9re80rkq791",
        "name": "Centre de Vacances CVCT (EDF)",
        "slug": "centre-de-vacances-cvct-edf",
        "wilaya": "37",
        "wilayaName": "Khenchela",
        "commune": "Tipaza",
        "address": "Tipaza, Tipaza, Algeria",
        "employeeCount": 25,
        "verificationStatus": "PENDING",
        "hasWebsite": false
      }
    },
    {
      "type": "Feature",
      "geometry": {
        "type": "Point",
        "coordinates": [
          2.634,
          36.5906
        ]
      },
      "properties": {
        "id": "cmsv3q31t015ct9re9939191q",
        "name": "Fromagerie Artisanale de Tipaza (FAT)",
        "slug": "fromagerie-artisanale-de-tipaza-fat",
        "wilaya": "37",
        "wilayaName": "Khenchela",
        "commune": "Ahmar El Ain",
        "address": "Ahmar El Ain, Tipaza, Algeria",
        "employeeCount": 25,
        "verificationStatus": "PENDING",
        "hasWebsite": false
      }
    },
    {
      "type": "Feature",
      "geometry": {
        "type": "Point",
        "coordinates": [
          2.1857,
          36.6039
        ]
      },
      "properties": {
        "id": "cmsv3q31v015et9rep9agrdtb",
        "name": "Musée Public National de Cherchell (MPNC)",
        "slug": "musee-public-national-de-cherchell-mpnc",
        "wilaya": "37",
        "wilayaName": "Khenchela",
        "commune": "Cherchell",
        "address": "Cherchell, Tipaza, Algeria",
        "employeeCount": 75,
        "verificationStatus": "PENDING",
        "hasWebsite": true
      }
    },
    {
      "type": "Feature",
      "geometry": {
        "type": "Point",
        "coordinates": [
          2.2307,
          36.6103
        ]
      },
      "properties": {
        "id": "cmsv3q31w015gt9reh4n9xevx",
        "name": "Société de Pêche Maritime de Tipaza (SPMT)",
        "slug": "societe-de-peche-maritime-de-tipaza-spmt",
        "wilaya": "37",
        "wilayaName": "Khenchela",
        "commune": "Cherchell",
        "address": "Cherchell, Tipaza, Algeria",
        "employeeCount": 25,
        "verificationStatus": "PENDING",
        "hasWebsite": false
      }
    },
    {
      "type": "Feature",
      "geometry": {
        "type": "Point",
        "coordinates": [
          2.6676,
          36.6098
        ]
      },
      "properties": {
        "id": "cmsv3q31x015it9rev5iptcjc",
        "name": "Jardin Exotique de Tipaza (JET)",
        "slug": "jardin-exotique-de-tipaza-jet",
        "wilaya": "37",
        "wilayaName": "Khenchela",
        "commune": "Tipaza",
        "address": "Tipaza, Tipaza, Algeria",
        "employeeCount": 25,
        "verificationStatus": "PENDING",
        "hasWebsite": false
      }
    },
    {
      "type": "Feature",
      "geometry": {
        "type": "Point",
        "coordinates": [
          2.635,
          36.5968
        ]
      },
      "properties": {
        "id": "cmsv3q31z015kt9refajldx67",
        "name": "Restaurant La Corniche de Gouraya",
        "slug": "restaurant-la-corniche-de-gouraya",
        "wilaya": "37",
        "wilayaName": "Khenchela",
        "commune": "Gouraya",
        "address": "Gouraya, Tipaza, Algeria",
        "employeeCount": 25,
        "verificationStatus": "PENDING",
        "hasWebsite": false
      }
    },
    {
      "type": "Feature",
      "geometry": {
        "type": "Point",
        "coordinates": [
          2.6402,
          36.6012
        ]
      },
      "properties": {
        "id": "cmsv3q320015mt9rem5gtu41b",
        "name": "Société Commerciale de Tipaza (SCT)",
        "slug": "societe-commerciale-de-tipaza-sct",
        "wilaya": "37",
        "wilayaName": "Khenchela",
        "commune": "Tipaza",
        "address": "Tipaza, Tipaza, Algeria",
        "employeeCount": 25,
        "verificationStatus": "PENDING",
        "hasWebsite": false
      }
    },
    {
      "type": "Feature",
      "geometry": {
        "type": "Point",
        "coordinates": [
          2.6754,
          36.5915
        ]
      },
      "properties": {
        "id": "cmsv3q321015ot9redbzptjtm",
        "name": "Élevage Avicole de Fouka (EAF)",
        "slug": "elevage-avicole-de-fouka-eaf",
        "wilaya": "37",
        "wilayaName": "Khenchela",
        "commune": "Fouka",
        "address": "Fouka, Tipaza, Algeria",
        "employeeCount": 25,
        "verificationStatus": "PENDING",
        "hasWebsite": false
      }
    },
    {
      "type": "Feature",
      "geometry": {
        "type": "Point",
        "coordinates": [
          2.6621,
          36.5793
        ]
      },
      "properties": {
        "id": "cmsv3q323015qt9re95x8z0ct",
        "name": "Artisanat Touristique Tipazin (ATT)",
        "slug": "artisanat-touristique-tipazin-att",
        "wilaya": "37",
        "wilayaName": "Khenchela",
        "commune": "Tipaza",
        "address": "Tipaza, Tipaza, Algeria",
        "employeeCount": 25,
        "verificationStatus": "PENDING",
        "hasWebsite": false
      }
    },
    {
      "type": "Feature",
      "geometry": {
        "type": "Point",
        "coordinates": [
          2.6631,
          36.6019
        ]
      },
      "properties": {
        "id": "cmsv3q324015st9rexvxq717d",
        "name": "Services Informatiques Tipaza (SIT)",
        "slug": "services-informatiques-tipaza-sit",
        "wilaya": "37",
        "wilayaName": "Khenchela",
        "commune": "Koléa",
        "address": "Koléa, Tipaza, Algeria",
        "employeeCount": 25,
        "verificationStatus": "PENDING",
        "hasWebsite": true
      }
    },
    {
      "type": "Feature",
      "geometry": {
        "type": "Point",
        "coordinates": [
          2.6793,
          36.5698
        ]
      },
      "properties": {
        "id": "cmsv3q325015ut9re869pxc7b",
        "name": "Meunerie Moderne de Tipaza (MMT)",
        "slug": "meunerie-moderne-de-tipaza-mmt",
        "wilaya": "37",
        "wilayaName": "Khenchela",
        "commune": "Ahmar El Ain",
        "address": "Ahmar El Ain, Tipaza, Algeria",
        "employeeCount": 25,
        "verificationStatus": "PENDING",
        "hasWebsite": false
      }
    },
    {
      "type": "Feature",
      "geometry": {
        "type": "Point",
        "coordinates": [
          2.6611,
          36.565
        ]
      },
      "properties": {
        "id": "cmsv3q326015wt9re2244urzq",
        "name": "Plage et Camping de Sidi Ghiles",
        "slug": "plage-et-camping-de-sidi-ghiles",
        "wilaya": "37",
        "wilayaName": "Khenchela",
        "commune": "Sidi Ghiles",
        "address": "Sidi Ghiles, Tipaza, Algeria",
        "employeeCount": 25,
        "verificationStatus": "PENDING",
        "hasWebsite": false
      }
    },
    {
      "type": "Feature",
      "geometry": {
        "type": "Point",
        "coordinates": [
          2.2175,
          36.5855
        ]
      },
      "properties": {
        "id": "cmsv3q328015yt9reweo4yzkq",
        "name": "Clinique Privée de Cherchell (CPC)",
        "slug": "clinique-privee-de-cherchell-cpc",
        "wilaya": "37",
        "wilayaName": "Khenchela",
        "commune": "Cherchell",
        "address": "Cherchell, Tipaza, Algeria",
        "employeeCount": 75,
        "verificationStatus": "PENDING",
        "hasWebsite": false
      }
    },
    {
      "type": "Feature",
      "geometry": {
        "type": "Point",
        "coordinates": [
          2.6343,
          36.5685
        ]
      },
      "properties": {
        "id": "cmsv3q3290160t9ren5d6bia8",
        "name": "Matériaux de Construction Tipaza (MCT)",
        "slug": "materiaux-de-construction-tipaza-mct",
        "wilaya": "37",
        "wilayaName": "Khenchela",
        "commune": "Fouka",
        "address": "Fouka, Tipaza, Algeria",
        "employeeCount": 25,
        "verificationStatus": "PENDING",
        "hasWebsite": false
      }
    },
    {
      "type": "Feature",
      "geometry": {
        "type": "Point",
        "coordinates": [
          2.0843,
          36.3705
        ]
      },
      "properties": {
        "id": "cmsv3q32b0162t9rehdsasiyw",
        "name": "Apiculture des Monts de Tipaza (AMT)",
        "slug": "apiculture-des-monts-de-tipaza-amt",
        "wilaya": "37",
        "wilayaName": "Khenchela",
        "commune": "Hammam Righa",
        "address": "Hammam Righa, Tipaza, Algeria",
        "employeeCount": 25,
        "verificationStatus": "PENDING",
        "hasWebsite": false
      }
    },
    {
      "type": "Feature",
      "geometry": {
        "type": "Point",
        "coordinates": [
          1.8291,
          35.6147
        ]
      },
      "properties": {
        "id": "cmsv3q32c0164t9rexomkhlxr",
        "name": "SCIMAT Tissemsilt - Société des Ciments de l'Algérie",
        "slug": "scimat-tissemsilt-societe-des-ciments-de-lalgerie",
        "wilaya": "11",
        "wilayaName": "Tamanrasset",
        "commune": "Tissemsilt",
        "address": "Tissemsilt, Tissemsilt, Algeria",
        "employeeCount": 750,
        "verificationStatus": "PENDING",
        "hasWebsite": true
      }
    },
    {
      "type": "Feature",
      "geometry": {
        "type": "Point",
        "coordinates": [
          1.7937,
          35.6047
        ]
      },
      "properties": {
        "id": "cmsv3q32e0166t9re1acwqyfr",
        "name": "EURL Céréales Tissemsilt",
        "slug": "eurl-cereales-tissemsilt",
        "wilaya": "11",
        "wilayaName": "Tamanrasset",
        "commune": "Tissemsilt",
        "address": "Tissemsilt, Tissemsilt, Algeria",
        "employeeCount": 25,
        "verificationStatus": "PENDING",
        "hasWebsite": false
      }
    },
    {
      "type": "Feature",
      "geometry": {
        "type": "Point",
        "coordinates": [
          1.184,
          36.0872
        ]
      },
      "properties": {
        "id": "cmsv3q32f0168t9re7oaokdu1",
        "name": "SARL Laiterie Oued Fodda",
        "slug": "sarl-laiterie-oued-fodda",
        "wilaya": "11",
        "wilayaName": "Tamanrasset",
        "commune": "Oued Fodda",
        "address": "Oued Fodda, Tissemsilt, Algeria",
        "employeeCount": 75,
        "verificationStatus": "PENDING",
        "hasWebsite": false
      }
    },
    {
      "type": "Feature",
      "geometry": {
        "type": "Point",
        "coordinates": [
          1.8161,
          35.6346
        ]
      },
      "properties": {
        "id": "cmsv3q32g016at9rei5czsbb6",
        "name": "EURL Élevage Moderne Tissemsilt",
        "slug": "eurl-elevage-moderne-tissemsilt",
        "wilaya": "11",
        "wilayaName": "Tamanrasset",
        "commune": "Ammari",
        "address": "Ammari, Tissemsilt, Algeria",
        "employeeCount": 25,
        "verificationStatus": "PENDING",
        "hasWebsite": false
      }
    },
    {
      "type": "Feature",
      "geometry": {
        "type": "Point",
        "coordinates": [
          1.8376,
          35.608
        ]
      },
      "properties": {
        "id": "cmsv3q32i016ct9reh2mjaaos",
        "name": "SARL BTP Tissemsilt Construction",
        "slug": "sarl-btp-tissemsilt-construction",
        "wilaya": "11",
        "wilayaName": "Tamanrasset",
        "commune": "Tissemsilt",
        "address": "Tissemsilt, Tissemsilt, Algeria",
        "employeeCount": 75,
        "verificationStatus": "PENDING",
        "hasWebsite": false
      }
    },
    {
      "type": "Feature",
      "geometry": {
        "type": "Point",
        "coordinates": [
          1.7295,
          35.6056
        ]
      },
      "properties": {
        "id": "cmsv3q32j016et9reyodr7cns",
        "name": "EURL Menuiserie Métallique Tissemsilt",
        "slug": "eurl-menuiserie-metallique-tissemsilt",
        "wilaya": "11",
        "wilayaName": "Tamanrasset",
        "commune": "Lazharia",
        "address": "Lazharia, Tissemsilt, Algeria",
        "employeeCount": 25,
        "verificationStatus": "PENDING",
        "hasWebsite": false
      }
    },
    {
      "type": "Feature",
      "geometry": {
        "type": "Point",
        "coordinates": [
          1.7788,
          35.6277
        ]
      },
      "properties": {
        "id": "cmsv3q32l016gt9redeavl91v",
        "name": "SARL Commerciale du Chéliff",
        "slug": "sarl-commerciale-du-cheliff",
        "wilaya": "11",
        "wilayaName": "Tamanrasset",
        "commune": "Tissemsilt",
        "address": "Tissemsilt, Tissemsilt, Algeria",
        "employeeCount": 25,
        "verificationStatus": "PENDING",
        "hasWebsite": false
      }
    },
    {
      "type": "Feature",
      "geometry": {
        "type": "Point",
        "coordinates": [
          1.8047,
          35.6205
        ]
      },
      "properties": {
        "id": "cmsv3q32m016it9re8e3kgpqz",
        "name": "EURL Transport Tissemsilt",
        "slug": "eurl-transport-tissemsilt",
        "wilaya": "11",
        "wilayaName": "Tamanrasset",
        "commune": "Tissemsilt",
        "address": "Tissemsilt, Tissemsilt, Algeria",
        "employeeCount": 25,
        "verificationStatus": "PENDING",
        "hasWebsite": false
      }
    },
    {
      "type": "Feature",
      "geometry": {
        "type": "Point",
        "coordinates": [
          1.7912,
          35.5875
        ]
      },
      "properties": {
        "id": "cmsv3q32o016kt9re88uex86l",
        "name": "SARL Huilerie Moderne Tissemsilt",
        "slug": "sarl-huilerie-moderne-tissemsilt",
        "wilaya": "11",
        "wilayaName": "Tamanrasset",
        "commune": "Sidi Boutouchent",
        "address": "Sidi Boutouchent, Tissemsilt, Algeria",
        "employeeCount": 25,
        "verificationStatus": "PENDING",
        "hasWebsite": false
      }
    },
    {
      "type": "Feature",
      "geometry": {
        "type": "Point",
        "coordinates": [
          1.8062,
          35.6172
        ]
      },
      "properties": {
        "id": "cmsv3q32p016mt9regnzygkts",
        "name": "EURL Pharmacie Centrale Tissemsilt",
        "slug": "eurl-pharmacie-centrale-tissemsilt",
        "wilaya": "11",
        "wilayaName": "Tamanrasset",
        "commune": "Tissemsilt",
        "address": "Tissemsilt, Tissemsilt, Algeria",
        "employeeCount": 25,
        "verificationStatus": "PENDING",
        "hasWebsite": false
      }
    },
    {
      "type": "Feature",
      "geometry": {
        "type": "Point",
        "coordinates": [
          1.7867,
          35.6228
        ]
      },
      "properties": {
        "id": "cmsv3q32r016ot9reje7gz1gq",
        "name": "SARL Agro Services Chéliff",
        "slug": "sarl-agro-services-cheliff",
        "wilaya": "11",
        "wilayaName": "Tamanrasset",
        "commune": "Tissemsilt",
        "address": "Tissemsilt, Tissemsilt, Algeria",
        "employeeCount": 25,
        "verificationStatus": "PENDING",
        "hasWebsite": false
      }
    },
    {
      "type": "Feature",
      "geometry": {
        "type": "Point",
        "coordinates": [
          1.7921,
          35.5861
        ]
      },
      "properties": {
        "id": "cmsv3q32s016qt9re3cyqedic",
        "name": "EURL Carrières de Tissemsilt",
        "slug": "eurl-carrieres-de-tissemsilt",
        "wilaya": "11",
        "wilayaName": "Tamanrasset",
        "commune": "Ammari",
        "address": "Ammari, Tissemsilt, Algeria",
        "employeeCount": 25,
        "verificationStatus": "PENDING",
        "hasWebsite": false
      }
    },
    {
      "type": "Feature",
      "geometry": {
        "type": "Point",
        "coordinates": [
          1.7882,
          35.6227
        ]
      },
      "properties": {
        "id": "cmsv3q32t016st9rezoqpq802",
        "name": "SARL Imprimerie Tissemsilt",
        "slug": "sarl-imprimerie-tissemsilt",
        "wilaya": "11",
        "wilayaName": "Tamanrasset",
        "commune": "Tissemsilt",
        "address": "Tissemsilt, Tissemsilt, Algeria",
        "employeeCount": 25,
        "verificationStatus": "PENDING",
        "hasWebsite": false
      }
    },
    {
      "type": "Feature",
      "geometry": {
        "type": "Point",
        "coordinates": [
          1.7883,
          35.6145
        ]
      },
      "properties": {
        "id": "cmsv3q32v016ut9re9jne3gfk",
        "name": "EURL Station Service Tissemsilt",
        "slug": "eurl-station-service-tissemsilt",
        "wilaya": "11",
        "wilayaName": "Tamanrasset",
        "commune": "Tissemsilt",
        "address": "Tissemsilt, Tissemsilt, Algeria",
        "employeeCount": 25,
        "verificationStatus": "PENDING",
        "hasWebsite": false
      }
    },
    {
      "type": "Feature",
      "geometry": {
        "type": "Point",
        "coordinates": [
          1.8258,
          35.5844
        ]
      },
      "properties": {
        "id": "cmsv3q32w016wt9rekt69dp6j",
        "name": "SARL Pâtisserie Industrielle Chéliff",
        "slug": "sarl-patisserie-industrielle-cheliff",
        "wilaya": "11",
        "wilayaName": "Tamanrasset",
        "commune": "Tissemsilt",
        "address": "Tissemsilt, Tissemsilt, Algeria",
        "employeeCount": 25,
        "verificationStatus": "PENDING",
        "hasWebsite": false
      }
    },
    {
      "type": "Feature",
      "geometry": {
        "type": "Point",
        "coordinates": [
          1.828,
          35.629
        ]
      },
      "properties": {
        "id": "cmsv3q32y016yt9reax7jpzvo",
        "name": "EURL Garage Automobile Tissemsilt",
        "slug": "eurl-garage-automobile-tissemsilt",
        "wilaya": "11",
        "wilayaName": "Tamanrasset",
        "commune": "Larbaa",
        "address": "Larbaa, Tissemsilt, Algeria",
        "employeeCount": 25,
        "verificationStatus": "PENDING",
        "hasWebsite": false
      }
    },
    {
      "type": "Feature",
      "geometry": {
        "type": "Point",
        "coordinates": [
          1.7824,
          35.6305
        ]
      },
      "properties": {
        "id": "cmsv3q32z0170t9reiyg9okev",
        "name": "SARL Électricité Générale Tissemsilt",
        "slug": "sarl-electricite-generale-tissemsilt",
        "wilaya": "11",
        "wilayaName": "Tamanrasset",
        "commune": "Bordj Bounaama",
        "address": "Bordj Bounaama, Tissemsilt, Algeria",
        "employeeCount": 25,
        "verificationStatus": "PENDING",
        "hasWebsite": false
      }
    },
    {
      "type": "Feature",
      "geometry": {
        "type": "Point",
        "coordinates": [
          1.8293,
          35.585
        ]
      },
      "properties": {
        "id": "cmsv3q3310172t9re99f5tj58",
        "name": "EURL Boulangerie Traditionnelle Tissemsilt",
        "slug": "eurl-boulangerie-traditionnelle-tissemsilt",
        "wilaya": "11",
        "wilayaName": "Tamanrasset",
        "commune": "Tissemsilt",
        "address": "Tissemsilt, Tissemsilt, Algeria",
        "employeeCount": 25,
        "verificationStatus": "PENDING",
        "hasWebsite": false
      }
    },
    {
      "type": "Feature",
      "geometry": {
        "type": "Point",
        "coordinates": [
          1.1857,
          36.0964
        ]
      },
      "properties": {
        "id": "cmsv3q3320174t9reh1bckk7e",
        "name": "SARL Eaux Minérales Oued Fodda",
        "slug": "sarl-eaux-minerales-oued-fodda",
        "wilaya": "11",
        "wilayaName": "Tamanrasset",
        "commune": "Oued Fodda",
        "address": "Oued Fodda, Tissemsilt, Algeria",
        "employeeCount": 25,
        "verificationStatus": "PENDING",
        "hasWebsite": false
      }
    },
    {
      "type": "Feature",
      "geometry": {
        "type": "Point",
        "coordinates": [
          1.7928,
          35.6228
        ]
      },
      "properties": {
        "id": "cmsv3q3330176t9rew9ohcct2",
        "name": "EURL Plomberie Sanitaire Tissemsilt",
        "slug": "eurl-plomberie-sanitaire-tissemsilt",
        "wilaya": "11",
        "wilayaName": "Tamanrasset",
        "commune": "Tissemsilt",
        "address": "Tissemsilt, Tissemsilt, Algeria",
        "employeeCount": 25,
        "verificationStatus": "PENDING",
        "hasWebsite": false
      }
    },
    {
      "type": "Feature",
      "geometry": {
        "type": "Point",
        "coordinates": [
          1.764,
          35.5819
        ]
      },
      "properties": {
        "id": "cmsv3q3350178t9repp1aze6z",
        "name": "SARL Peinture et Décoration Tissemsilt",
        "slug": "sarl-peinture-et-decoration-tissemsilt",
        "wilaya": "11",
        "wilayaName": "Tamanrasset",
        "commune": "Lazharia",
        "address": "Lazharia, Tissemsilt, Algeria",
        "employeeCount": 25,
        "verificationStatus": "PENDING",
        "hasWebsite": false
      }
    },
    {
      "type": "Feature",
      "geometry": {
        "type": "Point",
        "coordinates": [
          1.8402,
          35.6135
        ]
      },
      "properties": {
        "id": "cmsv3q336017at9re89tjegky",
        "name": "EURL Coopérative Oléicole Sidi Boutouchent",
        "slug": "eurl-cooperative-oleicole-sidi-boutouchent",
        "wilaya": "11",
        "wilayaName": "Tamanrasset",
        "commune": "Sidi Boutouchent",
        "address": "Sidi Boutouchent, Tissemsilt, Algeria",
        "employeeCount": 25,
        "verificationStatus": "PENDING",
        "hasWebsite": false
      }
    },
    {
      "type": "Feature",
      "geometry": {
        "type": "Point",
        "coordinates": [
          1.8348,
          35.621
        ]
      },
      "properties": {
        "id": "cmsv3q338017ct9re28zkk1e0",
        "name": "SARL Matériaux Construction Tissemsilt",
        "slug": "sarl-materiaux-construction-tissemsilt",
        "wilaya": "11",
        "wilayaName": "Tamanrasset",
        "commune": "Tissemsilt",
        "address": "Tissemsilt, Tissemsilt, Algeria",
        "employeeCount": 25,
        "verificationStatus": "PENDING",
        "hasWebsite": false
      }
    },
    {
      "type": "Feature",
      "geometry": {
        "type": "Point",
        "coordinates": [
          1.8085,
          35.6101
        ]
      },
      "properties": {
        "id": "cmsv3q339017et9rey1borfwl",
        "name": "EURL Élevage Avicole Tissemsilt",
        "slug": "eurl-elevage-avicole-tissemsilt",
        "wilaya": "11",
        "wilayaName": "Tamanrasset",
        "commune": "Melaab",
        "address": "Melaab, Tissemsilt, Algeria",
        "employeeCount": 25,
        "verificationStatus": "PENDING",
        "hasWebsite": false
      }
    },
    {
      "type": "Feature",
      "geometry": {
        "type": "Point",
        "coordinates": [
          1.7997,
          35.597
        ]
      },
      "properties": {
        "id": "cmsv3q33b017gt9rekclkrm9t",
        "name": "SARL Agence Immobilière du Chéliff",
        "slug": "sarl-agence-immobiliere-du-cheliff",
        "wilaya": "11",
        "wilayaName": "Tamanrasset",
        "commune": "Tissemsilt",
        "address": "Tissemsilt, Tissemsilt, Algeria",
        "employeeCount": 25,
        "verificationStatus": "PENDING",
        "hasWebsite": false
      }
    },
    {
      "type": "Feature",
      "geometry": {
        "type": "Point",
        "coordinates": [
          1.7353,
          35.5685
        ]
      },
      "properties": {
        "id": "cmsv3q33d017kt9ret7e3kj6r",
        "name": "SARL Fonderie Métallurgie Tissemsilt",
        "slug": "sarl-fonderie-metallurgie-tissemsilt",
        "wilaya": "11",
        "wilayaName": "Tamanrasset",
        "commune": "Lazharia",
        "address": "Lazharia, Tissemsilt, Algeria",
        "employeeCount": 25,
        "verificationStatus": "PENDING",
        "hasWebsite": false
      }
    },
    {
      "type": "Feature",
      "geometry": {
        "type": "Point",
        "coordinates": [
          1.8189,
          35.6123
        ]
      },
      "properties": {
        "id": "cmsv3q33f017mt9re6orsmetk",
        "name": "EURL Commerce Général Ammari",
        "slug": "eurl-commerce-general-ammari",
        "wilaya": "11",
        "wilayaName": "Tamanrasset",
        "commune": "Ammari",
        "address": "Ammari, Tissemsilt, Algeria",
        "employeeCount": 25,
        "verificationStatus": "PENDING",
        "hasWebsite": false
      }
    },
    {
      "type": "Feature",
      "geometry": {
        "type": "Point",
        "coordinates": [
          4.0444,
          36.7246
        ]
      },
      "properties": {
        "id": "cmsv3q33g017ot9repghztip4",
        "name": "SAIDAL Unité Tizi Ouzou",
        "slug": "saidal-unite-tizi-ouzou",
        "wilaya": "14",
        "wilayaName": "Tiaret",
        "commune": "Tizi Ouzou",
        "address": "Tizi Ouzou, Tizi Ouzou, Algeria",
        "employeeCount": 750,
        "verificationStatus": "PENDING",
        "hasWebsite": true
      }
    },
    {
      "type": "Feature",
      "geometry": {
        "type": "Point",
        "coordinates": [
          4.0378,
          36.6899
        ]
      },
      "properties": {
        "id": "cmsv3q33i017qt9rekhddyt21",
        "name": "Huilerie Moderne Kabylie (HMK)",
        "slug": "huilerie-moderne-kabylie-hmk",
        "wilaya": "14",
        "wilayaName": "Tiaret",
        "commune": "Azazga",
        "address": "Azazga, Tizi Ouzou, Algeria",
        "employeeCount": 75,
        "verificationStatus": "PENDING",
        "hasWebsite": false
      }
    },
    {
      "type": "Feature",
      "geometry": {
        "type": "Point",
        "coordinates": [
          4.1448,
          36.641
        ]
      },
      "properties": {
        "id": "cmsv3q33k017st9rexgus9kdp",
        "name": "Coopérative Agricole d'Huile d'Olive Ath Aissa Mimoun",
        "slug": "cooperative-agricole-dhuile-dolive-ath-aissa-mimoun",
        "wilaya": "14",
        "wilayaName": "Tiaret",
        "commune": "Ath Aissa Mimoun",
        "address": "Ath Aissa Mimoun, Tizi Ouzou, Algeria",
        "employeeCount": 25,
        "verificationStatus": "PENDING",
        "hasWebsite": false
      }
    },
    {
      "type": "Feature",
      "geometry": {
        "type": "Point",
        "coordinates": [
          4.0789,
          36.7245
        ]
      },
      "properties": {
        "id": "cmsv3q33l017ut9req3hebil5",
        "name": "Textile Tizi Ouzou Industries (TTOI)",
        "slug": "textile-tizi-ouzou-industries-ttoi",
        "wilaya": "14",
        "wilayaName": "Tiaret",
        "commune": "Tizi Ouzou",
        "address": "Tizi Ouzou, Tizi Ouzou, Algeria",
        "employeeCount": 25,
        "verificationStatus": "PENDING",
        "hasWebsite": false
      }
    },
    {
      "type": "Feature",
      "geometry": {
        "type": "Point",
        "coordinates": [
          4.048,
          36.7102
        ]
      },
      "properties": {
        "id": "cmsv3q33n017wt9reqdwvseb0",
        "name": "Artisanat Kabyle Excellence",
        "slug": "artisanat-kabyle-excellence",
        "wilaya": "14",
        "wilayaName": "Tiaret",
        "commune": "Djemâa Saharidj",
        "address": "Djemâa Saharidj, Tizi Ouzou, Algeria",
        "employeeCount": 25,
        "verificationStatus": "PENDING",
        "hasWebsite": false
      }
    },
    {
      "type": "Feature",
      "geometry": {
        "type": "Point",
        "coordinates": [
          4.0402,
          36.6875
        ]
      },
      "properties": {
        "id": "cmsv3q33o017yt9re2wus4rk3",
        "name": "BTP Tizi Ouzou Construction",
        "slug": "btp-tizi-ouzou-construction",
        "wilaya": "14",
        "wilayaName": "Tiaret",
        "commune": "Tizi Ouzou",
        "address": "Tizi Ouzou, Tizi Ouzou, Algeria",
        "employeeCount": 25,
        "verificationStatus": "PENDING",
        "hasWebsite": false
      }
    },
    {
      "type": "Feature",
      "geometry": {
        "type": "Point",
        "coordinates": [
          4.1496,
          36.6482
        ]
      },
      "properties": {
        "id": "cmsv3q33q0180t9rekns27v7d",
        "name": "Eaux Minérales de Djurdjura",
        "slug": "eaux-minerales-de-djurdjura",
        "wilaya": "14",
        "wilayaName": "Tiaret",
        "commune": "Ath Aissa Mimoun",
        "address": "Ath Aissa Mimoun, Tizi Ouzou, Algeria",
        "employeeCount": 75,
        "verificationStatus": "PENDING",
        "hasWebsite": true
      }
    },
    {
      "type": "Feature",
      "geometry": {
        "type": "Point",
        "coordinates": [
          4.0522,
          36.7028
        ]
      },
      "properties": {
        "id": "cmsv3q33s0182t9revcwwivbe",
        "name": "Imprimerie du Centre (IDC)",
        "slug": "imprimerie-du-centre-idc",
        "wilaya": "14",
        "wilayaName": "Tiaret",
        "commune": "Tizi Ouzou",
        "address": "Tizi Ouzou, Tizi Ouzou, Algeria",
        "employeeCount": 25,
        "verificationStatus": "PENDING",
        "hasWebsite": false
      }
    },
    {
      "type": "Feature",
      "geometry": {
        "type": "Point",
        "coordinates": [
          4.0644,
          36.7091
        ]
      },
      "properties": {
        "id": "cmsv3q33t0184t9re96wrenc8",
        "name": "Fromagerie Kabylie",
        "slug": "fromagerie-kabylie",
        "wilaya": "14",
        "wilayaName": "Tiaret",
        "commune": "Makouda",
        "address": "Makouda, Tizi Ouzou, Algeria",
        "employeeCount": 25,
        "verificationStatus": "PENDING",
        "hasWebsite": false
      }
    },
    {
      "type": "Feature",
      "geometry": {
        "type": "Point",
        "coordinates": [
          4.0256,
          36.7033
        ]
      },
      "properties": {
        "id": "cmsv3q33u0186t9reg35qqhr7",
        "name": "Techno Solutions Tizi Ouzou",
        "slug": "techno-solutions-tizi-ouzou",
        "wilaya": "14",
        "wilayaName": "Tiaret",
        "commune": "Tizi Ouzou",
        "address": "Tizi Ouzou, Tizi Ouzou, Algeria",
        "employeeCount": 25,
        "verificationStatus": "PENDING",
        "hasWebsite": true
      }
    },
    {
      "type": "Feature",
      "geometry": {
        "type": "Point",
        "coordinates": [
          4.058,
          36.7424
        ]
      },
      "properties": {
        "id": "cmsv3q33w0188t9rero1gndtb",
        "name": "Alimentation Moderne Azazga (AMA)",
        "slug": "alimentation-moderne-azazga-ama",
        "wilaya": "14",
        "wilayaName": "Tiaret",
        "commune": "Azazga",
        "address": "Azazga, Tizi Ouzou, Algeria",
        "employeeCount": 25,
        "verificationStatus": "PENDING",
        "hasWebsite": false
      }
    },
    {
      "type": "Feature",
      "geometry": {
        "type": "Point",
        "coordinates": [
          4.0325,
          36.6803
        ]
      },
      "properties": {
        "id": "cmsv3q33x018at9re3paveu33",
        "name": "Scierie Industrielle de Ouadhias",
        "slug": "scierie-industrielle-de-ouadhias",
        "wilaya": "14",
        "wilayaName": "Tiaret",
        "commune": "Ouadhias",
        "address": "Ouadhias, Tizi Ouzou, Algeria",
        "employeeCount": 25,
        "verificationStatus": "PENDING",
        "hasWebsite": false
      }
    },
    {
      "type": "Feature",
      "geometry": {
        "type": "Point",
        "coordinates": [
          4.0641,
          36.7066
        ]
      },
      "properties": {
        "id": "cmsv3q33z018ct9re1ai3ignz",
        "name": "Pharmacie Centrale Tizi Ouzou",
        "slug": "pharmacie-centrale-tizi-ouzou",
        "wilaya": "14",
        "wilayaName": "Tiaret",
        "commune": "Tizi Ouzou",
        "address": "Tizi Ouzou, Tizi Ouzou, Algeria",
        "employeeCount": 75,
        "verificationStatus": "PENDING",
        "hasWebsite": false
      }
    },
    {
      "type": "Feature",
      "geometry": {
        "type": "Point",
        "coordinates": [
          4.0576,
          36.7332
        ]
      },
      "properties": {
        "id": "cmsv3q340018et9rex4zww41x",
        "name": "Confiserie des Montagnes",
        "slug": "confiserie-des-montagnes",
        "wilaya": "14",
        "wilayaName": "Tiaret",
        "commune": "Draâ Ben Khedda",
        "address": "Draâ Ben Khedda, Tizi Ouzou, Algeria",
        "employeeCount": 25,
        "verificationStatus": "PENDING",
        "hasWebsite": false
      }
    },
    {
      "type": "Feature",
      "geometry": {
        "type": "Point",
        "coordinates": [
          4.0571,
          36.6944
        ]
      },
      "properties": {
        "id": "cmsv3q342018gt9rexy0is9sn",
        "name": "Transport Tizi Ouzou Express (TTOE)",
        "slug": "transport-tizi-ouzou-express-ttoe",
        "wilaya": "14",
        "wilayaName": "Tiaret",
        "commune": "Tizi Ouzou",
        "address": "Tizi Ouzou, Tizi Ouzou, Algeria",
        "employeeCount": 25,
        "verificationStatus": "PENDING",
        "hasWebsite": false
      }
    },
    {
      "type": "Feature",
      "geometry": {
        "type": "Point",
        "coordinates": [
          4.0472,
          36.6917
        ]
      },
      "properties": {
        "id": "cmsv3q344018it9recu2fzup1",
        "name": "Carrelage Moderne Kabylie",
        "slug": "carrelage-moderne-kabylie",
        "wilaya": "14",
        "wilayaName": "Tiaret",
        "commune": "Makouda",
        "address": "Makouda, Tizi Ouzou, Algeria",
        "employeeCount": 25,
        "verificationStatus": "PENDING",
        "hasWebsite": false
      }
    },
    {
      "type": "Feature",
      "geometry": {
        "type": "Point",
        "coordinates": [
          4.0235,
          36.7287
        ]
      },
      "properties": {
        "id": "cmsv3q345018kt9reo4zce156",
        "name": "Agence Immobilière du Djurdjura",
        "slug": "agence-immobiliere-du-djurdjura",
        "wilaya": "14",
        "wilayaName": "Tiaret",
        "commune": "Tizi Ouzou",
        "address": "Tizi Ouzou, Tizi Ouzou, Algeria",
        "employeeCount": 25,
        "verificationStatus": "PENDING",
        "hasWebsite": false
      }
    },
    {
      "type": "Feature",
      "geometry": {
        "type": "Point",
        "coordinates": [
          4.0773,
          36.6837
        ]
      },
      "properties": {
        "id": "cmsv3q347018mt9re7ilwivl0",
        "name": "Laboratoire d'Analyses Médicales Tizi Ouzou (LAMTO)",
        "slug": "laboratoire-danalyses-medicales-tizi-ouzou-lamto",
        "wilaya": "14",
        "wilayaName": "Tiaret",
        "commune": "Tizi Ouzou",
        "address": "Tizi Ouzou, Tizi Ouzou, Algeria",
        "employeeCount": 25,
        "verificationStatus": "PENDING",
        "hasWebsite": false
      }
    },
    {
      "type": "Feature",
      "geometry": {
        "type": "Point",
        "coordinates": [
          4.0721,
          36.7318
        ]
      },
      "properties": {
        "id": "cmsv3q348018ot9rencda8ozb",
        "name": "Élevage Avicole de Draâ Ben Khedda",
        "slug": "elevage-avicole-de-draa-ben-khedda",
        "wilaya": "14",
        "wilayaName": "Tiaret",
        "commune": "Draâ Ben Khedda",
        "address": "Draâ Ben Khedda, Tizi Ouzou, Algeria",
        "employeeCount": 25,
        "verificationStatus": "PENDING",
        "hasWebsite": false
      }
    },
    {
      "type": "Feature",
      "geometry": {
        "type": "Point",
        "coordinates": [
          4.0543,
          36.6974
        ]
      },
      "properties": {
        "id": "cmsv3q34a018qt9re2ildrg7x",
        "name": "Menuiserie Aluminium Kabylie",
        "slug": "menuiserie-aluminium-kabylie",
        "wilaya": "14",
        "wilayaName": "Tiaret",
        "commune": "Azazga",
        "address": "Azazga, Tizi Ouzou, Algeria",
        "employeeCount": 25,
        "verificationStatus": "PENDING",
        "hasWebsite": false
      }
    },
    {
      "type": "Feature",
      "geometry": {
        "type": "Point",
        "coordinates": [
          4.0869,
          36.6856
        ]
      },
      "properties": {
        "id": "cmsv3q34b018st9rez4cdt17n",
        "name": "Centre de Formation Professionnelle Privé (CFPP)",
        "slug": "centre-de-formation-professionnelle-prive-cfpp",
        "wilaya": "14",
        "wilayaName": "Tiaret",
        "commune": "Tizi Ouzou",
        "address": "Tizi Ouzou, Tizi Ouzou, Algeria",
        "employeeCount": 25,
        "verificationStatus": "PENDING",
        "hasWebsite": false
      }
    },
    {
      "type": "Feature",
      "geometry": {
        "type": "Point",
        "coordinates": [
          4.0067,
          36.6656
        ]
      },
      "properties": {
        "id": "cmsv3q34d018ut9remdwttmi6",
        "name": "Apiculture des Vallées Kabyles",
        "slug": "apiculture-des-vallees-kabyles",
        "wilaya": "14",
        "wilayaName": "Tiaret",
        "commune": "Ouadhias",
        "address": "Ouadhias, Tizi Ouzou, Algeria",
        "employeeCount": 25,
        "verificationStatus": "PENDING",
        "hasWebsite": false
      }
    },
    {
      "type": "Feature",
      "geometry": {
        "type": "Point",
        "coordinates": [
          4.0849,
          36.6948
        ]
      },
      "properties": {
        "id": "cmsv3q34f018wt9regsfiqtfb",
        "name": "Electricité Générale Tizi Ouzou (EGTO)",
        "slug": "electricite-generale-tizi-ouzou-egto",
        "wilaya": "14",
        "wilayaName": "Tiaret",
        "commune": "Tizi Ouzou",
        "address": "Tizi Ouzou, Tizi Ouzou, Algeria",
        "employeeCount": 25,
        "verificationStatus": "PENDING",
        "hasWebsite": false
      }
    },
    {
      "type": "Feature",
      "geometry": {
        "type": "Point",
        "coordinates": [
          4.0758,
          36.7227
        ]
      },
      "properties": {
        "id": "cmsv3q34g018yt9re9s4s264r",
        "name": "Plomberie Sanitaire Moderne",
        "slug": "plomberie-sanitaire-moderne",
        "wilaya": "14",
        "wilayaName": "Tiaret",
        "commune": "Draâ Ben Khedda",
        "address": "Draâ Ben Khedda, Tizi Ouzou, Algeria",
        "employeeCount": 25,
        "verificationStatus": "PENDING",
        "hasWebsite": false
      }
    },
    {
      "type": "Feature",
      "geometry": {
        "type": "Point",
        "coordinates": [
          4.0552,
          36.6844
        ]
      },
      "properties": {
        "id": "cmsv3q34i0190t9reeghm0jlf",
        "name": "Coopérative Laitière de Makouda",
        "slug": "cooperative-laitiere-de-makouda",
        "wilaya": "14",
        "wilayaName": "Tiaret",
        "commune": "Makouda",
        "address": "Makouda, Tizi Ouzou, Algeria",
        "employeeCount": 25,
        "verificationStatus": "PENDING",
        "hasWebsite": false
      }
    },
    {
      "type": "Feature",
      "geometry": {
        "type": "Point",
        "coordinates": [
          4.0658,
          36.7234
        ]
      },
      "properties": {
        "id": "cmsv3q34j0192t9reig1zn5mz",
        "name": "Ferronnerie d'Art Kabylie",
        "slug": "ferronnerie-dart-kabylie",
        "wilaya": "14",
        "wilayaName": "Tiaret",
        "commune": "Djemâa Saharidj",
        "address": "Djemâa Saharidj, Tizi Ouzou, Algeria",
        "employeeCount": 25,
        "verificationStatus": "PENDING",
        "hasWebsite": false
      }
    },
    {
      "type": "Feature",
      "geometry": {
        "type": "Point",
        "coordinates": [
          4.0254,
          36.7001
        ]
      },
      "properties": {
        "id": "cmsv3q34k0194t9rethc6r4wo",
        "name": "Distribution Pharmaceutique Régionale (DPR)",
        "slug": "distribution-pharmaceutique-regionale-dpr",
        "wilaya": "14",
        "wilayaName": "Tiaret",
        "commune": "Tizi Ouzou",
        "address": "Tizi Ouzou, Tizi Ouzou, Algeria",
        "employeeCount": 25,
        "verificationStatus": "PENDING",
        "hasWebsite": false
      }
    },
    {
      "type": "Feature",
      "geometry": {
        "type": "Point",
        "coordinates": [
          4.041,
          36.7337
        ]
      },
      "properties": {
        "id": "cmsv3q34m0196t9rezb7oy79k",
        "name": "Atelier de Couture Moderne",
        "slug": "atelier-de-couture-moderne",
        "wilaya": "14",
        "wilayaName": "Tiaret",
        "commune": "Azazga",
        "address": "Azazga, Tizi Ouzou, Algeria",
        "employeeCount": 25,
        "verificationStatus": "PENDING",
        "hasWebsite": false
      }
    },
    {
      "type": "Feature",
      "geometry": {
        "type": "Point",
        "coordinates": [
          4.0755,
          36.7063
        ]
      },
      "properties": {
        "id": "cmsv3q34n0198t9resapnbs2s",
        "name": "Jardinage et Espaces Verts Tizi Ouzou",
        "slug": "jardinage-et-espaces-verts-tizi-ouzou",
        "wilaya": "14",
        "wilayaName": "Tiaret",
        "commune": "Tizi Ouzou",
        "address": "Tizi Ouzou, Tizi Ouzou, Algeria",
        "employeeCount": 25,
        "verificationStatus": "PENDING",
        "hasWebsite": false
      }
    },
    {
      "type": "Feature",
      "geometry": {
        "type": "Point",
        "coordinates": [
          4.1575,
          36.6307
        ]
      },
      "properties": {
        "id": "cmsv3q34p019at9rev1ya7c1r",
        "name": "Production de Jus de Fruits Naturels",
        "slug": "production-de-jus-de-fruits-naturels",
        "wilaya": "14",
        "wilayaName": "Tiaret",
        "commune": "Ath Aissa Mimoun",
        "address": "Ath Aissa Mimoun, Tizi Ouzou, Algeria",
        "employeeCount": 25,
        "verificationStatus": "PENDING",
        "hasWebsite": false
      }
    },
    {
      "type": "Feature",
      "geometry": {
        "type": "Point",
        "coordinates": [
          4.0886,
          36.7185
        ]
      },
      "properties": {
        "id": "cmsv3q34q019ct9rewjr7jcn7",
        "name": "Matériaux de Construction du Centre (MCC)",
        "slug": "materiaux-de-construction-du-centre-mcc",
        "wilaya": "14",
        "wilayaName": "Tiaret",
        "commune": "Tizi Ouzou",
        "address": "Tizi Ouzou, Tizi Ouzou, Algeria",
        "employeeCount": 25,
        "verificationStatus": "PENDING",
        "hasWebsite": false
      }
    },
    {
      "type": "Feature",
      "geometry": {
        "type": "Point",
        "coordinates": [
          4.0227,
          36.7169
        ]
      },
      "properties": {
        "id": "cmsv3q34s019et9redcl2dn33",
        "name": "École Privée d'Informatique Tizi Ouzou (EPITO)",
        "slug": "ecole-privee-dinformatique-tizi-ouzou-epito",
        "wilaya": "14",
        "wilayaName": "Tiaret",
        "commune": "Tizi Ouzou",
        "address": "Tizi Ouzou, Tizi Ouzou, Algeria",
        "employeeCount": 25,
        "verificationStatus": "PENDING",
        "hasWebsite": true
      }
    },
    {
      "type": "Feature",
      "geometry": {
        "type": "Point",
        "coordinates": [
          4.0697,
          36.7289
        ]
      },
      "properties": {
        "id": "cmsv3q34t019gt9refow6md8d",
        "name": "Transformation de Figues et Produits Secs",
        "slug": "transformation-de-figues-et-produits-secs",
        "wilaya": "14",
        "wilayaName": "Tiaret",
        "commune": "Djemâa Saharidj",
        "address": "Djemâa Saharidj, Tizi Ouzou, Algeria",
        "employeeCount": 25,
        "verificationStatus": "PENDING",
        "hasWebsite": false
      }
    },
    {
      "type": "Feature",
      "geometry": {
        "type": "Point",
        "coordinates": [
          4.036,
          36.7032
        ]
      },
      "properties": {
        "id": "cmsv3q34v019it9reuiq2btt6",
        "name": "Auto École Moderne Tizi Ouzou",
        "slug": "auto-ecole-moderne-tizi-ouzou",
        "wilaya": "14",
        "wilayaName": "Tiaret",
        "commune": "Tizi Ouzou",
        "address": "Tizi Ouzou, Tizi Ouzou, Algeria",
        "employeeCount": 25,
        "verificationStatus": "PENDING",
        "hasWebsite": false
      }
    },
    {
      "type": "Feature",
      "geometry": {
        "type": "Point",
        "coordinates": [
          4.0075,
          36.6911
        ]
      },
      "properties": {
        "id": "cmsv3q34w019kt9reh7x7pn7d",
        "name": "Fabrication de Savons Artisanaux",
        "slug": "fabrication-de-savons-artisanaux",
        "wilaya": "14",
        "wilayaName": "Tiaret",
        "commune": "Ouadhias",
        "address": "Ouadhias, Tizi Ouzou, Algeria",
        "employeeCount": 25,
        "verificationStatus": "PENDING",
        "hasWebsite": false
      }
    },
    {
      "type": "Feature",
      "geometry": {
        "type": "Point",
        "coordinates": [
          4.0825,
          36.7272
        ]
      },
      "properties": {
        "id": "cmsv3q34y019mt9renjkh621p",
        "name": "Entreprise de Nettoyage Professionnel",
        "slug": "entreprise-de-nettoyage-professionnel",
        "wilaya": "14",
        "wilayaName": "Tiaret",
        "commune": "Tizi Ouzou",
        "address": "Tizi Ouzou, Tizi Ouzou, Algeria",
        "employeeCount": 25,
        "verificationStatus": "PENDING",
        "hasWebsite": false
      }
    },
    {
      "type": "Feature",
      "geometry": {
        "type": "Point",
        "coordinates": [
          -1.2973,
          34.9026
        ]
      },
      "properties": {
        "id": "cmsv3q350019ot9reki4btbvb",
        "name": "Groupe Industriel Tlemcen (GIT)",
        "slug": "groupe-industriel-tlemcen-git",
        "wilaya": "13",
        "wilayaName": "Tlemcen",
        "commune": "Tlemcen",
        "address": "Tlemcen, Tlemcen, Algeria",
        "employeeCount": 25,
        "verificationStatus": "PENDING",
        "hasWebsite": true
      }
    },
    {
      "type": "Feature",
      "geometry": {
        "type": "Point",
        "coordinates": [
          -1.3151,
          34.8711
        ]
      },
      "properties": {
        "id": "cmsv3q351019qt9rerixrq6s4",
        "name": "Confection Moderne Tlemcen (CMT)",
        "slug": "confection-moderne-tlemcen-cmt",
        "wilaya": "13",
        "wilayaName": "Tlemcen",
        "commune": "Tlemcen",
        "address": "Tlemcen, Tlemcen, Algeria",
        "employeeCount": 25,
        "verificationStatus": "PENDING",
        "hasWebsite": false
      }
    },
    {
      "type": "Feature",
      "geometry": {
        "type": "Point",
        "coordinates": [
          -1.3172,
          34.8887
        ]
      },
      "properties": {
        "id": "cmsv3q353019st9revokdluth",
        "name": "Cuir et Chaussures du Maghreb (CCM)",
        "slug": "cuir-et-chaussures-du-maghreb-ccm",
        "wilaya": "13",
        "wilayaName": "Tlemcen",
        "commune": "Hennaya",
        "address": "Hennaya, Tlemcen, Algeria",
        "employeeCount": 25,
        "verificationStatus": "PENDING",
        "hasWebsite": true
      }
    },
    {
      "type": "Feature",
      "geometry": {
        "type": "Point",
        "coordinates": [
          -1.2862,
          34.9141
        ]
      },
      "properties": {
        "id": "cmsv3q354019ut9re79yxtw17",
        "name": "Tlemcen Lait (TL)",
        "slug": "tlemcen-lait-tl",
        "wilaya": "13",
        "wilayaName": "Tlemcen",
        "commune": "Mansourah",
        "address": "Mansourah, Tlemcen, Algeria",
        "employeeCount": 25,
        "verificationStatus": "PENDING",
        "hasWebsite": true
      }
    },
    {
      "type": "Feature",
      "geometry": {
        "type": "Point",
        "coordinates": [
          -1.2848,
          34.8617
        ]
      },
      "properties": {
        "id": "cmsv3q356019wt9reydpr0vqb",
        "name": "Biscuiterie du Tell (BDT)",
        "slug": "biscuiterie-du-tell-bdt",
        "wilaya": "13",
        "wilayaName": "Tlemcen",
        "commune": "Ouled Mimoun",
        "address": "Ouled Mimoun, Tlemcen, Algeria",
        "employeeCount": 25,
        "verificationStatus": "PENDING",
        "hasWebsite": false
      }
    },
    {
      "type": "Feature",
      "geometry": {
        "type": "Point",
        "coordinates": [
          -1.5931,
          35.0889
        ]
      },
      "properties": {
        "id": "cmsv3q357019yt9reqlen9xdp",
        "name": "Huilerie de l'Ouest (HO)",
        "slug": "huilerie-de-louest-ho",
        "wilaya": "13",
        "wilayaName": "Tlemcen",
        "commune": "Remchi",
        "address": "Remchi, Tlemcen, Algeria",
        "employeeCount": 25,
        "verificationStatus": "PENDING",
        "hasWebsite": true
      }
    },
    {
      "type": "Feature",
      "geometry": {
        "type": "Point",
        "coordinates": [
          -1.3439,
          34.8992
        ]
      },
      "properties": {
        "id": "cmsv3q35901a0t9rers0amicr",
        "name": "Cimenterie de Tlemcen (CT)",
        "slug": "cimenterie-de-tlemcen-ct",
        "wilaya": "13",
        "wilayaName": "Tlemcen",
        "commune": "Hennaya",
        "address": "Hennaya, Tlemcen, Algeria",
        "employeeCount": 25,
        "verificationStatus": "PENDING",
        "hasWebsite": true
      }
    },
    {
      "type": "Feature",
      "geometry": {
        "type": "Point",
        "coordinates": [
          -1.2901,
          34.8616
        ]
      },
      "properties": {
        "id": "cmsv3q35a01a2t9retplikl6y",
        "name": "Carrelages et Matériaux de Construction (CMC)",
        "slug": "carrelages-et-materiaux-de-construction-cmc",
        "wilaya": "13",
        "wilayaName": "Tlemcen",
        "commune": "Tlemcen",
        "address": "Tlemcen, Tlemcen, Algeria",
        "employeeCount": 25,
        "verificationStatus": "PENDING",
        "hasWebsite": false
      }
    },
    {
      "type": "Feature",
      "geometry": {
        "type": "Point",
        "coordinates": [
          -1.3217,
          34.8656
        ]
      },
      "properties": {
        "id": "cmsv3q35c01a4t9re64f70tmh",
        "name": "Menuiserie Aluminium Tlemcen (MAT)",
        "slug": "menuiserie-aluminium-tlemcen-mat",
        "wilaya": "13",
        "wilayaName": "Tlemcen",
        "commune": "Chetouane",
        "address": "Chetouane, Tlemcen, Algeria",
        "employeeCount": 25,
        "verificationStatus": "PENDING",
        "hasWebsite": false
      }
    },
    {
      "type": "Feature",
      "geometry": {
        "type": "Point",
        "coordinates": [
          -1.2941,
          34.8758
        ]
      },
      "properties": {
        "id": "cmsv3q35d01a6t9re6wo76k4w",
        "name": "Hôtel El Mansourah Palace",
        "slug": "hotel-el-mansourah-palace",
        "wilaya": "13",
        "wilayaName": "Tlemcen",
        "commune": "Tlemcen",
        "address": "Tlemcen, Tlemcen, Algeria",
        "employeeCount": 25,
        "verificationStatus": "PENDING",
        "hasWebsite": true
      }
    },
    {
      "type": "Feature",
      "geometry": {
        "type": "Point",
        "coordinates": [
          -1.3417,
          34.8933
        ]
      },
      "properties": {
        "id": "cmsv3q35f01a8t9rek5dk08qo",
        "name": "Agence de Voyage et Tourisme Tlemcen (AVTT)",
        "slug": "agence-de-voyage-et-tourisme-tlemcen-avtt",
        "wilaya": "13",
        "wilayaName": "Tlemcen",
        "commune": "Tlemcen",
        "address": "Tlemcen, Tlemcen, Algeria",
        "employeeCount": 25,
        "verificationStatus": "PENDING",
        "hasWebsite": true
      }
    },
    {
      "type": "Feature",
      "geometry": {
        "type": "Point",
        "coordinates": [
          -1.324,
          34.8699
        ]
      },
      "properties": {
        "id": "cmsv3q35g01aat9rel3r8zupn",
        "name": "Pharmacie Centrale de Tlemcen (PCT)",
        "slug": "pharmacie-centrale-de-tlemcen-pct",
        "wilaya": "13",
        "wilayaName": "Tlemcen",
        "commune": "Tlemcen",
        "address": "Tlemcen, Tlemcen, Algeria",
        "employeeCount": 25,
        "verificationStatus": "PENDING",
        "hasWebsite": false
      }
    },
    {
      "type": "Feature",
      "geometry": {
        "type": "Point",
        "coordinates": [
          -1.3334,
          34.8822
        ]
      },
      "properties": {
        "id": "cmsv3q35i01act9re5cx1cfns",
        "name": "Distribution Pharmaceutique de l'Ouest (DPO)",
        "slug": "distribution-pharmaceutique-de-louest-dpo",
        "wilaya": "13",
        "wilayaName": "Tlemcen",
        "commune": "Mansourah",
        "address": "Mansourah, Tlemcen, Algeria",
        "employeeCount": 25,
        "verificationStatus": "PENDING",
        "hasWebsite": false
      }
    },
    {
      "type": "Feature",
      "geometry": {
        "type": "Point",
        "coordinates": [
          -1.3447,
          34.8767
        ]
      },
      "properties": {
        "id": "cmsv3q35j01aet9revkdk61e9",
        "name": "Garage Automobile du Tell (GAT)",
        "slug": "garage-automobile-du-tell-gat",
        "wilaya": "13",
        "wilayaName": "Tlemcen",
        "commune": "Tlemcen",
        "address": "Tlemcen, Tlemcen, Algeria",
        "employeeCount": 25,
        "verificationStatus": "PENDING",
        "hasWebsite": false
      }
    },
    {
      "type": "Feature",
      "geometry": {
        "type": "Point",
        "coordinates": [
          -1.335,
          34.8632
        ]
      },
      "properties": {
        "id": "cmsv3q35l01agt9reaul1a7mt",
        "name": "Concessionnaire Renault Tlemcen (CRT)",
        "slug": "concessionnaire-renault-tlemcen-crt",
        "wilaya": "13",
        "wilayaName": "Tlemcen",
        "commune": "Tlemcen",
        "address": "Tlemcen, Tlemcen, Algeria",
        "employeeCount": 25,
        "verificationStatus": "PENDING",
        "hasWebsite": true
      }
    },
    {
      "type": "Feature",
      "geometry": {
        "type": "Point",
        "coordinates": [
          -1.2846,
          34.8618
        ]
      },
      "properties": {
        "id": "cmsv3q35m01ait9re8hrptinn",
        "name": "Informatique Services Tlemcen (IST)",
        "slug": "informatique-services-tlemcen-ist",
        "wilaya": "13",
        "wilayaName": "Tlemcen",
        "commune": "Tlemcen",
        "address": "Tlemcen, Tlemcen, Algeria",
        "employeeCount": 25,
        "verificationStatus": "PENDING",
        "hasWebsite": true
      }
    },
    {
      "type": "Feature",
      "geometry": {
        "type": "Point",
        "coordinates": [
          -1.3138,
          34.882
        ]
      },
      "properties": {
        "id": "cmsv3q35o01akt9ref8fi7cbl",
        "name": "Solutions Numériques de l'Ouest (SNO)",
        "slug": "solutions-numeriques-de-louest-sno",
        "wilaya": "13",
        "wilayaName": "Tlemcen",
        "commune": "Tlemcen",
        "address": "Tlemcen, Tlemcen, Algeria",
        "employeeCount": 25,
        "verificationStatus": "PENDING",
        "hasWebsite": true
      }
    },
    {
      "type": "Feature",
      "geometry": {
        "type": "Point",
        "coordinates": [
          -1.7657,
          35.2819
        ]
      },
      "properties": {
        "id": "cmsv3q35q01amt9re2bo73oha",
        "name": "Eaux Minérales de Tlemcen (EMT)",
        "slug": "eaux-minerales-de-tlemcen-emt",
        "wilaya": "13",
        "wilayaName": "Tlemcen",
        "commune": "Nedroma",
        "address": "Nedroma, Tlemcen, Algeria",
        "employeeCount": 25,
        "verificationStatus": "PENDING",
        "hasWebsite": true
      }
    },
    {
      "type": "Feature",
      "geometry": {
        "type": "Point",
        "coordinates": [
          -1.5488,
          35.0614
        ]
      },
      "properties": {
        "id": "cmsv3q35s01aot9rexl452h8f",
        "name": "Meunerie de l'Ouest (MO)",
        "slug": "meunerie-de-louest-mo",
        "wilaya": "13",
        "wilayaName": "Tlemcen",
        "commune": "Remchi",
        "address": "Remchi, Tlemcen, Algeria",
        "employeeCount": 25,
        "verificationStatus": "PENDING",
        "hasWebsite": false
      }
    },
    {
      "type": "Feature",
      "geometry": {
        "type": "Point",
        "coordinates": [
          -1.3131,
          34.8763
        ]
      },
      "properties": {
        "id": "cmsv3q35t01aqt9re4to71lz6",
        "name": "Conservation des Fruits et Légumes (CFL)",
        "slug": "conservation-des-fruits-et-legumes-cfl",
        "wilaya": "13",
        "wilayaName": "Tlemcen",
        "commune": "Honaine",
        "address": "Honaine, Tlemcen, Algeria",
        "employeeCount": 25,
        "verificationStatus": "PENDING",
        "hasWebsite": false
      }
    },
    {
      "type": "Feature",
      "geometry": {
        "type": "Point",
        "coordinates": [
          -1.2995,
          34.8699
        ]
      },
      "properties": {
        "id": "cmsv3q35v01ast9reiyhvwvlc",
        "name": "Tapisserie Artisanale Tlemcen (TAT)",
        "slug": "tapisserie-artisanale-tlemcen-tat",
        "wilaya": "13",
        "wilayaName": "Tlemcen",
        "commune": "Tlemcen",
        "address": "Tlemcen, Tlemcen, Algeria",
        "employeeCount": 25,
        "verificationStatus": "PENDING",
        "hasWebsite": true
      }
    },
    {
      "type": "Feature",
      "geometry": {
        "type": "Point",
        "coordinates": [
          -1.3191,
          34.8835
        ]
      },
      "properties": {
        "id": "cmsv3q35x01aut9resedywzkx",
        "name": "Complexe Avicole de Tlemcen (CAT)",
        "slug": "complexe-avicole-de-tlemcen-cat",
        "wilaya": "13",
        "wilayaName": "Tlemcen",
        "commune": "Ouled Mimoun",
        "address": "Ouled Mimoun, Tlemcen, Algeria",
        "employeeCount": 25,
        "verificationStatus": "PENDING",
        "hasWebsite": false
      }
    },
    {
      "type": "Feature",
      "geometry": {
        "type": "Point",
        "coordinates": [
          -1.3469,
          34.8657
        ]
      },
      "properties": {
        "id": "cmsv3q35y01awt9reeyq935t6",
        "name": "Apiculture du Tell (AT)",
        "slug": "apiculture-du-tell-at",
        "wilaya": "13",
        "wilayaName": "Tlemcen",
        "commune": "Beni Snous",
        "address": "Beni Snous, Tlemcen, Algeria",
        "employeeCount": 25,
        "verificationStatus": "PENDING",
        "hasWebsite": false
      }
    },
    {
      "type": "Feature",
      "geometry": {
        "type": "Point",
        "coordinates": [
          -1.3293,
          34.8875
        ]
      },
      "properties": {
        "id": "cmsv3q36001ayt9re8gblrlzv",
        "name": "Plastique Industrie Tlemcen (PIT)",
        "slug": "plastique-industrie-tlemcen-pit",
        "wilaya": "13",
        "wilayaName": "Tlemcen",
        "commune": "Hennaya",
        "address": "Hennaya, Tlemcen, Algeria",
        "employeeCount": 25,
        "verificationStatus": "PENDING",
        "hasWebsite": false
      }
    },
    {
      "type": "Feature",
      "geometry": {
        "type": "Point",
        "coordinates": [
          -1.3042,
          34.8647
        ]
      },
      "properties": {
        "id": "cmsv3q36101b0t9renj5plqbc",
        "name": "Electricité et Équipements (EEQ)",
        "slug": "electricite-et-equipements-eeq",
        "wilaya": "13",
        "wilayaName": "Tlemcen",
        "commune": "Tlemcen",
        "address": "Tlemcen, Tlemcen, Algeria",
        "employeeCount": 25,
        "verificationStatus": "PENDING",
        "hasWebsite": false
      }
    },
    {
      "type": "Feature",
      "geometry": {
        "type": "Point",
        "coordinates": [
          -1.329,
          34.8689
        ]
      },
      "properties": {
        "id": "cmsv3q36201b2t9re8r2sfd8z",
        "name": "Import Export Tlemcen (IET)",
        "slug": "import-export-tlemcen-iet",
        "wilaya": "13",
        "wilayaName": "Tlemcen",
        "commune": "Tlemcen",
        "address": "Tlemcen, Tlemcen, Algeria",
        "employeeCount": 25,
        "verificationStatus": "PENDING",
        "hasWebsite": false
      }
    },
    {
      "type": "Feature",
      "geometry": {
        "type": "Point",
        "coordinates": [
          -1.2939,
          34.905
        ]
      },
      "properties": {
        "id": "cmsv3q36401b4t9rehpyh9cg5",
        "name": "Société de Transport de l'Ouest (STO)",
        "slug": "societe-de-transport-de-louest-sto",
        "wilaya": "13",
        "wilayaName": "Tlemcen",
        "commune": "Tlemcen",
        "address": "Tlemcen, Tlemcen, Algeria",
        "employeeCount": 25,
        "verificationStatus": "PENDING",
        "hasWebsite": false
      }
    },
    {
      "type": "Feature",
      "geometry": {
        "type": "Point",
        "coordinates": [
          -1.297,
          34.9021
        ]
      },
      "properties": {
        "id": "cmsv3q36501b6t9reavapb89t",
        "name": "Imprimerie Moderne Tlemcen (IMT)",
        "slug": "imprimerie-moderne-tlemcen-imt",
        "wilaya": "13",
        "wilayaName": "Tlemcen",
        "commune": "Tlemcen",
        "address": "Tlemcen, Tlemcen, Algeria",
        "employeeCount": 25,
        "verificationStatus": "PENDING",
        "hasWebsite": false
      }
    },
    {
      "type": "Feature",
      "geometry": {
        "type": "Point",
        "coordinates": [
          -1.3296,
          34.8949
        ]
      },
      "properties": {
        "id": "cmsv3q36701b8t9re26ykzn4o",
        "name": "Station Service Tlemcen Nord (SSTN)",
        "slug": "station-service-tlemcen-nord-sstn",
        "wilaya": "13",
        "wilayaName": "Tlemcen",
        "commune": "Tlemcen",
        "address": "Tlemcen, Tlemcen, Algeria",
        "employeeCount": 25,
        "verificationStatus": "PENDING",
        "hasWebsite": false
      }
    },
    {
      "type": "Feature",
      "geometry": {
        "type": "Point",
        "coordinates": [
          -1.7759,
          35.2502
        ]
      },
      "properties": {
        "id": "cmsv3q36901bat9rep5zdxig3",
        "name": "Société des Eaux de Source de Nedroma (SESN)",
        "slug": "societe-des-eaux-de-source-de-nedroma-sesn",
        "wilaya": "13",
        "wilayaName": "Tlemcen",
        "commune": "Nedroma",
        "address": "Nedroma, Tlemcen, Algeria",
        "employeeCount": 25,
        "verificationStatus": "PENDING",
        "hasWebsite": false
      }
    },
    {
      "type": "Feature",
      "geometry": {
        "type": "Point",
        "coordinates": [
          -1.3409,
          34.864
        ]
      },
      "properties": {
        "id": "cmsv3q36a01bct9reiwbcnod6",
        "name": "Société de Promotion Immobilière Tlemcen (SPIT)",
        "slug": "societe-de-promotion-immobiliere-tlemcen-spit",
        "wilaya": "13",
        "wilayaName": "Tlemcen",
        "commune": "Tlemcen",
        "address": "Tlemcen, Tlemcen, Algeria",
        "employeeCount": 25,
        "verificationStatus": "PENDING",
        "hasWebsite": false
      }
    },
    {
      "type": "Feature",
      "geometry": {
        "type": "Point",
        "coordinates": [
          -1.3053,
          34.906
        ]
      },
      "properties": {
        "id": "cmsv3q36c01bet9re0zku0pzt",
        "name": "Ferme des Citrons de Mansoura (FCM)",
        "slug": "ferme-des-citrons-de-mansoura-fcm",
        "wilaya": "13",
        "wilayaName": "Tlemcen",
        "commune": "Mansoura",
        "address": "Mansoura, Tlemcen, Algeria",
        "employeeCount": 25,
        "verificationStatus": "PENDING",
        "hasWebsite": false
      }
    },
    {
      "type": "Feature",
      "geometry": {
        "type": "Point",
        "coordinates": [
          -1.3484,
          34.8952
        ]
      },
      "properties": {
        "id": "cmsv3q36d01bgt9reoy4qti8n",
        "name": "Laboratoire d'Analyses Médicales Tlemcen (LAMT)",
        "slug": "laboratoire-danalyses-medicales-tlemcen-lamt",
        "wilaya": "13",
        "wilayaName": "Tlemcen",
        "commune": "Tlemcen",
        "address": "Tlemcen, Tlemcen, Algeria",
        "employeeCount": 25,
        "verificationStatus": "PENDING",
        "hasWebsite": false
      }
    },
    {
      "type": "Feature",
      "geometry": {
        "type": "Point",
        "coordinates": [
          7.7969,
          36.896
        ]
      },
      "properties": {
        "id": "cmsv3q36n01bst9reod8zi89j",
        "name": "GALVA TUBE Annaba - Usine El Taref",
        "slug": "galva-tube-annaba-usine-el-taref",
        "wilaya": "46",
        "wilayaName": "El M'Ghair",
        "commune": "El Taref",
        "address": "El Taref, Wilaya 46, Algeria",
        "employeeCount": 75,
        "verificationStatus": "PENDING",
        "hasWebsite": true
      }
    },
    {
      "type": "Feature",
      "geometry": {
        "type": "Point",
        "coordinates": [
          -3.0033,
          33.0816
        ]
      },
      "properties": {
        "id": "cmsv3q37901cmt9revgvf3wx9",
        "name": "Exploitation Agricole Les Citronniers d'El Taref",
        "slug": "exploitation-agricole-les-citronniers-del-taref",
        "wilaya": "46",
        "wilayaName": "El M'Ghair",
        "commune": "El Aioun",
        "address": "El Aioun, Wilaya 46, Algeria",
        "employeeCount": 75,
        "verificationStatus": "PENDING",
        "hasWebsite": false
      }
    },
    {
      "type": "Feature",
      "geometry": {
        "type": "Point",
        "coordinates": [
          -2.892,
          33.4693
        ]
      },
      "properties": {
        "id": "cmsv3q37f01cut9re7u2jwwjg",
        "name": "Huilerie Moderne d'El Taref",
        "slug": "huilerie-moderne-del-taref",
        "wilaya": "46",
        "wilayaName": "El M'Ghair",
        "commune": "Ain El Assel",
        "address": "Ain El Assel, Wilaya 46, Algeria",
        "employeeCount": 25,
        "verificationStatus": "PENDING",
        "hasWebsite": false
      }
    },
    {
      "type": "Feature",
      "geometry": {
        "type": "Point",
        "coordinates": [
          3.6778,
          32.4897
        ]
      },
      "properties": {
        "id": "cmsv3q37k01d0t9rebhoc3bq0",
        "name": "SAIDAL GHARDAÏA - Unité de Production Pharmaceutique",
        "slug": "saidal-ghardaia-unite-de-production-pharmaceutique",
        "wilaya": "47",
        "wilayaName": "El Meniaa",
        "commune": "Ghardaïa",
        "address": "Ghardaïa, Ghardaïa, Algeria",
        "employeeCount": 25,
        "verificationStatus": "PENDING",
        "hasWebsite": true
      }
    },
    {
      "type": "Feature",
      "geometry": {
        "type": "Point",
        "coordinates": [
          3.6483,
          32.4873
        ]
      },
      "properties": {
        "id": "cmsv3q37l01d2t9rea8sjtroc",
        "name": "SARL PHARMAGHAR",
        "slug": "sarl-pharmaghar",
        "wilaya": "47",
        "wilayaName": "El Meniaa",
        "commune": "Ghardaïa",
        "address": "Ghardaïa, Ghardaïa, Algeria",
        "employeeCount": 25,
        "verificationStatus": "PENDING",
        "hasWebsite": false
      }
    },
    {
      "type": "Feature",
      "geometry": {
        "type": "Point",
        "coordinates": [
          3.6962,
          32.4836
        ]
      },
      "properties": {
        "id": "cmsv3q37m01d4t9reya3s9617",
        "name": "COMPLEXE DATTIER GHARDAÏA (CDG)",
        "slug": "complexe-dattier-ghardaia-cdg",
        "wilaya": "47",
        "wilayaName": "El Meniaa",
        "commune": "Ghardaïa",
        "address": "Ghardaïa, Ghardaïa, Algeria",
        "employeeCount": 25,
        "verificationStatus": "PENDING",
        "hasWebsite": false
      }
    },
    {
      "type": "Feature",
      "geometry": {
        "type": "Point",
        "coordinates": [
          3.6516,
          32.4973
        ]
      },
      "properties": {
        "id": "cmsv3q37o01d6t9reuidl1v3e",
        "name": "COOPÉRATIVE PHŒNICULTURE OASIS M'ZAB",
        "slug": "cooperative-phniculture-oasis-mzab",
        "wilaya": "47",
        "wilayaName": "El Meniaa",
        "commune": "Ghardaïa",
        "address": "Ghardaïa, Ghardaïa, Algeria",
        "employeeCount": 25,
        "verificationStatus": "PENDING",
        "hasWebsite": false
      }
    },
    {
      "type": "Feature",
      "geometry": {
        "type": "Point",
        "coordinates": [
          3.6799,
          32.4997
        ]
      },
      "properties": {
        "id": "cmsv3q37p01d8t9reabdnzmxy",
        "name": "SARL Tapisserie M'Zabite Artisanale (TMZA)",
        "slug": "sarl-tapisserie-mzabite-artisanale-tmza",
        "wilaya": "47",
        "wilayaName": "El Meniaa",
        "commune": "Ghardaïa",
        "address": "Ghardaïa, Ghardaïa, Algeria",
        "employeeCount": 25,
        "verificationStatus": "PENDING",
        "hasWebsite": false
      }
    },
    {
      "type": "Feature",
      "geometry": {
        "type": "Point",
        "coordinates": [
          3.651,
          32.4964
        ]
      },
      "properties": {
        "id": "cmsv3q37r01dat9regxr6gyg8",
        "name": "SARL BTP SUD CONSTRUCTION GHARDAÏA",
        "slug": "sarl-btp-sud-construction-ghardaia",
        "wilaya": "47",
        "wilayaName": "El Meniaa",
        "commune": "Ghardaïa",
        "address": "Ghardaïa, Ghardaïa, Algeria",
        "employeeCount": 25,
        "verificationStatus": "PENDING",
        "hasWebsite": false
      }
    },
    {
      "type": "Feature",
      "geometry": {
        "type": "Point",
        "coordinates": [
          3.7571,
          32.589
        ]
      },
      "properties": {
        "id": "cmsv3q37s01dct9rekbqy0mzc",
        "name": "SARL Cimenterie GHARDAÏA (SCG)",
        "slug": "sarl-cimenterie-ghardaia-scg",
        "wilaya": "47",
        "wilayaName": "El Meniaa",
        "commune": "Berriane",
        "address": "Berriane, Ghardaïa, Algeria",
        "employeeCount": 25,
        "verificationStatus": "PENDING",
        "hasWebsite": false
      }
    },
    {
      "type": "Feature",
      "geometry": {
        "type": "Point",
        "coordinates": [
          3.6376,
          32.5031
        ]
      },
      "properties": {
        "id": "cmsv3q37u01det9re3flmdm0c",
        "name": "AGENCE M'ZAB TOURS",
        "slug": "agence-mzab-tours",
        "wilaya": "47",
        "wilayaName": "El Meniaa",
        "commune": "Ghardaïa",
        "address": "Ghardaïa, Ghardaïa, Algeria",
        "employeeCount": 25,
        "verificationStatus": "PENDING",
        "hasWebsite": false
      }
    },
    {
      "type": "Feature",
      "geometry": {
        "type": "Point",
        "coordinates": [
          3.6883,
          32.5052
        ]
      },
      "properties": {
        "id": "cmsv3q37v01dgt9reqqq7yl2j",
        "name": "HÔTEL VALLÉE M'ZAB",
        "slug": "hotel-vallee-mzab",
        "wilaya": "47",
        "wilayaName": "El Meniaa",
        "commune": "Ghardaïa",
        "address": "Ghardaïa, Ghardaïa, Algeria",
        "employeeCount": 25,
        "verificationStatus": "PENDING",
        "hasWebsite": false
      }
    },
    {
      "type": "Feature",
      "geometry": {
        "type": "Point",
        "coordinates": [
          3.6356,
          32.4703
        ]
      },
      "properties": {
        "id": "cmsv3q37x01dit9recot0h1gc",
        "name": "SARL COMMERCE GÉNÉRAL GHARDAÏA (CGG)",
        "slug": "sarl-commerce-general-ghardaia-cgg",
        "wilaya": "47",
        "wilayaName": "El Meniaa",
        "commune": "Ghardaïa",
        "address": "Ghardaïa, Ghardaïa, Algeria",
        "employeeCount": 25,
        "verificationStatus": "PENDING",
        "hasWebsite": false
      }
    },
    {
      "type": "Feature",
      "geometry": {
        "type": "Point",
        "coordinates": [
          3.6464,
          32.4787
        ]
      },
      "properties": {
        "id": "cmsv3q37y01dkt9ref1kw7x0f",
        "name": "SARL ÉLEVAGE ET PRODUCTIONS SAHARIENNES (SEPS)",
        "slug": "sarl-elevage-et-productions-sahariennes-seps",
        "wilaya": "47",
        "wilayaName": "El Meniaa",
        "commune": "Guerrara",
        "address": "Guerrara, Ghardaïa, Algeria",
        "employeeCount": 25,
        "verificationStatus": "PENDING",
        "hasWebsite": false
      }
    },
    {
      "type": "Feature",
      "geometry": {
        "type": "Point",
        "coordinates": [
          3.6966,
          32.4668
        ]
      },
      "properties": {
        "id": "cmsv3q38001dmt9re0zzvh80k",
        "name": "BANQUE NATIONALE D'ALGÉRIE (BNA) Agence Ghardaïa",
        "slug": "banque-nationale-dalgerie-bna-agence-ghardaia",
        "wilaya": "47",
        "wilayaName": "El Meniaa",
        "commune": "Ghardaïa",
        "address": "Ghardaïa, Ghardaïa, Algeria",
        "employeeCount": 25,
        "verificationStatus": "PENDING",
        "hasWebsite": true
      }
    },
    {
      "type": "Feature",
      "geometry": {
        "type": "Point",
        "coordinates": [
          3.6954,
          32.4684
        ]
      },
      "properties": {
        "id": "cmsv3q38101dot9reluahcfo8",
        "name": "CPA BANQUE Agence Ghardaïa",
        "slug": "cpa-banque-agence-ghardaia",
        "wilaya": "47",
        "wilayaName": "El Meniaa",
        "commune": "Ghardaïa",
        "address": "Ghardaïa, Ghardaïa, Algeria",
        "employeeCount": 25,
        "verificationStatus": "PENDING",
        "hasWebsite": true
      }
    },
    {
      "type": "Feature",
      "geometry": {
        "type": "Point",
        "coordinates": [
          3.6602,
          32.4602
        ]
      },
      "properties": {
        "id": "cmsv3q38301dqt9revapuucrr",
        "name": "MOBILIS GHARDAÏA - Algérienne des Télécommunications Mobiles",
        "slug": "mobilis-ghardaia-algerienne-des-telecommunications-mobiles",
        "wilaya": "47",
        "wilayaName": "El Meniaa",
        "commune": "Ghardaïa",
        "address": "Ghardaïa, Ghardaïa, Algeria",
        "employeeCount": 25,
        "verificationStatus": "PENDING",
        "hasWebsite": true
      }
    },
    {
      "type": "Feature",
      "geometry": {
        "type": "Point",
        "coordinates": [
          3.673,
          32.4842
        ]
      },
      "properties": {
        "id": "cmsv3q38401dst9reoc95wj6s",
        "name": "ALGERIE TELECOM GHARDAÏA",
        "slug": "algerie-telecom-ghardaia",
        "wilaya": "47",
        "wilayaName": "El Meniaa",
        "commune": "Ghardaïa",
        "address": "Ghardaïa, Ghardaïa, Algeria",
        "employeeCount": 25,
        "verificationStatus": "PENDING",
        "hasWebsite": true
      }
    },
    {
      "type": "Feature",
      "geometry": {
        "type": "Point",
        "coordinates": [
          3.6401,
          32.5074
        ]
      },
      "properties": {
        "id": "cmsv3q38601dut9reljnvsylk",
        "name": "DJEEZY GHARDAÏA - Optimum Télécom Algérie",
        "slug": "djeezy-ghardaia-optimum-telecom-algerie",
        "wilaya": "47",
        "wilayaName": "El Meniaa",
        "commune": "Ghardaïa",
        "address": "Ghardaïa, Ghardaïa, Algeria",
        "employeeCount": 25,
        "verificationStatus": "PENDING",
        "hasWebsite": true
      }
    },
    {
      "type": "Feature",
      "geometry": {
        "type": "Point",
        "coordinates": [
          3.6683,
          32.4775
        ]
      },
      "properties": {
        "id": "cmsv3q38801dwt9reg330tc77",
        "name": "SONELGAZ GHARDAÏA - Électricité et Gaz d'Algérie",
        "slug": "sonelgaz-ghardaia-electricite-et-gaz-dalgerie",
        "wilaya": "47",
        "wilayaName": "El Meniaa",
        "commune": "Ghardaïa",
        "address": "Ghardaïa, Ghardaïa, Algeria",
        "employeeCount": 25,
        "verificationStatus": "PENDING",
        "hasWebsite": true
      }
    },
    {
      "type": "Feature",
      "geometry": {
        "type": "Point",
        "coordinates": [
          3.6784,
          32.4857
        ]
      },
      "properties": {
        "id": "cmsv3q38901dyt9renib4f1k2",
        "name": "POSTE ALGÉRIENNE GHARDAÏA",
        "slug": "poste-algerienne-ghardaia",
        "wilaya": "47",
        "wilayaName": "El Meniaa",
        "commune": "Ghardaïa",
        "address": "Ghardaïa, Ghardaïa, Algeria",
        "employeeCount": 25,
        "verificationStatus": "PENDING",
        "hasWebsite": true
      }
    },
    {
      "type": "Feature",
      "geometry": {
        "type": "Point",
        "coordinates": [
          3.6545,
          32.4847
        ]
      },
      "properties": {
        "id": "cmsv3q38a01e0t9reo9b0kmwf",
        "name": "SARL POTERIES ARTISANALES EL ATTEUF",
        "slug": "sarl-poteries-artisanales-el-atteuf",
        "wilaya": "47",
        "wilayaName": "El Meniaa",
        "commune": "El Atteuf",
        "address": "El Atteuf, Ghardaïa, Algeria",
        "employeeCount": 25,
        "verificationStatus": "PENDING",
        "hasWebsite": false
      }
    },
    {
      "type": "Feature",
      "geometry": {
        "type": "Point",
        "coordinates": [
          3.6393,
          32.4713
        ]
      },
      "properties": {
        "id": "cmsv3q38c01e2t9re5da295h4",
        "name": "COOPÉRATIVE TISSERANDS BENI ISGUEN",
        "slug": "cooperative-tisserands-beni-isguen",
        "wilaya": "47",
        "wilayaName": "El Meniaa",
        "commune": "Beni Isguen",
        "address": "Beni Isguen, Ghardaïa, Algeria",
        "employeeCount": 25,
        "verificationStatus": "PENDING",
        "hasWebsite": false
      }
    },
    {
      "type": "Feature",
      "geometry": {
        "type": "Point",
        "coordinates": [
          3.6823,
          32.4733
        ]
      },
      "properties": {
        "id": "cmsv3q38d01e4t9rebcbphqwp",
        "name": "SARL TRANSPORTS SAHARIENS GHARDAÏA (TSG)",
        "slug": "sarl-transports-sahariens-ghardaia-tsg",
        "wilaya": "47",
        "wilayaName": "El Meniaa",
        "commune": "Ghardaïa",
        "address": "Ghardaïa, Ghardaïa, Algeria",
        "employeeCount": 25,
        "verificationStatus": "PENDING",
        "hasWebsite": false
      }
    },
    {
      "type": "Feature",
      "geometry": {
        "type": "Point",
        "coordinates": [
          3.65,
          32.4912
        ]
      },
      "properties": {
        "id": "cmsv3q38f01e6t9re6jawdce4",
        "name": "YALIDINE EXPRESS GHARDAÏA",
        "slug": "yalidine-express-ghardaia",
        "wilaya": "47",
        "wilayaName": "El Meniaa",
        "commune": "Ghardaïa",
        "address": "Ghardaïa, Ghardaïa, Algeria",
        "employeeCount": 25,
        "verificationStatus": "PENDING",
        "hasWebsite": true
      }
    },
    {
      "type": "Feature",
      "geometry": {
        "type": "Point",
        "coordinates": [
          3.6978,
          32.4761
        ]
      },
      "properties": {
        "id": "cmsv3q38g01e8t9resh3t90ww",
        "name": "SARL FORAGE ET POMPES SAHARIENNES (FPS)",
        "slug": "sarl-forage-et-pompes-sahariennes-fps",
        "wilaya": "47",
        "wilayaName": "El Meniaa",
        "commune": "Zelfana",
        "address": "Zelfana, Ghardaïa, Algeria",
        "employeeCount": 25,
        "verificationStatus": "PENDING",
        "hasWebsite": false
      }
    },
    {
      "type": "Feature",
      "geometry": {
        "type": "Point",
        "coordinates": [
          3.696,
          32.4993
        ]
      },
      "properties": {
        "id": "cmsv3q38i01eat9retxldhhsc",
        "name": "CLINIQUE POLYVALENTE GHARDAÏA",
        "slug": "clinique-polyvalente-ghardaia",
        "wilaya": "47",
        "wilayaName": "El Meniaa",
        "commune": "Ghardaïa",
        "address": "Ghardaïa, Ghardaïa, Algeria",
        "employeeCount": 25,
        "verificationStatus": "PENDING",
        "hasWebsite": false
      }
    },
    {
      "type": "Feature",
      "geometry": {
        "type": "Point",
        "coordinates": [
          3.6621,
          32.4729
        ]
      },
      "properties": {
        "id": "cmsv3q38j01ect9re7xdh12dt",
        "name": "SARL FROID INDUSTRIEL SAHARIEN (FIS)",
        "slug": "sarl-froid-industriel-saharien-fis",
        "wilaya": "47",
        "wilayaName": "El Meniaa",
        "commune": "Ghardaïa",
        "address": "Ghardaïa, Ghardaïa, Algeria",
        "employeeCount": 25,
        "verificationStatus": "PENDING",
        "hasWebsite": false
      }
    },
    {
      "type": "Feature",
      "geometry": {
        "type": "Point",
        "coordinates": [
          3.696,
          32.464
        ]
      },
      "properties": {
        "id": "cmsv3q38l01eet9remp7cvbf7",
        "name": "SARL CUIRS ET ARTISANAT BERBÈRE (CAB)",
        "slug": "sarl-cuirs-et-artisanat-berbere-cab",
        "wilaya": "47",
        "wilayaName": "El Meniaa",
        "commune": "Ghardaïa",
        "address": "Ghardaïa, Ghardaïa, Algeria",
        "employeeCount": 25,
        "verificationStatus": "PENDING",
        "hasWebsite": false
      }
    },
    {
      "type": "Feature",
      "geometry": {
        "type": "Point",
        "coordinates": [
          0.8246,
          35.9174
        ]
      },
      "properties": {
        "id": "cmsv3q38n01egt9re6vtoklre",
        "name": "COMPLEXE DE TRANSFORMATION DE TOMATES DE RELIZANE (CTTR)",
        "slug": "complexe-de-transformation-de-tomates-de-relizane-cttr",
        "wilaya": "48",
        "wilayaName": "Ouled Djellal",
        "commune": "Relizane",
        "address": "Relizane, Relizane, Algeria",
        "employeeCount": 175,
        "verificationStatus": "PENDING",
        "hasWebsite": false
      }
    },
    {
      "type": "Feature",
      "geometry": {
        "type": "Point",
        "coordinates": [
          0.8883,
          35.8903
        ]
      },
      "properties": {
        "id": "cmsv3q38p01eit9reg73k47ub",
        "name": "MINOTERIE INDUSTRIELLE DE RELIZANE (MIR)",
        "slug": "minoterie-industrielle-de-relizane-mir",
        "wilaya": "48",
        "wilayaName": "Ouled Djellal",
        "commune": "Relizane",
        "address": "Relizane, Relizane, Algeria",
        "employeeCount": 75,
        "verificationStatus": "PENDING",
        "hasWebsite": false
      }
    },
    {
      "type": "Feature",
      "geometry": {
        "type": "Point",
        "coordinates": [
          0.8313,
          35.9058
        ]
      },
      "properties": {
        "id": "cmsv3q38q01ekt9re8t198nz2",
        "name": "SARL ELEVAGES AVICOLES DU CHELIFF (EAC)",
        "slug": "sarl-elevages-avicoles-du-cheliff-eac",
        "wilaya": "48",
        "wilayaName": "Ouled Djellal",
        "commune": "Oued Rhiou",
        "address": "Oued Rhiou, Relizane, Algeria",
        "employeeCount": 75,
        "verificationStatus": "PENDING",
        "hasWebsite": false
      }
    },
    {
      "type": "Feature",
      "geometry": {
        "type": "Point",
        "coordinates": [
          0.9716,
          35.9721
        ]
      },
      "properties": {
        "id": "cmsv3q38s01emt9rexmqbj0js",
        "name": "SOCIÉTÉ DES CIMENT ARTIFICIELS DE RELIZANE (SCIMAT)",
        "slug": "societe-des-ciment-artificiels-de-relizane-scimat",
        "wilaya": "48",
        "wilayaName": "Ouled Djellal",
        "commune": "Djidiouia",
        "address": "Djidiouia, Relizane, Algeria",
        "employeeCount": 375,
        "verificationStatus": "PENDING",
        "hasWebsite": true
      }
    },
    {
      "type": "Feature",
      "geometry": {
        "type": "Point",
        "coordinates": [
          0.8247,
          35.9237
        ]
      },
      "properties": {
        "id": "cmsv3q38t01eot9re7setl2tb",
        "name": "SARL AGRICULTURE OASIS RELIZANE (AOR)",
        "slug": "sarl-agriculture-oasis-relizane-aor",
        "wilaya": "48",
        "wilayaName": "Ouled Djellal",
        "commune": "Zemmoura",
        "address": "Zemmoura, Relizane, Algeria",
        "employeeCount": 25,
        "verificationStatus": "PENDING",
        "hasWebsite": false
      }
    },
    {
      "type": "Feature",
      "geometry": {
        "type": "Point",
        "coordinates": [
          0.8406,
          35.9261
        ]
      },
      "properties": {
        "id": "cmsv3q38v01eqt9rexv6dum9z",
        "name": "UNITÉ LAITIÈRE DE RELIZANE (ULR)",
        "slug": "unite-laitiere-de-relizane-ulr",
        "wilaya": "48",
        "wilayaName": "Ouled Djellal",
        "commune": "Relizane",
        "address": "Relizane, Relizane, Algeria",
        "employeeCount": 25,
        "verificationStatus": "PENDING",
        "hasWebsite": false
      }
    },
    {
      "type": "Feature",
      "geometry": {
        "type": "Point",
        "coordinates": [
          0.8253,
          35.8786
        ]
      },
      "properties": {
        "id": "cmsv3q38w01est9re4go83eqh",
        "name": "SARL TEXTILES MODERNES RELIZANE (TMR)",
        "slug": "sarl-textiles-modernes-relizane-tmr",
        "wilaya": "48",
        "wilayaName": "Ouled Djellal",
        "commune": "Relizane",
        "address": "Relizane, Relizane, Algeria",
        "employeeCount": 75,
        "verificationStatus": "PENDING",
        "hasWebsite": false
      }
    },
    {
      "type": "Feature",
      "geometry": {
        "type": "Point",
        "coordinates": [
          0.8304,
          35.9288
        ]
      },
      "properties": {
        "id": "cmsv3q38y01eut9req1kklzp5",
        "name": "SARL TRANSPORTS LOGISTIQUE RELIZANE (TLR)",
        "slug": "sarl-transports-logistique-relizane-tlr",
        "wilaya": "48",
        "wilayaName": "Ouled Djellal",
        "commune": "Relizane",
        "address": "Relizane, Relizane, Algeria",
        "employeeCount": 25,
        "verificationStatus": "PENDING",
        "hasWebsite": false
      }
    },
    {
      "type": "Feature",
      "geometry": {
        "type": "Point",
        "coordinates": [
          0.86,
          35.8834
        ]
      },
      "properties": {
        "id": "cmsv3q38z01ewt9rei07fs2l4",
        "name": "SARL MATERIAUX DE CONSTRUCTION RELIZANE (MCR)",
        "slug": "sarl-materiaux-de-construction-relizane-mcr",
        "wilaya": "48",
        "wilayaName": "Ouled Djellal",
        "commune": "Relizane",
        "address": "Relizane, Relizane, Algeria",
        "employeeCount": 25,
        "verificationStatus": "PENDING",
        "hasWebsite": false
      }
    },
    {
      "type": "Feature",
      "geometry": {
        "type": "Point",
        "coordinates": [
          0.8502,
          35.9242
        ]
      },
      "properties": {
        "id": "cmsv3q39101eyt9rebef9ehtq",
        "name": "COOPÉRATIVE FRUITIÈRE DE ZEMMOURA (CFZ)",
        "slug": "cooperative-fruitiere-de-zemmoura-cfz",
        "wilaya": "48",
        "wilayaName": "Ouled Djellal",
        "commune": "Zemmoura",
        "address": "Zemmoura, Relizane, Algeria",
        "employeeCount": 25,
        "verificationStatus": "PENDING",
        "hasWebsite": false
      }
    },
    {
      "type": "Feature",
      "geometry": {
        "type": "Point",
        "coordinates": [
          0.8511,
          35.8915
        ]
      },
      "properties": {
        "id": "cmsv3q39201f0t9re8mxqm0uv",
        "name": "SARL ELECTROMECANIQUE RELIZANE (EMR)",
        "slug": "sarl-electromecanique-relizane-emr",
        "wilaya": "48",
        "wilayaName": "Ouled Djellal",
        "commune": "Relizane",
        "address": "Relizane, Relizane, Algeria",
        "employeeCount": 25,
        "verificationStatus": "PENDING",
        "hasWebsite": false
      }
    },
    {
      "type": "Feature",
      "geometry": {
        "type": "Point",
        "coordinates": [
          0.9727,
          35.9666
        ]
      },
      "properties": {
        "id": "cmsv3q39601f4t9reqvc1ahcr",
        "name": "SARL PRODUITS CHIMIQUES RELIZANE (PCR)",
        "slug": "sarl-produits-chimiques-relizane-pcr",
        "wilaya": "48",
        "wilayaName": "Ouled Djellal",
        "commune": "Djidiouia",
        "address": "Djidiouia, Relizane, Algeria",
        "employeeCount": 25,
        "verificationStatus": "PENDING",
        "hasWebsite": false
      }
    },
    {
      "type": "Feature",
      "geometry": {
        "type": "Point",
        "coordinates": [
          0.8308,
          35.9219
        ]
      },
      "properties": {
        "id": "cmsv3q39701f6t9re47yif3ek",
        "name": "SARL ELEVAGE BOVIN DU CHELIFF (EBC)",
        "slug": "sarl-elevage-bovin-du-cheliff-ebc",
        "wilaya": "48",
        "wilayaName": "Ouled Djellal",
        "commune": "Meridja Kelta",
        "address": "Meridja Kelta, Relizane, Algeria",
        "employeeCount": 25,
        "verificationStatus": "PENDING",
        "hasWebsite": false
      }
    },
    {
      "type": "Feature",
      "geometry": {
        "type": "Point",
        "coordinates": [
          0.8616,
          35.8847
        ]
      },
      "properties": {
        "id": "cmsv3q39801f8t9rehurc1jg6",
        "name": "SARL CERAMIQUES ET CARRELAGE RELIZANE (CCR)",
        "slug": "sarl-ceramiques-et-carrelage-relizane-ccr",
        "wilaya": "48",
        "wilayaName": "Ouled Djellal",
        "commune": "Relizane",
        "address": "Relizane, Relizane, Algeria",
        "employeeCount": 75,
        "verificationStatus": "PENDING",
        "hasWebsite": false
      }
    },
    {
      "type": "Feature",
      "geometry": {
        "type": "Point",
        "coordinates": [
          0.8687,
          35.8949
        ]
      },
      "properties": {
        "id": "cmsv3q39a01fat9re5ajytyhn",
        "name": "SARL COMMERCE GENERAL RELIZANE (CGR)",
        "slug": "sarl-commerce-general-relizane-cgr",
        "wilaya": "48",
        "wilayaName": "Ouled Djellal",
        "commune": "Relizane",
        "address": "Relizane, Relizane, Algeria",
        "employeeCount": 25,
        "verificationStatus": "PENDING",
        "hasWebsite": false
      }
    },
    {
      "type": "Feature",
      "geometry": {
        "type": "Point",
        "coordinates": [
          1.0016,
          35.872
        ]
      },
      "properties": {
        "id": "cmsv3q39b01fct9re9strz3kh",
        "name": "SARL OLÉICULTURE RELIZANE (OR)",
        "slug": "sarl-oleiculture-relizane-or",
        "wilaya": "48",
        "wilayaName": "Ouled Djellal",
        "commune": "Kalaa",
        "address": "Kalaa, Relizane, Algeria",
        "employeeCount": 25,
        "verificationStatus": "PENDING",
        "hasWebsite": false
      }
    },
    {
      "type": "Feature",
      "geometry": {
        "type": "Point",
        "coordinates": [
          0.8242,
          35.8807
        ]
      },
      "properties": {
        "id": "cmsv3q39d01fet9re6xm9iq8r",
        "name": "ENTREPRISE TRAVAUX HYDRAULIQUES RELIZANE (ETHR)",
        "slug": "entreprise-travaux-hydrauliques-relizane-ethr",
        "wilaya": "48",
        "wilayaName": "Ouled Djellal",
        "commune": "Relizane",
        "address": "Relizane, Relizane, Algeria",
        "employeeCount": 25,
        "verificationStatus": "PENDING",
        "hasWebsite": false
      }
    },
    {
      "type": "Feature",
      "geometry": {
        "type": "Point",
        "coordinates": [
          1.0064,
          35.9308
        ]
      },
      "properties": {
        "id": "cmsv3q39f01fgt9re7rcezg4y",
        "name": "SARL AGROFOURRAGE RELIZANE (AFR)",
        "slug": "sarl-agrofourrage-relizane-afr",
        "wilaya": "48",
        "wilayaName": "Ouled Djellal",
        "commune": "Djidiouia",
        "address": "Djidiouia, Relizane, Algeria",
        "employeeCount": 25,
        "verificationStatus": "PENDING",
        "hasWebsite": false
      }
    },
    {
      "type": "Feature",
      "geometry": {
        "type": "Point",
        "coordinates": [
          0.8487,
          35.8863
        ]
      },
      "properties": {
        "id": "cmsv3q39g01fit9re6pswihlf",
        "name": "SARL FERRONNERIE ET SERRURERIE RELIZANE (FSR)",
        "slug": "sarl-ferronnerie-et-serrurerie-relizane-fsr",
        "wilaya": "48",
        "wilayaName": "Ouled Djellal",
        "commune": "Relizane",
        "address": "Relizane, Relizane, Algeria",
        "employeeCount": 25,
        "verificationStatus": "PENDING",
        "hasWebsite": false
      }
    },
    {
      "type": "Feature",
      "geometry": {
        "type": "Point",
        "coordinates": [
          0.8495,
          35.9171
        ]
      },
      "properties": {
        "id": "cmsv3q39i01fkt9re7bpqeqmb",
        "name": "SARL PLASTIQUES INDUSTRIELS RELIZANE (PIR)",
        "slug": "sarl-plastiques-industriels-relizane-pir",
        "wilaya": "48",
        "wilayaName": "Ouled Djellal",
        "commune": "Hamri",
        "address": "Hamri, Relizane, Algeria",
        "employeeCount": 25,
        "verificationStatus": "PENDING",
        "hasWebsite": false
      }
    },
    {
      "type": "Feature",
      "geometry": {
        "type": "Point",
        "coordinates": [
          0.8584,
          35.883
        ]
      },
      "properties": {
        "id": "cmsv3q39j01fmt9reold45xrp",
        "name": "SARL SERVICES INFORMATIQUES RELIZANE (SIR)",
        "slug": "sarl-services-informatiques-relizane-sir",
        "wilaya": "48",
        "wilayaName": "Ouled Djellal",
        "commune": "Relizane",
        "address": "Relizane, Relizane, Algeria",
        "employeeCount": 25,
        "verificationStatus": "PENDING",
        "hasWebsite": false
      }
    },
    {
      "type": "Feature",
      "geometry": {
        "type": "Point",
        "coordinates": [
          0.8253,
          35.9247
        ]
      },
      "properties": {
        "id": "cmsv3q39l01fot9relmalkcvp",
        "name": "UNITÉ D'ABATTAGE VOLAILLE RELIZANE (UAVR)",
        "slug": "unite-dabattage-volaille-relizane-uavr",
        "wilaya": "48",
        "wilayaName": "Ouled Djellal",
        "commune": "Oued Rhiou",
        "address": "Oued Rhiou, Relizane, Algeria",
        "employeeCount": 75,
        "verificationStatus": "PENDING",
        "hasWebsite": false
      }
    },
    {
      "type": "Feature",
      "geometry": {
        "type": "Point",
        "coordinates": [
          0.8611,
          35.8791
        ]
      },
      "properties": {
        "id": "cmsv3q39m01fqt9reg5oro13w",
        "name": "SARL PLOMBERIE CHAUFFAGE CLIMATISATION RELIZANE (PCCR)",
        "slug": "sarl-plomberie-chauffage-climatisation-relizane-pccr",
        "wilaya": "48",
        "wilayaName": "Ouled Djellal",
        "commune": "Relizane",
        "address": "Relizane, Relizane, Algeria",
        "employeeCount": 25,
        "verificationStatus": "PENDING",
        "hasWebsite": false
      }
    },
    {
      "type": "Feature",
      "geometry": {
        "type": "Point",
        "coordinates": [
          0.8529,
          35.9282
        ]
      },
      "properties": {
        "id": "cmsv3q39o01fst9req14fxfkb",
        "name": "COOPÉRATIVE CÉRÉALIÈRE DE MERIDJA KELTA (CCMK)",
        "slug": "cooperative-cerealiere-de-meridja-kelta-ccmk",
        "wilaya": "48",
        "wilayaName": "Ouled Djellal",
        "commune": "Meridja Kelta",
        "address": "Meridja Kelta, Relizane, Algeria",
        "employeeCount": 25,
        "verificationStatus": "PENDING",
        "hasWebsite": false
      }
    },
    {
      "type": "Feature",
      "geometry": {
        "type": "Point",
        "coordinates": [
          -1.6391,
          30.5159
        ]
      },
      "properties": {
        "id": "cmsv3q3at01h8t9recxbzo3by",
        "name": "ECOLE PRIVÉE AL IMAM BOU SAÂDA (EPI-BS)",
        "slug": "ecole-privee-al-imam-bou-saada-epi-bs",
        "wilaya": "50",
        "wilayaName": "Béni Abbès",
        "commune": "Bou Saâda",
        "address": "Bou Saâda, Wilaya 50, Algeria",
        "employeeCount": 25,
        "verificationStatus": "PENDING",
        "hasWebsite": false
      }
    },
    {
      "type": "Feature",
      "geometry": {
        "type": "Point",
        "coordinates": [
          5.2694,
          35.1857
        ]
      },
      "properties": {
        "id": "cmsvmxjsy0001p5du3mbbohus",
        "name": "COMPLEXE D'ÉLEVAGE OVIN OULED DJELLAL (CEOD)",
        "slug": "complexe-delevage-ovin-ouled-djellal-ceod",
        "wilaya": "51",
        "wilayaName": "Timimoun",
        "commune": "Ouled Djellal",
        "address": "Ouled Djellal, Algérie",
        "employeeCount": null,
        "verificationStatus": "VERIFIED",
        "hasWebsite": false
      }
    },
    {
      "type": "Feature",
      "geometry": {
        "type": "Point",
        "coordinates": [
          5.3051,
          35.1828
        ]
      },
      "properties": {
        "id": "cmsvmydkl0003p5g63mp0jl6m",
        "name": "SARL CÉRÉALES ET GRANS DU HODNA (CGH)",
        "slug": "sarl-cereales-et-grans-du-hodna-cgh",
        "wilaya": "51",
        "wilayaName": "Timimoun",
        "commune": "Ouled Djellal",
        "address": "Ouled Djellal, Algérie",
        "employeeCount": 45,
        "verificationStatus": "VERIFIED",
        "hasWebsite": false
      }
    },
    {
      "type": "Feature",
      "geometry": {
        "type": "Point",
        "coordinates": [
          5.3009,
          35.1921
        ]
      },
      "properties": {
        "id": "cmsvmydkm0005p5g6ls3o6qe7",
        "name": "COOPÉRATIVE DES ÉLEVEURS D'AIN NAGA (CEAN)",
        "slug": "cooperative-des-eleveurs-dain-naga-cean",
        "wilaya": "51",
        "wilayaName": "Timimoun",
        "commune": "Ouled Djellal",
        "address": "Ouled Djellal, Algérie",
        "employeeCount": 35,
        "verificationStatus": "VERIFIED",
        "hasWebsite": false
      }
    },
    {
      "type": "Feature",
      "geometry": {
        "type": "Point",
        "coordinates": [
          5.3227,
          35.206
        ]
      },
      "properties": {
        "id": "cmsvmydkn0007p5g62owgnllf",
        "name": "SARL COMMERCE GÉNÉRAL OULED DJELLAL (CGODJ)",
        "slug": "sarl-commerce-general-ouled-djellal-cgodj",
        "wilaya": "51",
        "wilayaName": "Timimoun",
        "commune": "Ouled Djellal",
        "address": "Ouled Djellal, Algérie",
        "employeeCount": 28,
        "verificationStatus": "VERIFIED",
        "hasWebsite": false
      }
    },
    {
      "type": "Feature",
      "geometry": {
        "type": "Point",
        "coordinates": [
          5.287,
          35.187
        ]
      },
      "properties": {
        "id": "cmsvmydkp0009p5g6h4z4mjt0",
        "name": "UNITÉ LAITIÈRE D'OULED DJELLAL (ULODJ)",
        "slug": "unite-laitiere-douled-djellal-ulodj",
        "wilaya": "51",
        "wilayaName": "Timimoun",
        "commune": "Ouled Djellal",
        "address": "Ouled Djellal, Algérie",
        "employeeCount": 85,
        "verificationStatus": "VERIFIED",
        "hasWebsite": false
      }
    },
    {
      "type": "Feature",
      "geometry": {
        "type": "Point",
        "coordinates": [
          5.318,
          35.2091
        ]
      },
      "properties": {
        "id": "cmsvmydkq000bp5g6kcpmlos9",
        "name": "SARL TRANSPORTS SAHARIENS OULED DJELLAL (TSODJ)",
        "slug": "sarl-transports-sahariens-ouled-djellal-tsodj",
        "wilaya": "51",
        "wilayaName": "Timimoun",
        "commune": "Ouled Djellal",
        "address": "Ouled Djellal, Algérie",
        "employeeCount": 32,
        "verificationStatus": "VERIFIED",
        "hasWebsite": false
      }
    },
    {
      "type": "Feature",
      "geometry": {
        "type": "Point",
        "coordinates": [
          5.2956,
          35.2035
        ]
      },
      "properties": {
        "id": "cmsvmydks000dp5g6733zq8o2",
        "name": "ENTREPRISE DE TRAVAUX D'OULED DJELLAL (ETODJ)",
        "slug": "entreprise-de-travaux-douled-djellal-etodj",
        "wilaya": "51",
        "wilayaName": "Timimoun",
        "commune": "Ouled Djellal",
        "address": "Ouled Djellal, Algérie",
        "employeeCount": 65,
        "verificationStatus": "VERIFIED",
        "hasWebsite": false
      }
    },
    {
      "type": "Feature",
      "geometry": {
        "type": "Point",
        "coordinates": [
          5.2908,
          35.1819
        ]
      },
      "properties": {
        "id": "cmsvmydkt000fp5g66vtxmfz3",
        "name": "MINOTERIE MODERNE D'OULED DJELLAL (MMODJ)",
        "slug": "minoterie-moderne-douled-djellal-mmodj",
        "wilaya": "51",
        "wilayaName": "Timimoun",
        "commune": "Ouled Djellal",
        "address": "Ouled Djellal, Algérie",
        "employeeCount": 22,
        "verificationStatus": "VERIFIED",
        "hasWebsite": false
      }
    },
    {
      "type": "Feature",
      "geometry": {
        "type": "Point",
        "coordinates": [
          5.2909,
          35.206
        ]
      },
      "properties": {
        "id": "cmsvmydku000hp5g6umvoeggp",
        "name": "SARL AGRO-SERVICES ZIBANS (ASZ)",
        "slug": "sarl-agro-services-zibans-asz",
        "wilaya": "51",
        "wilayaName": "Timimoun",
        "commune": "Ouled Djellal",
        "address": "Ouled Djellal, Algérie",
        "employeeCount": 18,
        "verificationStatus": "VERIFIED",
        "hasWebsite": false
      }
    },
    {
      "type": "Feature",
      "geometry": {
        "type": "Point",
        "coordinates": [
          5.3139,
          35.2219
        ]
      },
      "properties": {
        "id": "cmsvmydkv000jp5g63vowtx6m",
        "name": "ALIMENTATION DU BÉTLIÈRE OULED DJELLAL (ABODJ)",
        "slug": "alimentation-du-betliere-ouled-djellal-abodj",
        "wilaya": "51",
        "wilayaName": "Timimoun",
        "commune": "Ouled Djellal",
        "address": "Ouled Djellal, Algérie",
        "employeeCount": 25,
        "verificationStatus": "VERIFIED",
        "hasWebsite": false
      }
    },
    {
      "type": "Feature",
      "geometry": {
        "type": "Point",
        "coordinates": [
          5.3082,
          35.196
        ]
      },
      "properties": {
        "id": "cmsvmydkw000lp5g6u8hloy92",
        "name": "SARL MATÉRIAUX DE CONSTRUCTION HODNA (MCH)",
        "slug": "sarl-materiaux-de-construction-hodna-mch",
        "wilaya": "51",
        "wilayaName": "Timimoun",
        "commune": "Ouled Djellal",
        "address": "Ouled Djellal, Algérie",
        "employeeCount": 20,
        "verificationStatus": "VERIFIED",
        "hasWebsite": false
      }
    },
    {
      "type": "Feature",
      "geometry": {
        "type": "Point",
        "coordinates": [
          5.2906,
          35.2188
        ]
      },
      "properties": {
        "id": "cmsvmydkx000np5g650q668j8",
        "name": "FERME AVICOLE DE SIDI MAKHLOUF (FASM)",
        "slug": "ferme-avicole-de-sidi-makhlouf-fasm",
        "wilaya": "51",
        "wilayaName": "Timimoun",
        "commune": "Ouled Djellal",
        "address": "Ouled Djellal, Algérie",
        "employeeCount": 15,
        "verificationStatus": "VERIFIED",
        "hasWebsite": false
      }
    },
    {
      "type": "Feature",
      "geometry": {
        "type": "Point",
        "coordinates": [
          5.2776,
          35.1916
        ]
      },
      "properties": {
        "id": "cmsvmydky000pp5g6f3tcsi1x",
        "name": "SARL PLOMBERIE ÉLECTRICITÉ GÉNÉRALE (PEG)",
        "slug": "sarl-plomberie-electricite-generale-peg",
        "wilaya": "51",
        "wilayaName": "Timimoun",
        "commune": "Ouled Djellal",
        "address": "Ouled Djellal, Algérie",
        "employeeCount": 14,
        "verificationStatus": "VERIFIED",
        "hasWebsite": false
      }
    },
    {
      "type": "Feature",
      "geometry": {
        "type": "Point",
        "coordinates": [
          5.3314,
          35.1985
        ]
      },
      "properties": {
        "id": "cmsvmydkz000rp5g60wy0jvvj",
        "name": "COOPÉRATIVE APICOLE DES HAUTS PLATEAUX (CAHP)",
        "slug": "cooperative-apicole-des-hauts-plateaux-cahp",
        "wilaya": "51",
        "wilayaName": "Timimoun",
        "commune": "Ouled Djellal",
        "address": "Ouled Djellal, Algérie",
        "employeeCount": 12,
        "verificationStatus": "VERIFIED",
        "hasWebsite": false
      }
    },
    {
      "type": "Feature",
      "geometry": {
        "type": "Point",
        "coordinates": [
          5.3257,
          35.2216
        ]
      },
      "properties": {
        "id": "cmsvmydl1000tp5g6ogtvzyeg",
        "name": "SARL MENUISERIE ALUMINIUM OULED DJELLAL (MAODJ)",
        "slug": "sarl-menuiserie-aluminium-ouled-djellal-maodj",
        "wilaya": "51",
        "wilayaName": "Timimoun",
        "commune": "Ouled Djellal",
        "address": "Ouled Djellal, Algérie",
        "employeeCount": 16,
        "verificationStatus": "VERIFIED",
        "hasWebsite": false
      }
    },
    {
      "type": "Feature",
      "geometry": {
        "type": "Point",
        "coordinates": [
          5.3066,
          35.1819
        ]
      },
      "properties": {
        "id": "cmsvmydl1000vp5g69gs66kd6",
        "name": "SARL COMMERCE DE DATTES ET PRODUITS SAHARIENS (CDPS)",
        "slug": "sarl-commerce-de-dattes-et-produits-sahariens-cdps",
        "wilaya": "51",
        "wilayaName": "Timimoun",
        "commune": "Ouled Djellal",
        "address": "Ouled Djellal, Algérie",
        "employeeCount": 10,
        "verificationStatus": "VERIFIED",
        "hasWebsite": false
      }
    },
    {
      "type": "Feature",
      "geometry": {
        "type": "Point",
        "coordinates": [
          5.3087,
          35.221
        ]
      },
      "properties": {
        "id": "cmsvmydl2000xp5g6cj51o6fa",
        "name": "CENTRE VÉTÉRINAIRE D'OULED DJELLAL (CVODJ)",
        "slug": "centre-veterinaire-douled-djellal-cvodj",
        "wilaya": "51",
        "wilayaName": "Timimoun",
        "commune": "Ouled Djellal",
        "address": "Ouled Djellal, Algérie",
        "employeeCount": 8,
        "verificationStatus": "VERIFIED",
        "hasWebsite": false
      }
    },
    {
      "type": "Feature",
      "geometry": {
        "type": "Point",
        "coordinates": [
          5.316,
          35.1946
        ]
      },
      "properties": {
        "id": "cmsvmydl3000zp5g6ytq2tiej",
        "name": "SARL PEINTURE ET DÉCORATION OULED DJELLAJ (PDODJ)",
        "slug": "sarl-peinture-et-decoration-ouled-djellaj-pdodj",
        "wilaya": "51",
        "wilayaName": "Timimoun",
        "commune": "Ouled Djellal",
        "address": "Ouled Djellal, Algérie",
        "employeeCount": 12,
        "verificationStatus": "VERIFIED",
        "hasWebsite": false
      }
    },
    {
      "type": "Feature",
      "geometry": {
        "type": "Point",
        "coordinates": [
          5.3208,
          35.2014
        ]
      },
      "properties": {
        "id": "cmsvmydl40011p5g613ziefk5",
        "name": "SARL SERVICES INFORMATIQUES OULED DJELLAL (SIODJ)",
        "slug": "sarl-services-informatiques-ouled-djellal-siodj",
        "wilaya": "51",
        "wilayaName": "Timimoun",
        "commune": "Ouled Djellal",
        "address": "Ouled Djellal, Algérie",
        "employeeCount": 9,
        "verificationStatus": "VERIFIED",
        "hasWebsite": false
      }
    },
    {
      "type": "Feature",
      "geometry": {
        "type": "Point",
        "coordinates": [
          5.306,
          35.2039
        ]
      },
      "properties": {
        "id": "cmsvmydl50013p5g60mgjudw4",
        "name": "HUILERIE TRADITIONNELLE DE DJEMORAH (HTD)",
        "slug": "huilerie-traditionnelle-de-djemorah-htd",
        "wilaya": "51",
        "wilayaName": "Timimoun",
        "commune": "Ouled Djellal",
        "address": "Ouled Djellal, Algérie",
        "employeeCount": 11,
        "verificationStatus": "VERIFIED",
        "hasWebsite": false
      }
    },
    {
      "type": "Feature",
      "geometry": {
        "type": "Point",
        "coordinates": [
          5.3185,
          35.1769
        ]
      },
      "properties": {
        "id": "cmsvmydl60015p5g6zja1end9",
        "name": "SARL QUINCAILLERIE INDUSTRIELLE OULED DJELLAL (QIODJ)",
        "slug": "sarl-quincaillerie-industrielle-ouled-djellal-qiodj",
        "wilaya": "51",
        "wilayaName": "Timimoun",
        "commune": "Ouled Djellal",
        "address": "Ouled Djellal, Algérie",
        "employeeCount": 13,
        "verificationStatus": "VERIFIED",
        "hasWebsite": false
      }
    },
    {
      "type": "Feature",
      "geometry": {
        "type": "Point",
        "coordinates": [
          5.2676,
          35.1746
        ]
      },
      "properties": {
        "id": "cmsvmydl80017p5g6tf5u0nsp",
        "name": "ECOLE PRIVÉE EL FALAH OULED DJELLAL (EPF-ODJ)",
        "slug": "ecole-privee-el-falah-ouled-djellal-epf-odj",
        "wilaya": "51",
        "wilayaName": "Timimoun",
        "commune": "Ouled Djellal",
        "address": "Ouled Djellal, Algérie",
        "employeeCount": 35,
        "verificationStatus": "VERIFIED",
        "hasWebsite": false
      }
    },
    {
      "type": "Feature",
      "geometry": {
        "type": "Point",
        "coordinates": [
          5.2727,
          35.2196
        ]
      },
      "properties": {
        "id": "cmsvmydl80019p5g6k829m93w",
        "name": "STATION-SERVICE NAFTAL OULED DJELLAL (SSN-ODJ)",
        "slug": "station-service-naftal-ouled-djellal-ssn-odj",
        "wilaya": "51",
        "wilayaName": "Timimoun",
        "commune": "Ouled Djellal",
        "address": "Ouled Djellal, Algérie",
        "employeeCount": 18,
        "verificationStatus": "VERIFIED",
        "hasWebsite": false
      }
    },
    {
      "type": "Feature",
      "geometry": {
        "type": "Point",
        "coordinates": [
          -2.2074,
          30.0932
        ]
      },
      "properties": {
        "id": "cmsvmydla001bp5g6nm006gbo",
        "name": "HÔTEL DE L'OASIS BÉNI ABBÈS",
        "slug": "hotel-de-loasis-beni-abbes",
        "wilaya": "52",
        "wilayaName": "Touggourt",
        "commune": "Béni Abbès",
        "address": "Béni Abbès, Algérie",
        "employeeCount": 48,
        "verificationStatus": "VERIFIED",
        "hasWebsite": false
      }
    },
    {
      "type": "Feature",
      "geometry": {
        "type": "Point",
        "coordinates": [
          -2.2092,
          30.082
        ]
      },
      "properties": {
        "id": "cmsvmydlb001dp5g6l9dwmx6i",
        "name": "AUBERGE SAHARIENNE BÉNI ABBÈS",
        "slug": "auberge-saharienne-beni-abbes",
        "wilaya": "52",
        "wilayaName": "Touggourt",
        "commune": "Béni Abbès",
        "address": "Béni Abbès, Algérie",
        "employeeCount": 12,
        "verificationStatus": "VERIFIED",
        "hasWebsite": false
      }
    },
    {
      "type": "Feature",
      "geometry": {
        "type": "Point",
        "coordinates": [
          -2.1978,
          30.0933
        ]
      },
      "properties": {
        "id": "cmsvmydlc001fp5g6ja29hpot",
        "name": "PALMERAIE DU SAOURA - ANTENNE BÉNI ABBÈS",
        "slug": "palmeraie-du-saoura-antenne-beni-abbes",
        "wilaya": "52",
        "wilayaName": "Touggourt",
        "commune": "Béni Abbès",
        "address": "Béni Abbès, Algérie",
        "employeeCount": 35,
        "verificationStatus": "VERIFIED",
        "hasWebsite": false
      }
    },
    {
      "type": "Feature",
      "geometry": {
        "type": "Point",
        "coordinates": [
          -2.1823,
          30.1091
        ]
      },
      "properties": {
        "id": "cmsvmydld001hp5g6j733930a",
        "name": "GROUPE TOURISTIQUE SAHARA BÉNI ABBÈS (GTSA)",
        "slug": "groupe-touristique-sahara-beni-abbes-gtsa",
        "wilaya": "52",
        "wilayaName": "Touggourt",
        "commune": "Béni Abbès",
        "address": "Béni Abbès, Algérie",
        "employeeCount": 22,
        "verificationStatus": "VERIFIED",
        "hasWebsite": false
      }
    },
    {
      "type": "Feature",
      "geometry": {
        "type": "Point",
        "coordinates": [
          -2.176,
          30.102
        ]
      },
      "properties": {
        "id": "cmsvmydle001jp5g6fcw0zaeh",
        "name": "COOPÉRATIVE AGRICOLE OASIENNE DE BÉNI ABBÈS (CAOB)",
        "slug": "cooperative-agricole-oasienne-de-beni-abbes-caob",
        "wilaya": "52",
        "wilayaName": "Touggourt",
        "commune": "Béni Abbès",
        "address": "Béni Abbès, Algérie",
        "employeeCount": 18,
        "verificationStatus": "VERIFIED",
        "hasWebsite": false
      }
    },
    {
      "type": "Feature",
      "geometry": {
        "type": "Point",
        "coordinates": [
          -2.1964,
          30.112
        ]
      },
      "properties": {
        "id": "cmsvmydlf001lp5g6jx13ge50",
        "name": "ARTISANAT SAHARIEN BÉNI ABBÈS",
        "slug": "artisanat-saharien-beni-abbes",
        "wilaya": "52",
        "wilayaName": "Touggourt",
        "commune": "Béni Abbès",
        "address": "Béni Abbès, Algérie",
        "employeeCount": 25,
        "verificationStatus": "VERIFIED",
        "hasWebsite": false
      }
    },
    {
      "type": "Feature",
      "geometry": {
        "type": "Point",
        "coordinates": [
          -2.1888,
          30.0751
        ]
      },
      "properties": {
        "id": "cmsvmydlg001np5g6khfbqyui",
        "name": "SAOURA TRANSPORTS BÉNI ABBÈS",
        "slug": "saoura-transports-beni-abbes",
        "wilaya": "52",
        "wilayaName": "Touggourt",
        "commune": "Béni Abbès",
        "address": "Béni Abbès, Algérie",
        "employeeCount": 14,
        "verificationStatus": "VERIFIED",
        "hasWebsite": false
      }
    },
    {
      "type": "Feature",
      "geometry": {
        "type": "Point",
        "coordinates": [
          -2.1972,
          30.1128
        ]
      },
      "properties": {
        "id": "cmsvmydlh001pp5g69f4nion4",
        "name": "SOLAR OASIS ÉNERGIES RENOUVELABLES",
        "slug": "solar-oasis-energies-renouvelables",
        "wilaya": "52",
        "wilayaName": "Touggourt",
        "commune": "Béni Abbès",
        "address": "Béni Abbès, Algérie",
        "employeeCount": 11,
        "verificationStatus": "VERIFIED",
        "hasWebsite": false
      }
    },
    {
      "type": "Feature",
      "geometry": {
        "type": "Point",
        "coordinates": [
          -2.2227,
          30.1005
        ]
      },
      "properties": {
        "id": "cmsvmydli001rp5g6us1q7y31",
        "name": "MAISON D'HÔTES KSAR EL MEZRAA",
        "slug": "maison-dhotes-ksar-el-mezraa",
        "wilaya": "52",
        "wilayaName": "Touggourt",
        "commune": "Béni Abbès",
        "address": "Béni Abbès, Algérie",
        "employeeCount": 10,
        "verificationStatus": "VERIFIED",
        "hasWebsite": false
      }
    },
    {
      "type": "Feature",
      "geometry": {
        "type": "Point",
        "coordinates": [
          -2.1772,
          30.078
        ]
      },
      "properties": {
        "id": "cmsvmydlj001tp5g6w4aei93b",
        "name": "COMMERCE GÉNÉRAL BENI ABBES (CGBA)",
        "slug": "commerce-general-beni-abbes-cgba",
        "wilaya": "52",
        "wilayaName": "Touggourt",
        "commune": "Béni Abbès",
        "address": "Béni Abbès, Algérie",
        "employeeCount": 16,
        "verificationStatus": "VERIFIED",
        "hasWebsite": false
      }
    },
    {
      "type": "Feature",
      "geometry": {
        "type": "Point",
        "coordinates": [
          -2.1981,
          30.0764
        ]
      },
      "properties": {
        "id": "cmsvmydlj001vp5g657lw1k6z",
        "name": "ERMITAGE PÈRE DE FOUCAULD - GESTION CULTURELLE",
        "slug": "ermitage-pere-de-foucauld-gestion-culturelle",
        "wilaya": "52",
        "wilayaName": "Touggourt",
        "commune": "Béni Abbès",
        "address": "Béni Abbès, Algérie",
        "employeeCount": 7,
        "verificationStatus": "VERIFIED",
        "hasWebsite": false
      }
    },
    {
      "type": "Feature",
      "geometry": {
        "type": "Point",
        "coordinates": [
          -2.1979,
          30.1249
        ]
      },
      "properties": {
        "id": "cmsvmydlk001xp5g68d4ghpop",
        "name": "DATTES DU DÉSERT EXPORT (DDE)",
        "slug": "dattes-du-desert-export-dde",
        "wilaya": "52",
        "wilayaName": "Touggourt",
        "commune": "Béni Abbès",
        "address": "Béni Abbès, Algérie",
        "employeeCount": 9,
        "verificationStatus": "VERIFIED",
        "hasWebsite": false
      }
    },
    {
      "type": "Feature",
      "geometry": {
        "type": "Point",
        "coordinates": [
          -2.2126,
          30.1178
        ]
      },
      "properties": {
        "id": "cmsvmydll001zp5g6qyfphote",
        "name": "TRAVAUX PUBLICS OASIENS (TPO)",
        "slug": "travaux-publics-oasiens-tpo",
        "wilaya": "52",
        "wilayaName": "Touggourt",
        "commune": "Béni Abbès",
        "address": "Béni Abbès, Algérie",
        "employeeCount": 19,
        "verificationStatus": "VERIFIED",
        "hasWebsite": false
      }
    },
    {
      "type": "Feature",
      "geometry": {
        "type": "Point",
        "coordinates": [
          -2.1885,
          30.0778
        ]
      },
      "properties": {
        "id": "cmsvmydlm0021p5g6wqv1jqo8",
        "name": "CUIR SAHARA BÉNI ABBÈS",
        "slug": "cuir-sahara-beni-abbes",
        "wilaya": "52",
        "wilayaName": "Touggourt",
        "commune": "Béni Abbès",
        "address": "Béni Abbès, Algérie",
        "employeeCount": 6,
        "verificationStatus": "VERIFIED",
        "hasWebsite": false
      }
    },
    {
      "type": "Feature",
      "geometry": {
        "type": "Point",
        "coordinates": [
          -2.1983,
          30.1246
        ]
      },
      "properties": {
        "id": "cmsvmydln0023p5g61c7a2z9j",
        "name": "RESTAURANT LA PALMERAIE",
        "slug": "restaurant-la-palmeraie",
        "wilaya": "52",
        "wilayaName": "Touggourt",
        "commune": "Béni Abbès",
        "address": "Béni Abbès, Algérie",
        "employeeCount": 8,
        "verificationStatus": "VERIFIED",
        "hasWebsite": false
      }
    },
    {
      "type": "Feature",
      "geometry": {
        "type": "Point",
        "coordinates": [
          -2.215,
          30.1192
        ]
      },
      "properties": {
        "id": "cmsvmydln0025p5g6fj4a4kzo",
        "name": "LOCATION VÉHICULES SAHARA LVP",
        "slug": "location-vehicules-sahara-lvp",
        "wilaya": "52",
        "wilayaName": "Touggourt",
        "commune": "Béni Abbès",
        "address": "Béni Abbès, Algérie",
        "employeeCount": 5,
        "verificationStatus": "VERIFIED",
        "hasWebsite": false
      }
    },
    {
      "type": "Feature",
      "geometry": {
        "type": "Point",
        "coordinates": [
          -2.2081,
          30.0752
        ]
      },
      "properties": {
        "id": "cmsvmydlo0027p5g6f03dchif",
        "name": "APC BÉNI ABBÈS - SERVICES PUBLICS",
        "slug": "apc-beni-abbes-services-publics",
        "wilaya": "52",
        "wilayaName": "Touggourt",
        "commune": "Béni Abbès",
        "address": "Béni Abbès, Algérie",
        "employeeCount": 65,
        "verificationStatus": "VERIFIED",
        "hasWebsite": false
      }
    },
    {
      "type": "Feature",
      "geometry": {
        "type": "Point",
        "coordinates": [
          -2.1826,
          30.0883
        ]
      },
      "properties": {
        "id": "cmsvmydlp0029p5g65bth37g3",
        "name": "ALGÉRIE POSTE - ANTENNE BÉNI ABBÈS",
        "slug": "algerie-poste-antenne-beni-abbes",
        "wilaya": "52",
        "wilayaName": "Touggourt",
        "commune": "Béni Abbès",
        "address": "Béni Abbès, Algérie",
        "employeeCount": 12,
        "verificationStatus": "VERIFIED",
        "hasWebsite": false
      }
    },
    {
      "type": "Feature",
      "geometry": {
        "type": "Point",
        "coordinates": [
          0.9681,
          21.3477
        ]
      },
      "properties": {
        "id": "cmsvmydlq002bp5g6ly3xay24",
        "name": "SARL Commerce Transsaharien Bordj Badji Mokhtar (CTBBM)",
        "slug": "sarl-commerce-transsaharien-bordj-badji-mokhtar-ctbbm",
        "wilaya": "53",
        "wilayaName": "Djanet",
        "commune": "Bordj Badji Mokhtar",
        "address": "Bordj Badji Mokhtar, Algérie",
        "employeeCount": 35,
        "verificationStatus": "VERIFIED",
        "hasWebsite": false
      }
    },
    {
      "type": "Feature",
      "geometry": {
        "type": "Point",
        "coordinates": [
          0.9586,
          21.3125
        ]
      },
      "properties": {
        "id": "cmsvmydlr002dp5g6ofjl0gvf",
        "name": "Coopérative des Palmeraies de Bordj Badji Mokhtar (CPBBM)",
        "slug": "cooperative-des-palmeraies-de-bordj-badji-mokhtar-cpbbm",
        "wilaya": "53",
        "wilayaName": "Djanet",
        "commune": "Bordj Badji Mokhtar",
        "address": "Bordj Badji Mokhtar, Algérie",
        "employeeCount": 45,
        "verificationStatus": "VERIFIED",
        "hasWebsite": false
      }
    },
    {
      "type": "Feature",
      "geometry": {
        "type": "Point",
        "coordinates": [
          0.9316,
          21.3138
        ]
      },
      "properties": {
        "id": "cmsvmydls002fp5g6ywlqs8o4",
        "name": "EURL Transport Désert Sud (TDS)",
        "slug": "eurl-transport-desert-sud-tds",
        "wilaya": "53",
        "wilayaName": "Djanet",
        "commune": "Bordj Badji Mokhtar",
        "address": "Bordj Badji Mokhtar, Algérie",
        "employeeCount": 18,
        "verificationStatus": "VERIFIED",
        "hasWebsite": false
      }
    },
    {
      "type": "Feature",
      "geometry": {
        "type": "Point",
        "coordinates": [
          0.9721,
          21.3138
        ]
      },
      "properties": {
        "id": "cmsvmydlt002hp5g6ua8u3g8w",
        "name": "SARL Élevage et Services Camelins (LESC)",
        "slug": "sarl-elevage-et-services-camelins-lesc",
        "wilaya": "53",
        "wilayaName": "Djanet",
        "commune": "Bordj Badji Mokhtar",
        "address": "Bordj Badji Mokhtar, Algérie",
        "employeeCount": 25,
        "verificationStatus": "VERIFIED",
        "hasWebsite": false
      }
    },
    {
      "type": "Feature",
      "geometry": {
        "type": "Point",
        "coordinates": [
          0.9228,
          21.3443
        ]
      },
      "properties": {
        "id": "cmsvmydlv002jp5g6aewgv6yp",
        "name": "SARL Matériaux Construction Sud (MCSS)",
        "slug": "sarl-materiaux-construction-sud-mcss",
        "wilaya": "53",
        "wilayaName": "Djanet",
        "commune": "Bordj Badji Mokhtar",
        "address": "Bordj Badji Mokhtar, Algérie",
        "employeeCount": 22,
        "verificationStatus": "VERIFIED",
        "hasWebsite": false
      }
    },
    {
      "type": "Feature",
      "geometry": {
        "type": "Point",
        "coordinates": [
          0.9569,
          21.3476
        ]
      },
      "properties": {
        "id": "cmsvmydlw002lp5g6yzle5tju",
        "name": "Eurl Artisanat Touareg Bordj Badji (ATBB)",
        "slug": "eurl-artisanat-touareg-bordj-badji-atbb",
        "wilaya": "53",
        "wilayaName": "Djanet",
        "commune": "Bordj Badji Mokhtar",
        "address": "Bordj Badji Mokhtar, Algérie",
        "employeeCount": 15,
        "verificationStatus": "VERIFIED",
        "hasWebsite": false
      }
    },
    {
      "type": "Feature",
      "geometry": {
        "type": "Point",
        "coordinates": [
          0.9381,
          21.3122
        ]
      },
      "properties": {
        "id": "cmsvmydlx002np5g6u0wzva0x",
        "name": "SARL Froid et Climatisation Saharienne (FCS)",
        "slug": "sarl-froid-et-climatisation-saharienne-fcs",
        "wilaya": "53",
        "wilayaName": "Djanet",
        "commune": "Bordj Badji Mokhtar",
        "address": "Bordj Badji Mokhtar, Algérie",
        "employeeCount": 12,
        "verificationStatus": "VERIFIED",
        "hasWebsite": false
      }
    },
    {
      "type": "Feature",
      "geometry": {
        "type": "Point",
        "coordinates": [
          0.9504,
          21.3546
        ]
      },
      "properties": {
        "id": "cmsvmydly002pp5g6jrphs5jy",
        "name": "Coopérative Agricole des Cultivateurs Oasis (CACO)",
        "slug": "cooperative-agricole-des-cultivateurs-oasis-caco",
        "wilaya": "53",
        "wilayaName": "Djanet",
        "commune": "Bordj Badji Mokhtar",
        "address": "Bordj Badji Mokhtar, Algérie",
        "employeeCount": 30,
        "verificationStatus": "VERIFIED",
        "hasWebsite": false
      }
    },
    {
      "type": "Feature",
      "geometry": {
        "type": "Point",
        "coordinates": [
          0.9604,
          21.3285
        ]
      },
      "properties": {
        "id": "cmsvmydlz002rp5g6k73mhvjl",
        "name": "SARL Station Service Saharienne (SSS)",
        "slug": "sarl-station-service-saharienne-sss",
        "wilaya": "53",
        "wilayaName": "Djanet",
        "commune": "Bordj Badji Mokhtar",
        "address": "Bordj Badji Mokhtar, Algérie",
        "employeeCount": 14,
        "verificationStatus": "VERIFIED",
        "hasWebsite": false
      }
    },
    {
      "type": "Feature",
      "geometry": {
        "type": "Point",
        "coordinates": [
          0.967,
          21.3137
        ]
      },
      "properties": {
        "id": "cmsvmydm0002tp5g6ql96fyky",
        "name": "EURL Communication et Multimédia Sud (CMS)",
        "slug": "eurl-communication-et-multimedia-sud-cms",
        "wilaya": "53",
        "wilayaName": "Djanet",
        "commune": "Bordj Badji Mokhtar",
        "address": "Bordj Badji Mokhtar, Algérie",
        "employeeCount": 8,
        "verificationStatus": "VERIFIED",
        "hasWebsite": false
      }
    },
    {
      "type": "Feature",
      "geometry": {
        "type": "Point",
        "coordinates": [
          0.9557,
          21.3528
        ]
      },
      "properties": {
        "id": "cmsvmydm1002vp5g6258i1t2e",
        "name": "SARl Restauration et Hébergement Transsaharien (RHT)",
        "slug": "sarl-restauration-et-hebergement-transsaharien-rht",
        "wilaya": "53",
        "wilayaName": "Djanet",
        "commune": "Bordj Badji Mokhtar",
        "address": "Bordj Badji Mokhtar, Algérie",
        "employeeCount": 16,
        "verificationStatus": "VERIFIED",
        "hasWebsite": false
      }
    },
    {
      "type": "Feature",
      "geometry": {
        "type": "Point",
        "coordinates": [
          0.9679,
          21.3544
        ]
      },
      "properties": {
        "id": "cmsvmydm1002xp5g63z1233jv",
        "name": "SARL Santé et Pharmacie du Sud (SPS)",
        "slug": "sarl-sante-et-pharmacie-du-sud-sps",
        "wilaya": "53",
        "wilayaName": "Djanet",
        "commune": "Bordj Badji Mokhtar",
        "address": "Bordj Badji Mokhtar, Algérie",
        "employeeCount": 10,
        "verificationStatus": "VERIFIED",
        "hasWebsite": false
      }
    },
    {
      "type": "Feature",
      "geometry": {
        "type": "Point",
        "coordinates": [
          0.9277,
          21.3091
        ]
      },
      "properties": {
        "id": "cmsvmydm2002zp5g6qx7sedjq",
        "name": "EURL Boulangerie Pâtisserie Saharienne (BPS)",
        "slug": "eurl-boulangerie-patisserie-saharienne-bps",
        "wilaya": "53",
        "wilayaName": "Djanet",
        "commune": "Bordj Badji Mokhtar",
        "address": "Bordj Badji Mokhtar, Algérie",
        "employeeCount": 12,
        "verificationStatus": "VERIFIED",
        "hasWebsite": false
      }
    },
    {
      "type": "Feature",
      "geometry": {
        "type": "Point",
        "coordinates": [
          0.9464,
          21.3532
        ]
      },
      "properties": {
        "id": "cmsvmydm30031p5g6th5v7r8p",
        "name": "SARL Génie Civil et Travaux Publics Sud (GCTPS)",
        "slug": "sarl-genie-civil-et-travaux-publics-sud-gctps",
        "wilaya": "53",
        "wilayaName": "Djanet",
        "commune": "Bordj Badji Mokhtar",
        "address": "Bordj Badji Mokhtar, Algérie",
        "employeeCount": 40,
        "verificationStatus": "VERIFIED",
        "hasWebsite": false
      }
    },
    {
      "type": "Feature",
      "geometry": {
        "type": "Point",
        "coordinates": [
          0.9567,
          21.3208
        ]
      },
      "properties": {
        "id": "cmsvmydm40033p5g6nxnicrqo",
        "name": "Coopérative Femme Rurale Bordj Badji Mokhtar (CFR-BBM)",
        "slug": "cooperative-femme-rurale-bordj-badji-mokhtar-cfr-bbm",
        "wilaya": "53",
        "wilayaName": "Djanet",
        "commune": "Bordj Badji Mokhtar",
        "address": "Bordj Badji Mokhtar, Algérie",
        "employeeCount": 20,
        "verificationStatus": "VERIFIED",
        "hasWebsite": false
      }
    },
    {
      "type": "Feature",
      "geometry": {
        "type": "Point",
        "coordinates": [
          6.0775,
          33.1232
        ]
      },
      "properties": {
        "id": "cmsvmydm50035p5g6ibdz53bw",
        "name": "Sonatrach - Direction Régionale Touggourt (DRTO)",
        "slug": "sonatrach-direction-regionale-touggourt-drto",
        "wilaya": "54",
        "wilayaName": "In Salah",
        "commune": "Touggourt",
        "address": "Touggourt, Algérie",
        "employeeCount": 2500,
        "verificationStatus": "VERIFIED",
        "hasWebsite": false
      }
    },
    {
      "type": "Feature",
      "geometry": {
        "type": "Point",
        "coordinates": [
          6.044,
          33.1136
        ]
      },
      "properties": {
        "id": "cmsvmydm60037p5g6guuw1hik",
        "name": "Entreprise de Forage des Travaux Profonds EFTP - Base Touggourt",
        "slug": "entreprise-de-forage-des-travaux-profonds-eftp-base-touggourt",
        "wilaya": "54",
        "wilayaName": "In Salah",
        "commune": "Touggourt",
        "address": "Touggourt, Algérie",
        "employeeCount": 850,
        "verificationStatus": "VERIFIED",
        "hasWebsite": false
      }
    },
    {
      "type": "Feature",
      "geometry": {
        "type": "Point",
        "coordinates": [
          6.0729,
          33.1303
        ]
      },
      "properties": {
        "id": "cmsvmydm9003bp5g6fxm6dhpy",
        "name": "SARL Palmeraies et Dattes du Righ (PDR)",
        "slug": "sarl-palmeraies-et-dattes-du-righ-pdr",
        "wilaya": "54",
        "wilayaName": "In Salah",
        "commune": "Touggourt",
        "address": "Touggourt, Algérie",
        "employeeCount": 65,
        "verificationStatus": "VERIFIED",
        "hasWebsite": false
      }
    },
    {
      "type": "Feature",
      "geometry": {
        "type": "Point",
        "coordinates": [
          6.0669,
          33.09
        ]
      },
      "properties": {
        "id": "cmsvmydma003dp5g6kdqnog37",
        "name": "SARL Commerce International Oued Rih (CIOR)",
        "slug": "sarl-commerce-international-oued-rih-cior",
        "wilaya": "54",
        "wilayaName": "In Salah",
        "commune": "Touggourt",
        "address": "Touggourt, Algérie",
        "employeeCount": 45,
        "verificationStatus": "VERIFIED",
        "hasWebsite": false
      }
    },
    {
      "type": "Feature",
      "geometry": {
        "type": "Point",
        "coordinates": [
          6.0835,
          33.0874
        ]
      },
      "properties": {
        "id": "cmsvmydmb003fp5g6f7a7cl0g",
        "name": "EURL Construction et Maintenance Pétrolière CMP-Touggourt",
        "slug": "eurl-construction-et-maintenance-petroliere-cmp-touggourt",
        "wilaya": "54",
        "wilayaName": "In Salah",
        "commune": "Touggourt",
        "address": "Touggourt, Algérie",
        "employeeCount": 38,
        "verificationStatus": "VERIFIED",
        "hasWebsite": false
      }
    },
    {
      "type": "Feature",
      "geometry": {
        "type": "Point",
        "coordinates": [
          6.0459,
          33.1297
        ]
      },
      "properties": {
        "id": "cmsvmydmc003hp5g6v8pjory4",
        "name": "SARL Transports Fret Saharien TFS",
        "slug": "sarl-transports-fret-saharien-tfs",
        "wilaya": "54",
        "wilayaName": "In Salah",
        "commune": "Touggourt",
        "address": "Touggourt, Algérie",
        "employeeCount": 55,
        "verificationStatus": "VERIFIED",
        "hasWebsite": false
      }
    },
    {
      "type": "Feature",
      "geometry": {
        "type": "Point",
        "coordinates": [
          6.0549,
          33.0996
        ]
      },
      "properties": {
        "id": "cmsvmydmd003jp5g66vrku4xk",
        "name": "Coopérative des Phéniciculteurs de Temacine (CPT)",
        "slug": "cooperative-des-pheniciculteurs-de-temacine-cpt",
        "wilaya": "54",
        "wilayaName": "In Salah",
        "commune": "Touggourt",
        "address": "Touggourt, Algérie",
        "employeeCount": 120,
        "verificationStatus": "VERIFIED",
        "hasWebsite": false
      }
    },
    {
      "type": "Feature",
      "geometry": {
        "type": "Point",
        "coordinates": [
          6.0845,
          33.0977
        ]
      },
      "properties": {
        "id": "cmsvmydme003lp5g63l0vxawc",
        "name": "SARL Matériels Équipements Industriels MEI-Touggourt",
        "slug": "sarl-materiels-equipements-industriels-mei-touggourt",
        "wilaya": "54",
        "wilayaName": "In Salah",
        "commune": "Touggourt",
        "address": "Touggourt, Algérie",
        "employeeCount": 28,
        "verificationStatus": "VERIFIED",
        "hasWebsite": false
      }
    },
    {
      "type": "Feature",
      "geometry": {
        "type": "Point",
        "coordinates": [
          6.0776,
          33.1239
        ]
      },
      "properties": {
        "id": "cmsvmydmf003np5g6s6kfljv3",
        "name": "EURL Électricité Bâtiment Industriel EBI",
        "slug": "eurl-electricite-batiment-industriel-ebi",
        "wilaya": "54",
        "wilayaName": "In Salah",
        "commune": "Touggourt",
        "address": "Touggourt, Algérie",
        "employeeCount": 18,
        "verificationStatus": "VERIFIED",
        "hasWebsite": false
      }
    },
    {
      "type": "Feature",
      "geometry": {
        "type": "Point",
        "coordinates": [
          6.0525,
          33.0856
        ]
      },
      "properties": {
        "id": "cmsvmydmf003pp5g6il4ozud1",
        "name": "SARl Hôtellerie Thermale Zeribet El Omar (HTZO)",
        "slug": "sarl-hotellerie-thermale-zeribet-el-omar-htzo",
        "wilaya": "54",
        "wilayaName": "In Salah",
        "commune": "Touggourt",
        "address": "Touggourt, Algérie",
        "employeeCount": 42,
        "verificationStatus": "VERIFIED",
        "hasWebsite": false
      }
    },
    {
      "type": "Feature",
      "geometry": {
        "type": "Point",
        "coordinates": [
          6.0431,
          33.1125
        ]
      },
      "properties": {
        "id": "cmsvmydmh003rp5g61y9mft5d",
        "name": "SARL Services Numériques et Informatique Touggourt SNIT",
        "slug": "sarl-services-numeriques-et-informatique-touggourt-snit",
        "wilaya": "54",
        "wilayaName": "In Salah",
        "commune": "Touggourt",
        "address": "Touggourt, Algérie",
        "employeeCount": 15,
        "verificationStatus": "VERIFIED",
        "hasWebsite": false
      }
    },
    {
      "type": "Feature",
      "geometry": {
        "type": "Point",
        "coordinates": [
          6.0683,
          33.1198
        ]
      },
      "properties": {
        "id": "cmsvmydmi003tp5g63fv2u9j7",
        "name": "Entreprise de Réseaux Gaz ERG-Touggourt",
        "slug": "entreprise-de-reseaux-gaz-erg-touggourt",
        "wilaya": "54",
        "wilayaName": "In Salah",
        "commune": "Touggourt",
        "address": "Touggourt, Algérie",
        "employeeCount": 75,
        "verificationStatus": "VERIFIED",
        "hasWebsite": false
      }
    },
    {
      "type": "Feature",
      "geometry": {
        "type": "Point",
        "coordinates": [
          6.0356,
          33.0938
        ]
      },
      "properties": {
        "id": "cmsvmydmi003vp5g6aye13e9w",
        "name": "SARL Agroalimentaire du Désert ADD",
        "slug": "sarl-agroalimentaire-du-desert-add",
        "wilaya": "54",
        "wilayaName": "In Salah",
        "commune": "Touggourt",
        "address": "Touggourt, Algérie",
        "employeeCount": 35,
        "verificationStatus": "VERIFIED",
        "hasWebsite": false
      }
    },
    {
      "type": "Feature",
      "geometry": {
        "type": "Point",
        "coordinates": [
          6.0374,
          33.1258
        ]
      },
      "properties": {
        "id": "cmsvmydmk003xp5g6qc3p23i6",
        "name": "EURL Plomberie Sanitaire Climatisation PSC-Touggourt",
        "slug": "eurl-plomberie-sanitaire-climatisation-psc-touggourt",
        "wilaya": "54",
        "wilayaName": "In Salah",
        "commune": "Touggourt",
        "address": "Touggourt, Algérie",
        "employeeCount": 12,
        "verificationStatus": "VERIFIED",
        "hasWebsite": false
      }
    },
    {
      "type": "Feature",
      "geometry": {
        "type": "Point",
        "coordinates": [
          6.0385,
          33.1002
        ]
      },
      "properties": {
        "id": "cmsvmydml003zp5g67eu50c0t",
        "name": "SARL Commerce Général Sud-Est CGSE",
        "slug": "sarl-commerce-general-sud-est-cgse",
        "wilaya": "54",
        "wilayaName": "In Salah",
        "commune": "Touggourt",
        "address": "Touggourt, Algérie",
        "employeeCount": 58,
        "verificationStatus": "VERIFIED",
        "hasWebsite": false
      }
    },
    {
      "type": "Feature",
      "geometry": {
        "type": "Point",
        "coordinates": [
          9.4584,
          24.5378
        ]
      },
      "properties": {
        "id": "cmsvmydmm0041p5g6e47j8w2p",
        "name": "SARL Agence de Voyages Djanet Tourisme (AVDT)",
        "slug": "sarl-agence-de-voyages-djanet-tourisme-avdt",
        "wilaya": "55",
        "wilayaName": "In Guezzam",
        "commune": "Djanet",
        "address": "Djanet, Algérie",
        "employeeCount": 28,
        "verificationStatus": "VERIFIED",
        "hasWebsite": false
      }
    },
    {
      "type": "Feature",
      "geometry": {
        "type": "Point",
        "coordinates": [
          9.4981,
          24.557
        ]
      },
      "properties": {
        "id": "cmsvmydmn0043p5g6ojh993xh",
        "name": "EURL Artisanat Touareg Djanet (ATD)",
        "slug": "eurl-artisanat-touareg-djanet-atd",
        "wilaya": "55",
        "wilayaName": "In Guezzam",
        "commune": "Djanet",
        "address": "Djanet, Algérie",
        "employeeCount": 35,
        "verificationStatus": "VERIFIED",
        "hasWebsite": false
      }
    },
    {
      "type": "Feature",
      "geometry": {
        "type": "Point",
        "coordinates": [
          9.4837,
          24.557
        ]
      },
      "properties": {
        "id": "cmsvmydmo0045p5g60kz5hy3x",
        "name": "SARL Expéditions Sahariennes Tassili (EST)",
        "slug": "sarl-expeditions-sahariennes-tassili-est",
        "wilaya": "55",
        "wilayaName": "In Guezzam",
        "commune": "Djanet",
        "address": "Djanet, Algérie",
        "employeeCount": 18,
        "verificationStatus": "VERIFIED",
        "hasWebsite": false
      }
    },
    {
      "type": "Feature",
      "geometry": {
        "type": "Point",
        "coordinates": [
          9.4783,
          24.5538
        ]
      },
      "properties": {
        "id": "cmsvmydmp0047p5g69vbo61lz",
        "name": "Hôtel Restaurant Tassili (HRT-Djanet)",
        "slug": "hotel-restaurant-tassili-hrt-djanet",
        "wilaya": "55",
        "wilayaName": "In Guezzam",
        "commune": "Djanet",
        "address": "Djanet, Algérie",
        "employeeCount": 45,
        "verificationStatus": "VERIFIED",
        "hasWebsite": false
      }
    },
    {
      "type": "Feature",
      "geometry": {
        "type": "Point",
        "coordinates": [
          9.4818,
          24.5236
        ]
      },
      "properties": {
        "id": "cmsvmydmq0049p5g62ulmit94",
        "name": "Coopérative Féminine Artisanale Tadrart (CFAT)",
        "slug": "cooperative-feminine-artisanale-tadrart-cfat",
        "wilaya": "55",
        "wilayaName": "In Guezzam",
        "commune": "Djanet",
        "address": "Djanet, Algérie",
        "employeeCount": 42,
        "verificationStatus": "VERIFIED",
        "hasWebsite": false
      }
    },
    {
      "type": "Feature",
      "geometry": {
        "type": "Point",
        "coordinates": [
          9.4972,
          24.5759
        ]
      },
      "properties": {
        "id": "cmsvmydmr004bp5g6gut016cg",
        "name": "SARl Location Véhicules 4x4 Djanet (LV4D)",
        "slug": "sarl-location-vehicules-4x4-djanet-lv4d",
        "wilaya": "55",
        "wilayaName": "In Guezzam",
        "commune": "Djanet",
        "address": "Djanet, Algérie",
        "employeeCount": 14,
        "verificationStatus": "VERIFIED",
        "hasWebsite": false
      }
    },
    {
      "type": "Feature",
      "geometry": {
        "type": "Point",
        "coordinates": [
          9.4956,
          24.5249
        ]
      },
      "properties": {
        "id": "cmsvmydmt004dp5g6tgcqbheh",
        "name": "EURL Services Aéroportuaires Djanet (SAD)",
        "slug": "eurl-services-aeroportuaires-djanet-sad",
        "wilaya": "55",
        "wilayaName": "In Guezzam",
        "commune": "Djanet",
        "address": "Djanet, Algérie",
        "employeeCount": 22,
        "verificationStatus": "VERIFIED",
        "hasWebsite": false
      }
    },
    {
      "type": "Feature",
      "geometry": {
        "type": "Point",
        "coordinates": [
          9.4568,
          24.549
        ]
      },
      "properties": {
        "id": "cmsvmydmu004fp5g6cluffv3f",
        "name": "SARl Camping Caravane Oasis (CCO-Djanet)",
        "slug": "sarl-camping-caravane-oasis-cco-djanet",
        "wilaya": "55",
        "wilayaName": "In Guezzam",
        "commune": "Djanet",
        "address": "Djanet, Algérie",
        "employeeCount": 16,
        "verificationStatus": "VERIFIED",
        "hasWebsite": false
      }
    },
    {
      "type": "Feature",
      "geometry": {
        "type": "Point",
        "coordinates": [
          9.4757,
          24.5521
        ]
      },
      "properties": {
        "id": "cmsvmydmv004hp5g6a9pq0ydm",
        "name": "SARL Commerce Souvenirs Touaregs CST",
        "slug": "sarl-commerce-souvenirs-touaregs-cst",
        "wilaya": "55",
        "wilayaName": "In Guezzam",
        "commune": "Djanet",
        "address": "Djanet, Algérie",
        "employeeCount": 20,
        "verificationStatus": "VERIFIED",
        "hasWebsite": false
      }
    },
    {
      "type": "Feature",
      "geometry": {
        "type": "Point",
        "coordinates": [
          9.4704,
          24.5384
        ]
      },
      "properties": {
        "id": "cmsvmydmw004jp5g6hup16prp",
        "name": "EURL Guide Accompagnateur Désert GAD",
        "slug": "eurl-guide-accompagnateur-desert-gad",
        "wilaya": "55",
        "wilayaName": "In Guezzam",
        "commune": "Djanet",
        "address": "Djanet, Algérie",
        "employeeCount": 8,
        "verificationStatus": "VERIFIED",
        "hasWebsite": false
      }
    },
    {
      "type": "Feature",
      "geometry": {
        "type": "Point",
        "coordinates": [
          9.4925,
          24.5478
        ]
      },
      "properties": {
        "id": "cmsvmydmx004lp5g671fa27xf",
        "name": "SARL Restauration Traditionnelle Saharienne RTS",
        "slug": "sarl-restauration-traditionnelle-saharienne-rts",
        "wilaya": "55",
        "wilayaName": "In Guezzam",
        "commune": "Djanet",
        "address": "Djanet, Algérie",
        "employeeCount": 15,
        "verificationStatus": "VERIFIED",
        "hasWebsite": false
      }
    },
    {
      "type": "Feature",
      "geometry": {
        "type": "Point",
        "coordinates": [
          9.4939,
          24.5395
        ]
      },
      "properties": {
        "id": "cmsvmydmy004np5g6u3ryr1cp",
        "name": "Coopérative Élevage Chameaux Djanet (CECD)",
        "slug": "cooperative-elevage-chameaux-djanet-cecd",
        "wilaya": "55",
        "wilayaName": "In Guezzam",
        "commune": "Djanet",
        "address": "Djanet, Algérie",
        "employeeCount": 30,
        "verificationStatus": "VERIFIED",
        "hasWebsite": false
      }
    },
    {
      "type": "Feature",
      "geometry": {
        "type": "Point",
        "coordinates": [
          9.4568,
          24.5489
        ]
      },
      "properties": {
        "id": "cmsvmydmz004pp5g65d5e1c9k",
        "name": "SARL Photographie et Production Audiovisuelle Désert PPAD",
        "slug": "sarl-photographie-et-production-audiovisuelle-desert-ppad",
        "wilaya": "55",
        "wilayaName": "In Guezzam",
        "commune": "Djanet",
        "address": "Djanet, Algérie",
        "employeeCount": 10,
        "verificationStatus": "VERIFIED",
        "hasWebsite": false
      }
    },
    {
      "type": "Feature",
      "geometry": {
        "type": "Point",
        "coordinates": [
          9.4511,
          24.5421
        ]
      },
      "properties": {
        "id": "cmsvmydn0004rp5g60qfh6gzz",
        "name": "EURL Santé Pharmacie Djanet (SPD)",
        "slug": "eurl-sante-pharmacie-djanet-spd",
        "wilaya": "55",
        "wilayaName": "In Guezzam",
        "commune": "Djanet",
        "address": "Djanet, Algérie",
        "employeeCount": 6,
        "verificationStatus": "VERIFIED",
        "hasWebsite": false
      }
    },
    {
      "type": "Feature",
      "geometry": {
        "type": "Point",
        "coordinates": [
          9.5061,
          24.5341
        ]
      },
      "properties": {
        "id": "cmsvmydn1004tp5g6xc9uithh",
        "name": "SARL Transport Intérieur Djanet TID",
        "slug": "sarl-transport-interieur-djanet-tid",
        "wilaya": "55",
        "wilayaName": "In Guezzam",
        "commune": "Djanet",
        "address": "Djanet, Algérie",
        "employeeCount": 25,
        "verificationStatus": "VERIFIED",
        "hasWebsite": false
      }
    },
    {
      "type": "Feature",
      "geometry": {
        "type": "Point",
        "coordinates": [
          9.4599,
          24.5418
        ]
      },
      "properties": {
        "id": "cmsvmydn2004vp5g6vzjwjp5s",
        "name": "Centre Culturel et Musée Tassili CCMT",
        "slug": "centre-culturel-et-musee-tassili-ccmt",
        "wilaya": "55",
        "wilayaName": "In Guezzam",
        "commune": "Djanet",
        "address": "Djanet, Algérie",
        "employeeCount": 18,
        "verificationStatus": "VERIFIED",
        "hasWebsite": false
      }
    },
    {
      "type": "Feature",
      "geometry": {
        "type": "Point",
        "coordinates": [
          2.4469,
          27.1835
        ]
      },
      "properties": {
        "id": "cmsvmydn4004xp5g6pdmzp0uh",
        "name": "SONATRACH - District In Salah (DIS)",
        "slug": "sonatrach-district-in-salah-dis",
        "wilaya": "56",
        "wilayaName": "56",
        "commune": "In Salah",
        "address": "In Salah, Algérie",
        "employeeCount": 500,
        "verificationStatus": "VERIFIED",
        "hasWebsite": false
      }
    },
    {
      "type": "Feature",
      "geometry": {
        "type": "Point",
        "coordinates": [
          2.4679,
          27.2004
        ]
      },
      "properties": {
        "id": "cmsvmydn5004zp5g6tulczxj8",
        "name": "SARL Transports Sahariens In Salah (TSIS)",
        "slug": "sarl-transports-sahariens-in-salah-tsis",
        "wilaya": "56",
        "wilayaName": "56",
        "commune": "In Salah",
        "address": "In Salah, Algérie",
        "employeeCount": 45,
        "verificationStatus": "VERIFIED",
        "hasWebsite": false
      }
    },
    {
      "type": "Feature",
      "geometry": {
        "type": "Point",
        "coordinates": [
          2.4502,
          27.1848
        ]
      },
      "properties": {
        "id": "cmsvmydn60051p5g6v2dzfdrd",
        "name": "EURL Énergies Nouvelles du Sud (ENS)",
        "slug": "eurl-energies-nouvelles-du-sud-ens",
        "wilaya": "56",
        "wilayaName": "56",
        "commune": "In Salah",
        "address": "In Salah, Algérie",
        "employeeCount": 15,
        "verificationStatus": "VERIFIED",
        "hasWebsite": false
      }
    },
    {
      "type": "Feature",
      "geometry": {
        "type": "Point",
        "coordinates": [
          2.4959,
          27.21
        ]
      },
      "properties": {
        "id": "cmsvmydn70053p5g6d682j8f1",
        "name": "SPA Hôtellerie Saharienne In Salah (SHIS)",
        "slug": "spa-hotellerie-saharienne-in-salah-shis",
        "wilaya": "56",
        "wilayaName": "56",
        "commune": "In Salah",
        "address": "In Salah, Algérie",
        "employeeCount": 80,
        "verificationStatus": "VERIFIED",
        "hasWebsite": false
      }
    },
    {
      "type": "Feature",
      "geometry": {
        "type": "Point",
        "coordinates": [
          2.4858,
          27.179
        ]
      },
      "properties": {
        "id": "cmsvmydn80055p5g6zkznrn2n",
        "name": "SARL BTP In Salah Travaux Publics (BITP)",
        "slug": "sarl-btp-in-salah-travaux-publics-bitp",
        "wilaya": "56",
        "wilayaName": "56",
        "commune": "In Salah",
        "address": "In Salah, Algérie",
        "employeeCount": 60,
        "verificationStatus": "VERIFIED",
        "hasWebsite": false
      }
    },
    {
      "type": "Feature",
      "geometry": {
        "type": "Point",
        "coordinates": [
          2.4397,
          27.2081
        ]
      },
      "properties": {
        "id": "cmsvmydn90057p5g6aq2kckcu",
        "name": "EURL Commerce Général In Salah (CGIS)",
        "slug": "eurl-commerce-general-in-salah-cgis",
        "wilaya": "56",
        "wilayaName": "56",
        "commune": "In Salah",
        "address": "In Salah, Algérie",
        "employeeCount": 10,
        "verificationStatus": "VERIFIED",
        "hasWebsite": false
      }
    },
    {
      "type": "Feature",
      "geometry": {
        "type": "Point",
        "coordinates": [
          2.4557,
          27.186
        ]
      },
      "properties": {
        "id": "cmsvmydna0059p5g693ss9gew",
        "name": "SARL Froid et Climatisation Désert (FCD)",
        "slug": "sarl-froid-et-climatisation-desert-fcd",
        "wilaya": "56",
        "wilayaName": "56",
        "commune": "In Salah",
        "address": "In Salah, Algérie",
        "employeeCount": 20,
        "verificationStatus": "VERIFIED",
        "hasWebsite": false
      }
    },
    {
      "type": "Feature",
      "geometry": {
        "type": "Point",
        "coordinates": [
          2.4678,
          27.2242
        ]
      },
      "properties": {
        "id": "cmsvmydnb005bp5g6lmeottc8",
        "name": "Coopérative Agricole des Oasis d'In Salah (CAOIS)",
        "slug": "cooperative-agricole-des-oasis-din-salah-caois",
        "wilaya": "56",
        "wilayaName": "56",
        "commune": "In Salah",
        "address": "In Salah, Algérie",
        "employeeCount": 30,
        "verificationStatus": "VERIFIED",
        "hasWebsite": false
      }
    },
    {
      "type": "Feature",
      "geometry": {
        "type": "Point",
        "coordinates": [
          2.441,
          27.1918
        ]
      },
      "properties": {
        "id": "cmsvmydnc005dp5g6xjddx7tx",
        "name": "EURL Maintenance Pétrolière In Salah (MPIS)",
        "slug": "eurl-maintenance-petroliere-in-salah-mpis",
        "wilaya": "56",
        "wilayaName": "56",
        "commune": "In Salah",
        "address": "In Salah, Algérie",
        "employeeCount": 25,
        "verificationStatus": "VERIFIED",
        "hasWebsite": false
      }
    },
    {
      "type": "Feature",
      "geometry": {
        "type": "Point",
        "coordinates": [
          2.4755,
          27.1786
        ]
      },
      "properties": {
        "id": "cmsvmydnc005fp5g6y5uorhhz",
        "name": "SARL Station Service In Salah Énergie (SSIE)",
        "slug": "sarl-station-service-in-salah-energie-ssie",
        "wilaya": "56",
        "wilayaName": "56",
        "commune": "In Salah",
        "address": "In Salah, Algérie",
        "employeeCount": 12,
        "verificationStatus": "VERIFIED",
        "hasWebsite": false
      }
    },
    {
      "type": "Feature",
      "geometry": {
        "type": "Point",
        "coordinates": [
          2.4908,
          27.2003
        ]
      },
      "properties": {
        "id": "cmsvmydne005hp5g69mpt17w1",
        "name": "EURL Électricité Générale In Salah (EGIS)",
        "slug": "eurl-electricite-generale-in-salah-egis",
        "wilaya": "56",
        "wilayaName": "56",
        "commune": "In Salah",
        "address": "In Salah, Algérie",
        "employeeCount": 8,
        "verificationStatus": "VERIFIED",
        "hasWebsite": false
      }
    },
    {
      "type": "Feature",
      "geometry": {
        "type": "Point",
        "coordinates": [
          2.4606,
          27.1782
        ]
      },
      "properties": {
        "id": "cmsvmydnf005jp5g6u6014to9",
        "name": "SARL Plomberie Sanitaire In Salah (PSIS)",
        "slug": "sarl-plomberie-sanitaire-in-salah-psis",
        "wilaya": "56",
        "wilayaName": "56",
        "commune": "In Salah",
        "address": "In Salah, Algérie",
        "employeeCount": 10,
        "verificationStatus": "VERIFIED",
        "hasWebsite": false
      }
    },
    {
      "type": "Feature",
      "geometry": {
        "type": "Point",
        "coordinates": [
          2.4536,
          27.1732
        ]
      },
      "properties": {
        "id": "cmsvmydng005lp5g6o2f24690",
        "name": "EURL Agence Immobilière In Salah (AIIS)",
        "slug": "eurl-agence-immobiliere-in-salah-aiis",
        "wilaya": "56",
        "wilayaName": "56",
        "commune": "In Salah",
        "address": "In Salah, Algérie",
        "employeeCount": 4,
        "verificationStatus": "VERIFIED",
        "hasWebsite": false
      }
    },
    {
      "type": "Feature",
      "geometry": {
        "type": "Point",
        "coordinates": [
          2.4403,
          27.1846
        ]
      },
      "properties": {
        "id": "cmsvmydnh005np5g6l1afyfoj",
        "name": "SARL Communication et Services In Salah (CSIS)",
        "slug": "sarl-communication-et-services-in-salah-csis",
        "wilaya": "56",
        "wilayaName": "56",
        "commune": "In Salah",
        "address": "In Salah, Algérie",
        "employeeCount": 8,
        "verificationStatus": "VERIFIED",
        "hasWebsite": false
      }
    },
    {
      "type": "Feature",
      "geometry": {
        "type": "Point",
        "coordinates": [
          5.7042,
          23.4986
        ]
      },
      "properties": {
        "id": "cmsvmydni005pp5g6nxmscr7i",
        "name": "SARL Commerce Transfrontalier In Guezzam (CTIG)",
        "slug": "sarl-commerce-transfrontalier-in-guezzam-ctig",
        "wilaya": "57",
        "wilayaName": "57",
        "commune": "In Guezzam",
        "address": "In Guezzam, Algérie",
        "employeeCount": 15,
        "verificationStatus": "VERIFIED",
        "hasWebsite": false
      }
    },
    {
      "type": "Feature",
      "geometry": {
        "type": "Point",
        "coordinates": [
          5.7155,
          23.4954
        ]
      },
      "properties": {
        "id": "cmsvmydnj005rp5g6n2hgi6lz",
        "name": "EURL Transport Transsaharien Guezzam (TTG)",
        "slug": "eurl-transport-transsaharien-guezzam-ttg",
        "wilaya": "57",
        "wilayaName": "57",
        "commune": "In Guezzam",
        "address": "In Guezzam, Algérie",
        "employeeCount": 20,
        "verificationStatus": "VERIFIED",
        "hasWebsite": false
      }
    },
    {
      "type": "Feature",
      "geometry": {
        "type": "Point",
        "coordinates": [
          5.7075,
          23.4787
        ]
      },
      "properties": {
        "id": "cmsvmydnk005tp5g6c80c8bct",
        "name": "SARL Agence Douanière In Guezzam (ADIG)",
        "slug": "sarl-agence-douaniere-in-guezzam-adig",
        "wilaya": "57",
        "wilayaName": "57",
        "commune": "In Guezzam",
        "address": "In Guezzam, Algérie",
        "employeeCount": 10,
        "verificationStatus": "VERIFIED",
        "hasWebsite": false
      }
    },
    {
      "type": "Feature",
      "geometry": {
        "type": "Point",
        "coordinates": [
          5.7228,
          23.4959
        ]
      },
      "properties": {
        "id": "cmsvmydnl005vp5g6l34v43yj",
        "name": "EURL Commerce Général In Guezzam (CGIG)",
        "slug": "eurl-commerce-general-in-guezzam-cgig",
        "wilaya": "57",
        "wilayaName": "57",
        "commune": "In Guezzam",
        "address": "In Guezzam, Algérie",
        "employeeCount": 6,
        "verificationStatus": "VERIFIED",
        "hasWebsite": false
      }
    },
    {
      "type": "Feature",
      "geometry": {
        "type": "Point",
        "coordinates": [
          5.704,
          23.5177
        ]
      },
      "properties": {
        "id": "cmsvmydnl005xp5g66g2qefnj",
        "name": "Coopérative Élevage Camelin In Guezzam (CECIG)",
        "slug": "cooperative-elevage-camelin-in-guezzam-cecig",
        "wilaya": "57",
        "wilayaName": "57",
        "commune": "In Guezzam",
        "address": "In Guezzam, Algérie",
        "employeeCount": 25,
        "verificationStatus": "VERIFIED",
        "hasWebsite": false
      }
    },
    {
      "type": "Feature",
      "geometry": {
        "type": "Point",
        "coordinates": [
          5.7578,
          23.4814
        ]
      },
      "properties": {
        "id": "cmsvmydnm005zp5g60i32hhet",
        "name": "SARL Hébergement Touristique Sahel (HTS)",
        "slug": "sarl-hebergement-touristique-sahel-hts",
        "wilaya": "57",
        "wilayaName": "57",
        "commune": "In Guezzam",
        "address": "In Guezzam, Algérie",
        "employeeCount": 12,
        "verificationStatus": "VERIFIED",
        "hasWebsite": false
      }
    },
    {
      "type": "Feature",
      "geometry": {
        "type": "Point",
        "coordinates": [
          5.7274,
          23.508
        ]
      },
      "properties": {
        "id": "cmsvmydnn0061p5g6tmovjwc3",
        "name": "EURL Artisanat Touareg In Guezzam (ATIG)",
        "slug": "eurl-artisanat-touareg-in-guezzam-atig",
        "wilaya": "57",
        "wilayaName": "57",
        "commune": "In Guezzam",
        "address": "In Guezzam, Algérie",
        "employeeCount": 15,
        "verificationStatus": "VERIFIED",
        "hasWebsite": false
      }
    },
    {
      "type": "Feature",
      "geometry": {
        "type": "Point",
        "coordinates": [
          5.7144,
          23.5221
        ]
      },
      "properties": {
        "id": "cmsvmydno0063p5g6hrebmnbr",
        "name": "SARL Station Service In Guezzam Énergie (SSIGE)",
        "slug": "sarl-station-service-in-guezzam-energie-ssige",
        "wilaya": "57",
        "wilayaName": "57",
        "commune": "In Guezzam",
        "address": "In Guezzam, Algérie",
        "employeeCount": 8,
        "verificationStatus": "VERIFIED",
        "hasWebsite": false
      }
    },
    {
      "type": "Feature",
      "geometry": {
        "type": "Point",
        "coordinates": [
          5.7116,
          23.5158
        ]
      },
      "properties": {
        "id": "cmsvmydno0065p5g6m1bawf10",
        "name": "EURL Services Télécoms In Guezzam (STIG)",
        "slug": "eurl-services-telecoms-in-guezzam-stig",
        "wilaya": "57",
        "wilayaName": "57",
        "commune": "In Guezzam",
        "address": "In Guezzam, Algérie",
        "employeeCount": 4,
        "verificationStatus": "VERIFIED",
        "hasWebsite": false
      }
    },
    {
      "type": "Feature",
      "geometry": {
        "type": "Point",
        "coordinates": [
          5.7291,
          23.5108
        ]
      },
      "properties": {
        "id": "cmsvmydnp0067p5g6mr6knsh6",
        "name": "SARL Boucherie Viandes In Guezzam (BVIG)",
        "slug": "sarl-boucherie-viandes-in-guezzam-bvig",
        "wilaya": "57",
        "wilayaName": "57",
        "commune": "In Guezzam",
        "address": "In Guezzam, Algérie",
        "employeeCount": 8,
        "verificationStatus": "VERIFIED",
        "hasWebsite": false
      }
    },
    {
      "type": "Feature",
      "geometry": {
        "type": "Point",
        "coordinates": [
          5.7553,
          23.4955
        ]
      },
      "properties": {
        "id": "cmsvmydnq0069p5g6cuggfhff",
        "name": "EURL Boulangerie Pâtisserie In Guezzam (BPIG)",
        "slug": "eurl-boulangerie-patisserie-in-guezzam-bpig",
        "wilaya": "57",
        "wilayaName": "57",
        "commune": "In Guezzam",
        "address": "In Guezzam, Algérie",
        "employeeCount": 10,
        "verificationStatus": "VERIFIED",
        "hasWebsite": false
      }
    },
    {
      "type": "Feature",
      "geometry": {
        "type": "Point",
        "coordinates": [
          5.7356,
          23.505
        ]
      },
      "properties": {
        "id": "cmsvmydnr006bp5g67gmnrxtn",
        "name": "SARL Location Véhicules 4x4 In Guezzam (LV4IG)",
        "slug": "sarl-location-vehicules-4x4-in-guezzam-lv4ig",
        "wilaya": "57",
        "wilayaName": "57",
        "commune": "In Guezzam",
        "address": "In Guezzam, Algérie",
        "employeeCount": 6,
        "verificationStatus": "VERIFIED",
        "hasWebsite": false
      }
    },
    {
      "type": "Feature",
      "geometry": {
        "type": "Point",
        "coordinates": [
          0.0287,
          29.2899
        ]
      },
      "properties": {
        "id": "cmsvmydnt006dp5g6yvpaojhy",
        "name": "SARL Dattes et Produits du Gourara (DPG)",
        "slug": "sarl-dattes-et-produits-du-gourara-dpg",
        "wilaya": "58",
        "wilayaName": "58",
        "commune": "Timimoun",
        "address": "Timimoun, Algérie",
        "employeeCount": 45,
        "verificationStatus": "VERIFIED",
        "hasWebsite": false
      }
    },
    {
      "type": "Feature",
      "geometry": {
        "type": "Point",
        "coordinates": [
          0.0113,
          29.2665
        ]
      },
      "properties": {
        "id": "cmsvmydnu006fp5g6qg7q2iq0",
        "name": "SPA Hôtellerie Tourisme Oasis Rouge (HTOR)",
        "slug": "spa-hotellerie-tourisme-oasis-rouge-htor",
        "wilaya": "58",
        "wilayaName": "58",
        "commune": "Timimoun",
        "address": "Timimoun, Algérie",
        "employeeCount": 60,
        "verificationStatus": "VERIFIED",
        "hasWebsite": false
      }
    },
    {
      "type": "Feature",
      "geometry": {
        "type": "Point",
        "coordinates": [
          -0.0008,
          29.2782
        ]
      },
      "properties": {
        "id": "cmsvmydnv006hp5g61q4d0vml",
        "name": "Coopérative Artisanat Poterie Timimoun (CAPT)",
        "slug": "cooperative-artisanat-poterie-timimoun-capt",
        "wilaya": "58",
        "wilayaName": "58",
        "commune": "Timimoun",
        "address": "Timimoun, Algérie",
        "employeeCount": 40,
        "verificationStatus": "VERIFIED",
        "hasWebsite": false
      }
    },
    {
      "type": "Feature",
      "geometry": {
        "type": "Point",
        "coordinates": [
          0.0097,
          29.2882
        ]
      },
      "properties": {
        "id": "cmsvmydnw006jp5g6dq6m0mjz",
        "name": "EURL Tapis et Tissage Gourara (TTG)",
        "slug": "eurl-tapis-et-tissage-gourara-ttg",
        "wilaya": "58",
        "wilayaName": "58",
        "commune": "Timimoun",
        "address": "Timimoun, Algérie",
        "employeeCount": 20,
        "verificationStatus": "VERIFIED",
        "hasWebsite": false
      }
    },
    {
      "type": "Feature",
      "geometry": {
        "type": "Point",
        "coordinates": [
          0.0223,
          29.298
        ]
      },
      "properties": {
        "id": "cmsvmydnx006lp5g6h7k633s8",
        "name": "SARL Unité Transformation Dattes Timimoun (UTDT)",
        "slug": "sarl-unite-transformation-dattes-timimoun-utdt",
        "wilaya": "58",
        "wilayaName": "58",
        "commune": "Timimoun",
        "address": "Timimoun, Algérie",
        "employeeCount": 35,
        "verificationStatus": "VERIFIED",
        "hasWebsite": false
      }
    },
    {
      "type": "Feature",
      "geometry": {
        "type": "Point",
        "coordinates": [
          -0.015,
          29.2831
        ]
      },
      "properties": {
        "id": "cmsvmydny006np5g6h1upgluq",
        "name": "SARL Commerce Général Timimoun (CGTM)",
        "slug": "sarl-commerce-general-timimoun-cgtm",
        "wilaya": "58",
        "wilayaName": "58",
        "commune": "Timimoun",
        "address": "Timimoun, Algérie",
        "employeeCount": 25,
        "verificationStatus": "VERIFIED",
        "hasWebsite": false
      }
    },
    {
      "type": "Feature",
      "geometry": {
        "type": "Point",
        "coordinates": [
          0.0069,
          29.265
        ]
      },
      "properties": {
        "id": "cmsvmydnz006pp5g6cep2uhud",
        "name": "EURL Transport Oasis Timimoun (TOT)",
        "slug": "eurl-transport-oasis-timimoun-tot",
        "wilaya": "58",
        "wilayaName": "58",
        "commune": "Timimoun",
        "address": "Timimoun, Algérie",
        "employeeCount": 15,
        "verificationStatus": "VERIFIED",
        "hasWebsite": false
      }
    },
    {
      "type": "Feature",
      "geometry": {
        "type": "Point",
        "coordinates": [
          -0.0267,
          29.2568
        ]
      },
      "properties": {
        "id": "cmsvmydo0006rp5g6ibuliu71",
        "name": "SARL BTP Timimoun Construction (BTC)",
        "slug": "sarl-btp-timimoun-construction-btc",
        "wilaya": "58",
        "wilayaName": "58",
        "commune": "Timimoun",
        "address": "Timimoun, Algérie",
        "employeeCount": 50,
        "verificationStatus": "VERIFIED",
        "hasWebsite": false
      }
    },
    {
      "type": "Feature",
      "geometry": {
        "type": "Point",
        "coordinates": [
          0.0013,
          29.2811
        ]
      },
      "properties": {
        "id": "cmsvmydo1006tp5g62pcvah1z",
        "name": "Coopérative Agricole Palmeraies Gourara (CAPG)",
        "slug": "cooperative-agricole-palmeraies-gourara-capg",
        "wilaya": "58",
        "wilayaName": "58",
        "commune": "Timimoun",
        "address": "Timimoun, Algérie",
        "employeeCount": 30,
        "verificationStatus": "VERIFIED",
        "hasWebsite": false
      }
    },
    {
      "type": "Feature",
      "geometry": {
        "type": "Point",
        "coordinates": [
          -0.0282,
          29.2869
        ]
      },
      "properties": {
        "id": "cmsvmydo2006vp5g6wdciopyz",
        "name": "EURL Agence Immobilière Timimoun (AIT)",
        "slug": "eurl-agence-immobiliere-timimoun-ait",
        "wilaya": "58",
        "wilayaName": "58",
        "commune": "Timimoun",
        "address": "Timimoun, Algérie",
        "employeeCount": 5,
        "verificationStatus": "VERIFIED",
        "hasWebsite": false
      }
    },
    {
      "type": "Feature",
      "geometry": {
        "type": "Point",
        "coordinates": [
          -0.006,
          29.286
        ]
      },
      "properties": {
        "id": "cmsvmydo4006xp5g63ijwklya",
        "name": "SARL Station Service Timimoun Énergie (SSTE)",
        "slug": "sarl-station-service-timimoun-energie-sste",
        "wilaya": "58",
        "wilayaName": "58",
        "commune": "Timimoun",
        "address": "Timimoun, Algérie",
        "employeeCount": 10,
        "verificationStatus": "VERIFIED",
        "hasWebsite": false
      }
    },
    {
      "type": "Feature",
      "geometry": {
        "type": "Point",
        "coordinates": [
          -0.0154,
          29.292
        ]
      },
      "properties": {
        "id": "cmsvmydo5006zp5g69esjnt10",
        "name": "EURL Électricité Générale Timimoun (EGT)",
        "slug": "eurl-electricite-generale-timimoun-egt",
        "wilaya": "58",
        "wilayaName": "58",
        "commune": "Timimoun",
        "address": "Timimoun, Algérie",
        "employeeCount": 8,
        "verificationStatus": "VERIFIED",
        "hasWebsite": false
      }
    },
    {
      "type": "Feature",
      "geometry": {
        "type": "Point",
        "coordinates": [
          -0.0164,
          29.258
        ]
      },
      "properties": {
        "id": "cmsvmydo60071p5g6uxsy7y4r",
        "name": "SARl Plomberie Sanitaire Timimoun (PST)",
        "slug": "sarl-plomberie-sanitaire-timimoun-pst",
        "wilaya": "58",
        "wilayaName": "58",
        "commune": "Timimoun",
        "address": "Timimoun, Algérie",
        "employeeCount": 12,
        "verificationStatus": "VERIFIED",
        "hasWebsite": false
      }
    },
    {
      "type": "Feature",
      "geometry": {
        "type": "Point",
        "coordinates": [
          0.0228,
          29.2988
        ]
      },
      "properties": {
        "id": "cmsvmydo70073p5g6mnwanipg",
        "name": "EURL Froid Climatisation Timimoun (FCT)",
        "slug": "eurl-froid-climatisation-timimoun-fct",
        "wilaya": "58",
        "wilayaName": "58",
        "commune": "Timimoun",
        "address": "Timimoun, Algérie",
        "employeeCount": 10,
        "verificationStatus": "VERIFIED",
        "hasWebsite": false
      }
    },
    {
      "type": "Feature",
      "geometry": {
        "type": "Point",
        "coordinates": [
          -0.0163,
          29.3034
        ]
      },
      "properties": {
        "id": "cmsvmydo80075p5g6ex6fpud4",
        "name": "SARL Boulangerie Pâtisserie Gourara (BPG)",
        "slug": "sarl-boulangerie-patisserie-gourara-bpg",
        "wilaya": "58",
        "wilayaName": "58",
        "commune": "Timimoun",
        "address": "Timimoun, Algérie",
        "employeeCount": 18,
        "verificationStatus": "VERIFIED",
        "hasWebsite": false
      }
    },
    {
      "type": "Feature",
      "geometry": {
        "type": "Point",
        "coordinates": [
          0.0048,
          29.302
        ]
      },
      "properties": {
        "id": "cmsvmydoa0077p5g60gndc52r",
        "name": "EURL Pharmacie Grossiste Timimoun (PGT)",
        "slug": "eurl-pharmacie-grossiste-timimoun-pgt",
        "wilaya": "58",
        "wilayaName": "58",
        "commune": "Timimoun",
        "address": "Timimoun, Algérie",
        "employeeCount": 8,
        "verificationStatus": "VERIFIED",
        "hasWebsite": false
      }
    },
    {
      "type": "Feature",
      "geometry": {
        "type": "Point",
        "coordinates": [
          1.3351,
          36.1456
        ]
      },
      "properties": {
        "id": "cmsvxs7bn0003r1gdxym6vynf",
        "name": "ECDE - Entreprise des Ciments et Dérivés de Chlef",
        "slug": "ecde-entreprise-des-ciments-et-derives-de-chlef",
        "wilaya": "02",
        "wilayaName": "Chlef",
        "commune": "Chlef",
        "address": "Chlef, Algérie",
        "employeeCount": 1250,
        "verificationStatus": "VERIFIED",
        "hasWebsite": false
      }
    },
    {
      "type": "Feature",
      "geometry": {
        "type": "Point",
        "coordinates": [
          1.3606,
          36.156
        ]
      },
      "properties": {
        "id": "cmsvxs7bp0005r1gd6kjsa9bm",
        "name": "CAPTEN SARL",
        "slug": "capten-sarl",
        "wilaya": "02",
        "wilayaName": "Chlef",
        "commune": "Chlef",
        "address": "Chlef, Algérie",
        "employeeCount": 380,
        "verificationStatus": "VERIFIED",
        "hasWebsite": false
      }
    },
    {
      "type": "Feature",
      "geometry": {
        "type": "Point",
        "coordinates": [
          1.3186,
          36.1684
        ]
      },
      "properties": {
        "id": "cmsvxs7br0007r1gd1hxk5ygs",
        "name": "SARL Chlef Commerce International",
        "slug": "sarl-chlef-commerce-international",
        "wilaya": "02",
        "wilayaName": "Chlef",
        "commune": "Chlef",
        "address": "Chlef, Algérie",
        "employeeCount": 75,
        "verificationStatus": "PENDING",
        "hasWebsite": false
      }
    },
    {
      "type": "Feature",
      "geometry": {
        "type": "Point",
        "coordinates": [
          1.3013,
          36.1615
        ]
      },
      "properties": {
        "id": "cmsvxs7bs0009r1gd46azgsr1",
        "name": "EURL Agricole du Chéliff",
        "slug": "eurl-agricole-du-cheliff",
        "wilaya": "02",
        "wilayaName": "Chlef",
        "commune": "Chlef",
        "address": "Chlef, Algérie",
        "employeeCount": 45,
        "verificationStatus": "PENDING",
        "hasWebsite": false
      }
    },
    {
      "type": "Feature",
      "geometry": {
        "type": "Point",
        "coordinates": [
          1.3232,
          36.1722
        ]
      },
      "properties": {
        "id": "cmsvxs7bu000br1gdij4u2dyd",
        "name": "SPA BTP Chlef Travaux",
        "slug": "spa-btp-chlef-travaux",
        "wilaya": "02",
        "wilayaName": "Chlef",
        "commune": "Chlef",
        "address": "Chlef, Algérie",
        "employeeCount": 320,
        "verificationStatus": "VERIFIED",
        "hasWebsite": false
      }
    },
    {
      "type": "Feature",
      "geometry": {
        "type": "Point",
        "coordinates": [
          1.3438,
          36.1419
        ]
      },
      "properties": {
        "id": "cmsvxs7bw000dr1gdjbjblvrz",
        "name": "SARL Laiterie du Chéliff",
        "slug": "sarl-laiterie-du-cheliff",
        "wilaya": "02",
        "wilayaName": "Chlef",
        "commune": "Chlef",
        "address": "Chlef, Algérie",
        "employeeCount": 95,
        "verificationStatus": "PENDING",
        "hasWebsite": false
      }
    },
    {
      "type": "Feature",
      "geometry": {
        "type": "Point",
        "coordinates": [
          1.3288,
          36.1695
        ]
      },
      "properties": {
        "id": "cmsvxs7bx000fr1gdvuxuebrk",
        "name": "EURL Métal Service Chlef",
        "slug": "eurl-metal-service-chlef",
        "wilaya": "02",
        "wilayaName": "Chlef",
        "commune": "Chlef",
        "address": "Chlef, Algérie",
        "employeeCount": 18,
        "verificationStatus": "PENDING",
        "hasWebsite": false
      }
    },
    {
      "type": "Feature",
      "geometry": {
        "type": "Point",
        "coordinates": [
          1.3667,
          36.1798
        ]
      },
      "properties": {
        "id": "cmsvxs7by000hr1gdoyjoyo7q",
        "name": "SARL Conserverie Végétale Chlef",
        "slug": "sarl-conserverie-vegetale-chlef",
        "wilaya": "02",
        "wilayaName": "Chlef",
        "commune": "Chlef",
        "address": "Chlef, Algérie",
        "employeeCount": 120,
        "verificationStatus": "PENDING",
        "hasWebsite": false
      }
    },
    {
      "type": "Feature",
      "geometry": {
        "type": "Point",
        "coordinates": [
          1.3469,
          36.1874
        ]
      },
      "properties": {
        "id": "cmsvxs7bz000jr1gdf6ipxioa",
        "name": "SPA Transport Chéliff",
        "slug": "spa-transport-cheliff",
        "wilaya": "02",
        "wilayaName": "Chlef",
        "commune": "Chlef",
        "address": "Chlef, Algérie",
        "employeeCount": 180,
        "verificationStatus": "VERIFIED",
        "hasWebsite": false
      }
    },
    {
      "type": "Feature",
      "geometry": {
        "type": "Point",
        "coordinates": [
          1.3334,
          36.1928
        ]
      },
      "properties": {
        "id": "cmsvxs7c0000lr1gds9c7upy5",
        "name": "EURL Huilerie Moderne Chlef",
        "slug": "eurl-huilerie-moderne-chlef",
        "wilaya": "02",
        "wilayaName": "Chlef",
        "commune": "Chlef",
        "address": "Chlef, Algérie",
        "employeeCount": 25,
        "verificationStatus": "PENDING",
        "hasWebsite": false
      }
    },
    {
      "type": "Feature",
      "geometry": {
        "type": "Point",
        "coordinates": [
          1.3663,
          36.1455
        ]
      },
      "properties": {
        "id": "cmsvxs7c1000nr1gdv9ahm0ia",
        "name": "SARL Menuiserie Aluminium Chlef",
        "slug": "sarl-menuiserie-aluminium-chlef",
        "wilaya": "02",
        "wilayaName": "Chlef",
        "commune": "Chlef",
        "address": "Chlef, Algérie",
        "employeeCount": 42,
        "verificationStatus": "PENDING",
        "hasWebsite": false
      }
    },
    {
      "type": "Feature",
      "geometry": {
        "type": "Point",
        "coordinates": [
          1.334,
          36.1576
        ]
      },
      "properties": {
        "id": "cmsvxs7c2000pr1gdxad53u6k",
        "name": "EURL Élevage Avicole Chéliff",
        "slug": "eurl-elevage-avicole-cheliff",
        "wilaya": "02",
        "wilayaName": "Chlef",
        "commune": "Chlef",
        "address": "Chlef, Algérie",
        "employeeCount": 22,
        "verificationStatus": "PENDING",
        "hasWebsite": false
      }
    },
    {
      "type": "Feature",
      "geometry": {
        "type": "Point",
        "coordinates": [
          1.3354,
          36.1795
        ]
      },
      "properties": {
        "id": "cmsvxs7c3000rr1gd4iegebds",
        "name": "SARL Pharmacie Centrale Chlef",
        "slug": "sarl-pharmacie-centrale-chlef",
        "wilaya": "02",
        "wilayaName": "Chlef",
        "commune": "Chlef",
        "address": "Chlef, Algérie",
        "employeeCount": 35,
        "verificationStatus": "VERIFIED",
        "hasWebsite": false
      }
    },
    {
      "type": "Feature",
      "geometry": {
        "type": "Point",
        "coordinates": [
          1.3032,
          36.1601
        ]
      },
      "properties": {
        "id": "cmsvxs7c4000tr1gdv34nchq6",
        "name": "EURL Plomberie Sanitaire Chlef",
        "slug": "eurl-plomberie-sanitaire-chlef",
        "wilaya": "02",
        "wilayaName": "Chlef",
        "commune": "Chlef",
        "address": "Chlef, Algérie",
        "employeeCount": 8,
        "verificationStatus": "PENDING",
        "hasWebsite": false
      }
    },
    {
      "type": "Feature",
      "geometry": {
        "type": "Point",
        "coordinates": [
          1.3589,
          36.1792
        ]
      },
      "properties": {
        "id": "cmsvxs7c4000vr1gd31ta2727",
        "name": "SARL Pâtisserie Industrielle Chlef",
        "slug": "sarl-patisserie-industrielle-chlef",
        "wilaya": "02",
        "wilayaName": "Chlef",
        "commune": "Chlef",
        "address": "Chlef, Algérie",
        "employeeCount": 68,
        "verificationStatus": "PENDING",
        "hasWebsite": false
      }
    },
    {
      "type": "Feature",
      "geometry": {
        "type": "Point",
        "coordinates": [
          1.3483,
          36.1595
        ]
      },
      "properties": {
        "id": "cmsvxs7c5000xr1gdb1pte7cr",
        "name": "EURL Garage Automobile Chlef",
        "slug": "eurl-garage-automobile-chlef",
        "wilaya": "02",
        "wilayaName": "Chlef",
        "commune": "Chlef",
        "address": "Chlef, Algérie",
        "employeeCount": 12,
        "verificationStatus": "PENDING",
        "hasWebsite": false
      }
    },
    {
      "type": "Feature",
      "geometry": {
        "type": "Point",
        "coordinates": [
          1.3059,
          36.1418
        ]
      },
      "properties": {
        "id": "cmsvxs7c6000zr1gd6ffqtdl3",
        "name": "SARL Électricité Générale Chlef",
        "slug": "sarl-electricite-generale-chlef",
        "wilaya": "02",
        "wilayaName": "Chlef",
        "commune": "Chlef",
        "address": "Chlef, Algérie",
        "employeeCount": 28,
        "verificationStatus": "PENDING",
        "hasWebsite": false
      }
    },
    {
      "type": "Feature",
      "geometry": {
        "type": "Point",
        "coordinates": [
          1.3496,
          36.1523
        ]
      },
      "properties": {
        "id": "cmsvxs7c80011r1gdg54yeztl",
        "name": "EURL Boulangerie Traditionnelle Chlef",
        "slug": "eurl-boulangerie-traditionnelle-chlef",
        "wilaya": "02",
        "wilayaName": "Chlef",
        "commune": "Chlef",
        "address": "Chlef, Algérie",
        "employeeCount": 15,
        "verificationStatus": "PENDING",
        "hasWebsite": false
      }
    },
    {
      "type": "Feature",
      "geometry": {
        "type": "Point",
        "coordinates": [
          1.3625,
          36.1475
        ]
      },
      "properties": {
        "id": "cmsvxs7c90013r1gdqjgeabsf",
        "name": "SARL Eaux Minérales du Chéliff",
        "slug": "sarl-eaux-minerales-du-cheliff",
        "wilaya": "02",
        "wilayaName": "Chlef",
        "commune": "Chlef",
        "address": "Chlef, Algérie",
        "employeeCount": 85,
        "verificationStatus": "PENDING",
        "hasWebsite": false
      }
    },
    {
      "type": "Feature",
      "geometry": {
        "type": "Point",
        "coordinates": [
          1.3334,
          36.1526
        ]
      },
      "properties": {
        "id": "cmsvxs7ca0015r1gd27psmgoj",
        "name": "EURL Ferronnerie d'Art Chlef",
        "slug": "eurl-ferronnerie-dart-chlef",
        "wilaya": "02",
        "wilayaName": "Chlef",
        "commune": "Chlef",
        "address": "Chlef, Algérie",
        "employeeCount": 10,
        "verificationStatus": "PENDING",
        "hasWebsite": false
      }
    },
    {
      "type": "Feature",
      "geometry": {
        "type": "Point",
        "coordinates": [
          1.3238,
          36.1849
        ]
      },
      "properties": {
        "id": "cmsvxs7cb0017r1gd4cybbi76",
        "name": "SARL Promotion Immobilière Chlef",
        "slug": "sarl-promotion-immobiliere-chlef",
        "wilaya": "02",
        "wilayaName": "Chlef",
        "commune": "Chlef",
        "address": "Chlef, Algérie",
        "employeeCount": 32,
        "verificationStatus": "PENDING",
        "hasWebsite": false
      }
    },
    {
      "type": "Feature",
      "geometry": {
        "type": "Point",
        "coordinates": [
          1.3667,
          36.1663
        ]
      },
      "properties": {
        "id": "cmsvxs7cc0019r1gddhjcqung",
        "name": "EURL Peinture Décoration Chlef",
        "slug": "eurl-peinture-decoration-chlef",
        "wilaya": "02",
        "wilayaName": "Chlef",
        "commune": "Chlef",
        "address": "Chlef, Algérie",
        "employeeCount": 7,
        "verificationStatus": "PENDING",
        "hasWebsite": false
      }
    },
    {
      "type": "Feature",
      "geometry": {
        "type": "Point",
        "coordinates": [
          1.309,
          36.1907
        ]
      },
      "properties": {
        "id": "cmsvxs7cd001br1gdyrscrqk9",
        "name": "SARL Cosmétiques Naturels Chlef",
        "slug": "sarl-cosmetiques-naturels-chlef",
        "wilaya": "02",
        "wilayaName": "Chlef",
        "commune": "Chlef",
        "address": "Chlef, Algérie",
        "employeeCount": 18,
        "verificationStatus": "PENDING",
        "hasWebsite": false
      }
    },
    {
      "type": "Feature",
      "geometry": {
        "type": "Point",
        "coordinates": [
          1.3114,
          36.1894
        ]
      },
      "properties": {
        "id": "cmsvxs7ce001dr1gdi1w1bh3j",
        "name": "EURL Apiculture du Chéliff",
        "slug": "eurl-apiculture-du-cheliff",
        "wilaya": "02",
        "wilayaName": "Chlef",
        "commune": "Chlef",
        "address": "Chlef, Algérie",
        "employeeCount": 6,
        "verificationStatus": "PENDING",
        "hasWebsite": false
      }
    },
    {
      "type": "Feature",
      "geometry": {
        "type": "Point",
        "coordinates": [
          1.3122,
          36.1732
        ]
      },
      "properties": {
        "id": "cmsvxs7cf001fr1gdfidpblzx",
        "name": "SARL Informatique Bureau Chlef",
        "slug": "sarl-informatique-bureau-chlef",
        "wilaya": "02",
        "wilayaName": "Chlef",
        "commune": "Chlef",
        "address": "Chlef, Algérie",
        "employeeCount": 14,
        "verificationStatus": "PENDING",
        "hasWebsite": false
      }
    },
    {
      "type": "Feature",
      "geometry": {
        "type": "Point",
        "coordinates": [
          1.3492,
          36.1869
        ]
      },
      "properties": {
        "id": "cmsvxs7cg001hr1gd29mfsryk",
        "name": "EURL Froid Climatisation Chlef",
        "slug": "eurl-froid-climatisation-chlef",
        "wilaya": "02",
        "wilayaName": "Chlef",
        "commune": "Chlef",
        "address": "Chlef, Algérie",
        "employeeCount": 11,
        "verificationStatus": "PENDING",
        "hasWebsite": false
      }
    },
    {
      "type": "Feature",
      "geometry": {
        "type": "Point",
        "coordinates": [
          1.3436,
          36.1832
        ]
      },
      "properties": {
        "id": "cmsvxs7ch001jr1gdc504miey",
        "name": "SARL Textile Habillement Chlef",
        "slug": "sarl-textile-habillement-chlef",
        "wilaya": "02",
        "wilayaName": "Chlef",
        "commune": "Chlef",
        "address": "Chlef, Algérie",
        "employeeCount": 48,
        "verificationStatus": "PENDING",
        "hasWebsite": false
      }
    },
    {
      "type": "Feature",
      "geometry": {
        "type": "Point",
        "coordinates": [
          1.3168,
          36.1726
        ]
      },
      "properties": {
        "id": "cmsvxs7ci001lr1gdyk7rbpz9",
        "name": "EURL Carrières Oued Fodda",
        "slug": "eurl-carrieres-oued-fodda",
        "wilaya": "02",
        "wilayaName": "Chlef",
        "commune": "Chlef",
        "address": "Chlef, Algérie",
        "employeeCount": 35,
        "verificationStatus": "PENDING",
        "hasWebsite": false
      }
    },
    {
      "type": "Feature",
      "geometry": {
        "type": "Point",
        "coordinates": [
          1.3258,
          36.1896
        ]
      },
      "properties": {
        "id": "cmsvxs7cj001nr1gd20ctrkht",
        "name": "SARL Station Service Chlef Nord",
        "slug": "sarl-station-service-chlef-nord",
        "wilaya": "02",
        "wilayaName": "Chlef",
        "commune": "Chlef",
        "address": "Chlef, Algérie",
        "employeeCount": 22,
        "verificationStatus": "VERIFIED",
        "hasWebsite": false
      }
    },
    {
      "type": "Feature",
      "geometry": {
        "type": "Point",
        "coordinates": [
          1.356,
          36.1602
        ]
      },
      "properties": {
        "id": "cmsvxs7cl001pr1gd7tlu9wuw",
        "name": "EURL Imprimerie Régionale Chlef",
        "slug": "eurl-imprimerie-regionale-chlef",
        "wilaya": "02",
        "wilayaName": "Chlef",
        "commune": "Chlef",
        "address": "Chlef, Algérie",
        "employeeCount": 13,
        "verificationStatus": "PENDING",
        "hasWebsite": false
      }
    },
    {
      "type": "Feature",
      "geometry": {
        "type": "Point",
        "coordinates": [
          1.3501,
          36.187
        ]
      },
      "properties": {
        "id": "cmsvxs7co001tr1gd9d9vd1cz",
        "name": "EURL Meubles Modernes Chlef",
        "slug": "eurl-meubles-modernes-chlef",
        "wilaya": "02",
        "wilayaName": "Chlef",
        "commune": "Chlef",
        "address": "Chlef, Algérie",
        "employeeCount": 24,
        "verificationStatus": "PENDING",
        "hasWebsite": false
      }
    },
    {
      "type": "Feature",
      "geometry": {
        "type": "Point",
        "coordinates": [
          1.3248,
          36.1403
        ]
      },
      "properties": {
        "id": "cmsvxs7cq001vr1gd9en3yama",
        "name": "SARL Élevage Bovin Chéliff",
        "slug": "sarl-elevage-bovin-cheliff",
        "wilaya": "02",
        "wilayaName": "Chlef",
        "commune": "Chlef",
        "address": "Chlef, Algérie",
        "employeeCount": 38,
        "verificationStatus": "PENDING",
        "hasWebsite": false
      }
    },
    {
      "type": "Feature",
      "geometry": {
        "type": "Point",
        "coordinates": [
          1.3034,
          36.1778
        ]
      },
      "properties": {
        "id": "cmsvxs7cr001xr1gduc5vp9u0",
        "name": "EURL Plâtrerie Peinture Chlef",
        "slug": "eurl-platrerie-peinture-chlef",
        "wilaya": "02",
        "wilayaName": "Chlef",
        "commune": "Chlef",
        "address": "Chlef, Algérie",
        "employeeCount": 9,
        "verificationStatus": "PENDING",
        "hasWebsite": false
      }
    },
    {
      "type": "Feature",
      "geometry": {
        "type": "Point",
        "coordinates": [
          7.1217,
          35.69
        ]
      },
      "properties": {
        "id": "cmsvxs7ct001zr1gd5zhm3u5m",
        "name": "CCLS Ain M'lila",
        "slug": "ccls-ain-mlila",
        "wilaya": "04",
        "wilayaName": "Oum El Bouaghi",
        "commune": "Oum El Bouaghi",
        "address": "Oum El Bouaghi, Algérie",
        "employeeCount": 65,
        "verificationStatus": "VERIFIED",
        "hasWebsite": false
      }
    },
    {
      "type": "Feature",
      "geometry": {
        "type": "Point",
        "coordinates": [
          7.1337,
          35.711
        ]
      },
      "properties": {
        "id": "cmsvxs7cu0021r1gdgi0t0eme",
        "name": "Laiterie Habes (Wisslait)",
        "slug": "laiterie-habes-wisslait",
        "wilaya": "04",
        "wilayaName": "Oum El Bouaghi",
        "commune": "Oum El Bouaghi",
        "address": "Oum El Bouaghi, Algérie",
        "employeeCount": 18,
        "verificationStatus": "PENDING",
        "hasWebsite": false
      }
    },
    {
      "type": "Feature",
      "geometry": {
        "type": "Point",
        "coordinates": [
          7.0861,
          35.6739
        ]
      },
      "properties": {
        "id": "cmsvxs7cv0023r1gdv449x8ng",
        "name": "Laiterie El Kahina",
        "slug": "laiterie-el-kahina",
        "wilaya": "04",
        "wilayaName": "Oum El Bouaghi",
        "commune": "Oum El Bouaghi",
        "address": "Oum El Bouaghi, Algérie",
        "employeeCount": 35,
        "verificationStatus": "PENDING",
        "hasWebsite": false
      }
    },
    {
      "type": "Feature",
      "geometry": {
        "type": "Point",
        "coordinates": [
          7.1486,
          35.7008
        ]
      },
      "properties": {
        "id": "cmsvxs7cw0025r1gde49r4opa",
        "name": "PROLIPOS SARL",
        "slug": "prolipos-sarl",
        "wilaya": "04",
        "wilayaName": "Oum El Bouaghi",
        "commune": "Oum El Bouaghi",
        "address": "Oum El Bouaghi, Algérie",
        "employeeCount": 42,
        "verificationStatus": "PENDING",
        "hasWebsite": false
      }
    },
    {
      "type": "Feature",
      "geometry": {
        "type": "Point",
        "coordinates": [
          7.0875,
          35.6924
        ]
      },
      "properties": {
        "id": "cmsvxs7cy0027r1gdgdcrg3rl",
        "name": "SANIPLAST SARL",
        "slug": "saniplast-sarl",
        "wilaya": "04",
        "wilayaName": "Oum El Bouaghi",
        "commune": "Oum El Bouaghi",
        "address": "Oum El Bouaghi, Algérie",
        "employeeCount": 38,
        "verificationStatus": "PENDING",
        "hasWebsite": false
      }
    },
    {
      "type": "Feature",
      "geometry": {
        "type": "Point",
        "coordinates": [
          7.144,
          35.6901
        ]
      },
      "properties": {
        "id": "cmsvxs7cz0029r1gdkgis7r8q",
        "name": "NAKAA INDUSTRIE",
        "slug": "nakaa-industrie",
        "wilaya": "04",
        "wilayaName": "Oum El Bouaghi",
        "commune": "Oum El Bouaghi",
        "address": "Oum El Bouaghi, Algérie",
        "employeeCount": 15,
        "verificationStatus": "PENDING",
        "hasWebsite": false
      }
    },
    {
      "type": "Feature",
      "geometry": {
        "type": "Point",
        "coordinates": [
          7.1151,
          35.716
        ]
      },
      "properties": {
        "id": "cmsvxs7d0002br1gdh8bc2t6p",
        "name": "Entreprise des Agrégats et Sable (EAS)",
        "slug": "entreprise-des-agregats-et-sable-eas",
        "wilaya": "04",
        "wilayaName": "Oum El Bouaghi",
        "commune": "Oum El Bouaghi",
        "address": "Oum El Bouaghi, Algérie",
        "employeeCount": 45,
        "verificationStatus": "PENDING",
        "hasWebsite": false
      }
    },
    {
      "type": "Feature",
      "geometry": {
        "type": "Point",
        "coordinates": [
          7.1174,
          35.7149
        ]
      },
      "properties": {
        "id": "cmsvxs7d1002dr1gd55nmbptp",
        "name": "Divindus DMC Oum El Bouaghi",
        "slug": "divindus-dmc-oum-el-bouaghi",
        "wilaya": "04",
        "wilayaName": "Oum El Bouaghi",
        "commune": "Oum El Bouaghi",
        "address": "Oum El Bouaghi, Algérie",
        "employeeCount": 22,
        "verificationStatus": "PENDING",
        "hasWebsite": false
      }
    },
    {
      "type": "Feature",
      "geometry": {
        "type": "Point",
        "coordinates": [
          7.1243,
          35.706
        ]
      },
      "properties": {
        "id": "cmsvxs7d2002fr1gdc6r3fesb",
        "name": "EURL Entreprise Imdad",
        "slug": "eurl-entreprise-imdad",
        "wilaya": "04",
        "wilayaName": "Oum El Bouaghi",
        "commune": "Oum El Bouaghi",
        "address": "Oum El Bouaghi, Algérie",
        "employeeCount": 12,
        "verificationStatus": "PENDING",
        "hasWebsite": false
      }
    },
    {
      "type": "Feature",
      "geometry": {
        "type": "Point",
        "coordinates": [
          7.1236,
          35.7033
        ]
      },
      "properties": {
        "id": "cmsvxs7d4002hr1gd23ubk26i",
        "name": "MIX PARTS SARL",
        "slug": "mix-parts-sarl",
        "wilaya": "04",
        "wilayaName": "Oum El Bouaghi",
        "commune": "Oum El Bouaghi",
        "address": "Oum El Bouaghi, Algérie",
        "employeeCount": 10,
        "verificationStatus": "PENDING",
        "hasWebsite": false
      }
    },
    {
      "type": "Feature",
      "geometry": {
        "type": "Point",
        "coordinates": [
          7.124,
          35.6918
        ]
      },
      "properties": {
        "id": "cmsvxs7d5002jr1gdim5mxk1h",
        "name": "Democedes Pharma Algérie",
        "slug": "democedes-pharma-algerie",
        "wilaya": "04",
        "wilayaName": "Oum El Bouaghi",
        "commune": "Oum El Bouaghi",
        "address": "Oum El Bouaghi, Algérie",
        "employeeCount": 18,
        "verificationStatus": "PENDING",
        "hasWebsite": false
      }
    },
    {
      "type": "Feature",
      "geometry": {
        "type": "Point",
        "coordinates": [
          7.1174,
          35.684
        ]
      },
      "properties": {
        "id": "cmsvxs7d6002lr1gdwdtpmu2x",
        "name": "GM Trade Oum El Bouaghi",
        "slug": "gm-trade-oum-el-bouaghi",
        "wilaya": "04",
        "wilayaName": "Oum El Bouaghi",
        "commune": "Oum El Bouaghi",
        "address": "Oum El Bouaghi, Algérie",
        "employeeCount": 14,
        "verificationStatus": "PENDING",
        "hasWebsite": false
      }
    },
    {
      "type": "Feature",
      "geometry": {
        "type": "Point",
        "coordinates": [
          7.1336,
          35.711
        ]
      },
      "properties": {
        "id": "cmsvxs7d8002nr1gdi6xv3jke",
        "name": "Yalidine Express - Agence Oum El Bouaghi",
        "slug": "yalidine-express-agence-oum-el-bouaghi",
        "wilaya": "04",
        "wilayaName": "Oum El Bouaghi",
        "commune": "Oum El Bouaghi",
        "address": "Oum El Bouaghi, Algérie",
        "employeeCount": 28,
        "verificationStatus": "VERIFIED",
        "hasWebsite": false
      }
    },
    {
      "type": "Feature",
      "geometry": {
        "type": "Point",
        "coordinates": [
          7.1469,
          35.678
        ]
      },
      "properties": {
        "id": "cmsvxs7d9002pr1gdayky16mh",
        "name": "Group H.R Ain M'lila",
        "slug": "group-hr-ain-mlila",
        "wilaya": "04",
        "wilayaName": "Oum El Bouaghi",
        "commune": "Oum El Bouaghi",
        "address": "Oum El Bouaghi, Algérie",
        "employeeCount": 16,
        "verificationStatus": "PENDING",
        "hasWebsite": false
      }
    },
    {
      "type": "Feature",
      "geometry": {
        "type": "Point",
        "coordinates": [
          7.1434,
          35.7075
        ]
      },
      "properties": {
        "id": "cmsvxs7da002rr1gdmaxu0iwu",
        "name": "SATO EPE SPA",
        "slug": "sato-epe-spa",
        "wilaya": "04",
        "wilayaName": "Oum El Bouaghi",
        "commune": "Oum El Bouaghi",
        "address": "Oum El Bouaghi, Algérie",
        "employeeCount": 32,
        "verificationStatus": "PENDING",
        "hasWebsite": false
      }
    },
    {
      "type": "Feature",
      "geometry": {
        "type": "Point",
        "coordinates": [
          7.1451,
          35.6683
        ]
      },
      "properties": {
        "id": "cmsvxs7dd002vr1gdpmitptw7",
        "name": "Fromagerie Wisslait",
        "slug": "fromagerie-wisslait",
        "wilaya": "04",
        "wilayaName": "Oum El Bouaghi",
        "commune": "Oum El Bouaghi",
        "address": "Oum El Bouaghi, Algérie",
        "employeeCount": 8,
        "verificationStatus": "PENDING",
        "hasWebsite": false
      }
    },
    {
      "type": "Feature",
      "geometry": {
        "type": "Point",
        "coordinates": [
          7.1408,
          35.6923
        ]
      },
      "properties": {
        "id": "cmsvxs7de002xr1gd7umbljyo",
        "name": "LARBES ABBES EURL",
        "slug": "larbes-abbes-eurl",
        "wilaya": "04",
        "wilayaName": "Oum El Bouaghi",
        "commune": "Oum El Bouaghi",
        "address": "Oum El Bouaghi, Algérie",
        "employeeCount": 12,
        "verificationStatus": "PENDING",
        "hasWebsite": false
      }
    },
    {
      "type": "Feature",
      "geometry": {
        "type": "Point",
        "coordinates": [
          7.1023,
          35.6828
        ]
      },
      "properties": {
        "id": "cmsvxs7df002zr1gdqa9e4k52",
        "name": "SARL Perla Gusto Catering",
        "slug": "sarl-perla-gusto-catering",
        "wilaya": "04",
        "wilayaName": "Oum El Bouaghi",
        "commune": "Oum El Bouaghi",
        "address": "Oum El Bouaghi, Algérie",
        "employeeCount": 15,
        "verificationStatus": "PENDING",
        "hasWebsite": false
      }
    },
    {
      "type": "Feature",
      "geometry": {
        "type": "Point",
        "coordinates": [
          7.0942,
          35.6997
        ]
      },
      "properties": {
        "id": "cmsvxs7dg0031r1gdywp7fnhh",
        "name": "SARL Louaï Promotion Immobilière Construction",
        "slug": "sarl-louai-promotion-immobiliere-construction",
        "wilaya": "04",
        "wilayaName": "Oum El Bouaghi",
        "commune": "Oum El Bouaghi",
        "address": "Oum El Bouaghi, Algérie",
        "employeeCount": 20,
        "verificationStatus": "PENDING",
        "hasWebsite": false
      }
    },
    {
      "type": "Feature",
      "geometry": {
        "type": "Point",
        "coordinates": [
          7.0899,
          35.7118
        ]
      },
      "properties": {
        "id": "cmsvxs7di0033r1gd7uf22cxl",
        "name": "Boulangerie-Pâtisserie Oum El Bouaghi (BPO)",
        "slug": "boulangerie-patisserie-oum-el-bouaghi-bpo",
        "wilaya": "04",
        "wilayaName": "Oum El Bouaghi",
        "commune": "Oum El Bouaghi",
        "address": "Oum El Bouaghi, Algérie",
        "employeeCount": 25,
        "verificationStatus": "PENDING",
        "hasWebsite": false
      }
    },
    {
      "type": "Feature",
      "geometry": {
        "type": "Point",
        "coordinates": [
          7.0869,
          35.6818
        ]
      },
      "properties": {
        "id": "cmsvxs7dj0035r1gdad9hz0c1",
        "name": "EURL BTP Ain Beida Construction",
        "slug": "eurl-btp-ain-beida-construction",
        "wilaya": "04",
        "wilayaName": "Oum El Bouaghi",
        "commune": "Oum El Bouaghi",
        "address": "Oum El Bouaghi, Algérie",
        "employeeCount": 30,
        "verificationStatus": "PENDING",
        "hasWebsite": false
      }
    },
    {
      "type": "Feature",
      "geometry": {
        "type": "Point",
        "coordinates": [
          7.1062,
          35.6932
        ]
      },
      "properties": {
        "id": "cmsvxs7dk0037r1gdyc0ldclu",
        "name": "SARL Agro-Service OEB",
        "slug": "sarl-agro-service-oeb",
        "wilaya": "04",
        "wilayaName": "Oum El Bouaghi",
        "commune": "Oum El Bouaghi",
        "address": "Oum El Bouaghi, Algérie",
        "employeeCount": 16,
        "verificationStatus": "PENDING",
        "hasWebsite": false
      }
    },
    {
      "type": "Feature",
      "geometry": {
        "type": "Point",
        "coordinates": [
          7.0919,
          35.7155
        ]
      },
      "properties": {
        "id": "cmsvxs7dl0039r1gdlorphsph",
        "name": "Transports Sahraoui EURL",
        "slug": "transports-sahraoui-eurl",
        "wilaya": "04",
        "wilayaName": "Oum El Bouaghi",
        "commune": "Oum El Bouaghi",
        "address": "Oum El Bouaghi, Algérie",
        "employeeCount": 22,
        "verificationStatus": "PENDING",
        "hasWebsite": false
      }
    },
    {
      "type": "Feature",
      "geometry": {
        "type": "Point",
        "coordinates": [
          6.1549,
          35.5505
        ]
      },
      "properties": {
        "id": "cmsvxs7dn003br1gdl7u34eyz",
        "name": "CERAM DECOR",
        "slug": "ceram-decor",
        "wilaya": "05",
        "wilayaName": "Batna",
        "commune": "Batna",
        "address": "Batna, Algérie",
        "employeeCount": 45,
        "verificationStatus": "PENDING",
        "hasWebsite": false
      }
    },
    {
      "type": "Feature",
      "geometry": {
        "type": "Point",
        "coordinates": [
          6.1555,
          35.5722
        ]
      },
      "properties": {
        "id": "cmsvxs7do003dr1gdgdwu7yak",
        "name": "Groupe TOMACO",
        "slug": "groupe-tomaco",
        "wilaya": "05",
        "wilayaName": "Batna",
        "commune": "Batna",
        "address": "Batna, Algérie",
        "employeeCount": 80,
        "verificationStatus": "VERIFIED",
        "hasWebsite": false
      }
    },
    {
      "type": "Feature",
      "geometry": {
        "type": "Point",
        "coordinates": [
          6.1939,
          35.5386
        ]
      },
      "properties": {
        "id": "cmsvxs7dr003hr1gdx05sjg3k",
        "name": "TEXTILES DIVERS ALGERIE (TDA)",
        "slug": "textiles-divers-algerie-tda",
        "wilaya": "05",
        "wilayaName": "Batna",
        "commune": "Batna",
        "address": "Batna, Algérie",
        "employeeCount": 100,
        "verificationStatus": "VERIFIED",
        "hasWebsite": false
      }
    },
    {
      "type": "Feature",
      "geometry": {
        "type": "Point",
        "coordinates": [
          6.1431,
          35.5469
        ]
      },
      "properties": {
        "id": "cmsvxs7dt003jr1gds37pth9o",
        "name": "Société Algérienne des Filtres (SAFI)",
        "slug": "societe-algerienne-des-filtres-safi",
        "wilaya": "05",
        "wilayaName": "Batna",
        "commune": "Batna",
        "address": "Batna, Algérie",
        "employeeCount": 55,
        "verificationStatus": "VERIFIED",
        "hasWebsite": false
      }
    },
    {
      "type": "Feature",
      "geometry": {
        "type": "Point",
        "coordinates": [
          6.1599,
          35.5501
        ]
      },
      "properties": {
        "id": "cmsvxs7du003lr1gdsy2zg6s1",
        "name": "ELECTRO PINOU",
        "slug": "electro-pinou",
        "wilaya": "05",
        "wilayaName": "Batna",
        "commune": "Batna",
        "address": "Batna, Algérie",
        "employeeCount": 15,
        "verificationStatus": "PENDING",
        "hasWebsite": false
      }
    },
    {
      "type": "Feature",
      "geometry": {
        "type": "Point",
        "coordinates": [
          6.2011,
          35.5625
        ]
      },
      "properties": {
        "id": "cmsvxs7dw003nr1gdcqb6rm67",
        "name": "El Beida Auto SARL",
        "slug": "el-beida-auto-sarl",
        "wilaya": "05",
        "wilayaName": "Batna",
        "commune": "Batna",
        "address": "Batna, Algérie",
        "employeeCount": 20,
        "verificationStatus": "PENDING",
        "hasWebsite": false
      }
    },
    {
      "type": "Feature",
      "geometry": {
        "type": "Point",
        "coordinates": [
          6.1994,
          35.5651
        ]
      },
      "properties": {
        "id": "cmsvxs7dx003pr1gd0m2o5tmy",
        "name": "CITY AUTO Etablissement",
        "slug": "city-auto-etablissement",
        "wilaya": "05",
        "wilayaName": "Batna",
        "commune": "Batna",
        "address": "Batna, Algérie",
        "employeeCount": 10,
        "verificationStatus": "PENDING",
        "hasWebsite": false
      }
    },
    {
      "type": "Feature",
      "geometry": {
        "type": "Point",
        "coordinates": [
          6.1836,
          35.5772
        ]
      },
      "properties": {
        "id": "cmsvxs7dz003rr1gd6xvkarh8",
        "name": "ASTRA METAL",
        "slug": "astra-metal",
        "wilaya": "05",
        "wilayaName": "Batna",
        "commune": "Batna",
        "address": "Batna, Algérie",
        "employeeCount": 25,
        "verificationStatus": "VERIFIED",
        "hasWebsite": false
      }
    },
    {
      "type": "Feature",
      "geometry": {
        "type": "Point",
        "coordinates": [
          6.1528,
          35.55
        ]
      },
      "properties": {
        "id": "cmsvxs7e1003vr1gddj274ak7",
        "name": "ACHIR METAL",
        "slug": "achir-metal",
        "wilaya": "05",
        "wilayaName": "Batna",
        "commune": "Batna",
        "address": "Batna, Algérie",
        "employeeCount": 30,
        "verificationStatus": "VERIFIED",
        "hasWebsite": false
      }
    },
    {
      "type": "Feature",
      "geometry": {
        "type": "Point",
        "coordinates": [
          6.1667,
          35.5342
        ]
      },
      "properties": {
        "id": "cmsvxs7e3003xr1gdod3e79y7",
        "name": "ZS Metal Construction",
        "slug": "zs-metal-construction",
        "wilaya": "05",
        "wilayaName": "Batna",
        "commune": "Batna",
        "address": "Batna, Algérie",
        "employeeCount": 25,
        "verificationStatus": "PENDING",
        "hasWebsite": false
      }
    },
    {
      "type": "Feature",
      "geometry": {
        "type": "Point",
        "coordinates": [
          6.1543,
          35.5645
        ]
      },
      "properties": {
        "id": "cmsvxs7e4003zr1gd4uguea9u",
        "name": "MAISON HARMONIE",
        "slug": "maison-harmonie",
        "wilaya": "05",
        "wilayaName": "Batna",
        "commune": "Batna",
        "address": "Batna, Algérie",
        "employeeCount": 40,
        "verificationStatus": "VERIFIED",
        "hasWebsite": false
      }
    },
    {
      "type": "Feature",
      "geometry": {
        "type": "Point",
        "coordinates": [
          6.199,
          35.5689
        ]
      },
      "properties": {
        "id": "cmsvxs7e50041r1gds5fycjr0",
        "name": "HAZAR TEXTILE PRODUCTION ET IMPORT",
        "slug": "hazar-textile-production-et-import",
        "wilaya": "05",
        "wilayaName": "Batna",
        "commune": "Batna",
        "address": "Batna, Algérie",
        "employeeCount": 35,
        "verificationStatus": "PENDING",
        "hasWebsite": false
      }
    },
    {
      "type": "Feature",
      "geometry": {
        "type": "Point",
        "coordinates": [
          6.199,
          35.5736
        ]
      },
      "properties": {
        "id": "cmsvxs7e70043r1gdtq0nthry",
        "name": "EURL BLANCO CONFECTION",
        "slug": "eurl-blanco-confection",
        "wilaya": "05",
        "wilayaName": "Batna",
        "commune": "Batna",
        "address": "Batna, Algérie",
        "employeeCount": 20,
        "verificationStatus": "PENDING",
        "hasWebsite": false
      }
    },
    {
      "type": "Feature",
      "geometry": {
        "type": "Point",
        "coordinates": [
          6.1464,
          35.5708
        ]
      },
      "properties": {
        "id": "cmsvxs7e80045r1gdddbbhnb2",
        "name": "POULTRY SELMANI SARL",
        "slug": "poultry-selmani-sarl",
        "wilaya": "05",
        "wilayaName": "Batna",
        "commune": "Batna",
        "address": "Batna, Algérie",
        "employeeCount": 30,
        "verificationStatus": "VERIFIED",
        "hasWebsite": false
      }
    },
    {
      "type": "Feature",
      "geometry": {
        "type": "Point",
        "coordinates": [
          6.1555,
          35.5525
        ]
      },
      "properties": {
        "id": "cmsvxs7eb0049r1gdu1fjps2f",
        "name": "FRERES MOKRANI",
        "slug": "freres-mokrani",
        "wilaya": "05",
        "wilayaName": "Batna",
        "commune": "Batna",
        "address": "Batna, Algérie",
        "employeeCount": 40,
        "verificationStatus": "VERIFIED",
        "hasWebsite": false
      }
    },
    {
      "type": "Feature",
      "geometry": {
        "type": "Point",
        "coordinates": [
          6.1593,
          35.5646
        ]
      },
      "properties": {
        "id": "cmsvxs7ec004br1gdlw402pz7",
        "name": "SALHI AGRO FOOD DISTRIBUTION LOGISTIQUE",
        "slug": "salhi-agro-food-distribution-logistique",
        "wilaya": "05",
        "wilayaName": "Batna",
        "commune": "Batna",
        "address": "Batna, Algérie",
        "employeeCount": 50,
        "verificationStatus": "VERIFIED",
        "hasWebsite": false
      }
    },
    {
      "type": "Feature",
      "geometry": {
        "type": "Point",
        "coordinates": [
          6.1755,
          35.5626
        ]
      },
      "properties": {
        "id": "cmsvxs7eh004hr1gdneigrn3a",
        "name": "AURES LAB - Laboratoires d'Analyses Agricoles",
        "slug": "aures-lab-laboratoires-danalyses-agricoles",
        "wilaya": "05",
        "wilayaName": "Batna",
        "commune": "Batna",
        "address": "Batna, Algérie",
        "employeeCount": 15,
        "verificationStatus": "VERIFIED",
        "hasWebsite": false
      }
    },
    {
      "type": "Feature",
      "geometry": {
        "type": "Point",
        "coordinates": [
          6.1479,
          35.5619
        ]
      },
      "properties": {
        "id": "cmsvxs7ej004jr1gd3fn0jc6z",
        "name": "MAMMERI & FILS Equipements Industriels (SMEI)",
        "slug": "mammeri-fils-equipements-industriels-smei",
        "wilaya": "05",
        "wilayaName": "Batna",
        "commune": "Batna",
        "address": "Batna, Algérie",
        "employeeCount": 35,
        "verificationStatus": "VERIFIED",
        "hasWebsite": false
      }
    },
    {
      "type": "Feature",
      "geometry": {
        "type": "Point",
        "coordinates": [
          6.1511,
          35.5542
        ]
      },
      "properties": {
        "id": "cmsvxs7ek004lr1gds0g6wupg",
        "name": "TECHNIPUB SARL",
        "slug": "technipub-sarl",
        "wilaya": "05",
        "wilayaName": "Batna",
        "commune": "Batna",
        "address": "Batna, Algérie",
        "employeeCount": 18,
        "verificationStatus": "PENDING",
        "hasWebsite": false
      }
    },
    {
      "type": "Feature",
      "geometry": {
        "type": "Point",
        "coordinates": [
          6.1613,
          35.5807
        ]
      },
      "properties": {
        "id": "cmsvxs7el004nr1gdvaqk1fu4",
        "name": "Arc En Ciel Papeterie & Imprimerie",
        "slug": "arc-en-ciel-papeterie-imprimerie",
        "wilaya": "05",
        "wilayaName": "Batna",
        "commune": "Batna",
        "address": "Batna, Algérie",
        "employeeCount": 10,
        "verificationStatus": "PENDING",
        "hasWebsite": false
      }
    },
    {
      "type": "Feature",
      "geometry": {
        "type": "Point",
        "coordinates": [
          6.1975,
          35.5465
        ]
      },
      "properties": {
        "id": "cmsvxs7eo004rr1gdqfviuy0m",
        "name": "CAPSU PLAST SARL",
        "slug": "capsu-plast-sarl",
        "wilaya": "05",
        "wilayaName": "Batna",
        "commune": "Batna",
        "address": "Batna, Algérie",
        "employeeCount": 25,
        "verificationStatus": "PENDING",
        "hasWebsite": false
      }
    },
    {
      "type": "Feature",
      "geometry": {
        "type": "Point",
        "coordinates": [
          6.1518,
          35.5759
        ]
      },
      "properties": {
        "id": "cmsvxs7ep004tr1gdnjc5spyr",
        "name": "SDAP SARL (Deghou Arris Plast)",
        "slug": "sdap-sarl-deghou-arris-plast",
        "wilaya": "05",
        "wilayaName": "Batna",
        "commune": "Batna",
        "address": "Batna, Algérie",
        "employeeCount": 20,
        "verificationStatus": "PENDING",
        "hasWebsite": false
      }
    },
    {
      "type": "Feature",
      "geometry": {
        "type": "Point",
        "coordinates": [
          6.1704,
          35.5588
        ]
      },
      "properties": {
        "id": "cmsvxs7eq004vr1gdtqo84pun",
        "name": "SPL METAL SARL",
        "slug": "spl-metal-sarl",
        "wilaya": "05",
        "wilayaName": "Batna",
        "commune": "Batna",
        "address": "Batna, Algérie",
        "employeeCount": 22,
        "verificationStatus": "PENDING",
        "hasWebsite": false
      }
    },
    {
      "type": "Feature",
      "geometry": {
        "type": "Point",
        "coordinates": [
          6.2062,
          35.5616
        ]
      },
      "properties": {
        "id": "cmsvxs7er004xr1gdw1m75pdh",
        "name": "ETP BITAM - Travaux Publics",
        "slug": "etp-bitam-travaux-publics",
        "wilaya": "05",
        "wilayaName": "Batna",
        "commune": "Batna",
        "address": "Batna, Algérie",
        "employeeCount": 45,
        "verificationStatus": "VERIFIED",
        "hasWebsite": false
      }
    },
    {
      "type": "Feature",
      "geometry": {
        "type": "Point",
        "coordinates": [
          6.1761,
          35.5352
        ]
      },
      "properties": {
        "id": "cmsvxs7er004zr1gd30cyfbwj",
        "name": "LOMPIGROUP SARL",
        "slug": "lompigroup-sarl",
        "wilaya": "05",
        "wilayaName": "Batna",
        "commune": "Batna",
        "address": "Batna, Algérie",
        "employeeCount": 60,
        "verificationStatus": "VERIFIED",
        "hasWebsite": false
      }
    },
    {
      "type": "Feature",
      "geometry": {
        "type": "Point",
        "coordinates": [
          6.1473,
          35.5733
        ]
      },
      "properties": {
        "id": "cmsvxs7eu0053r1gd2ma4j5qx",
        "name": "PHARMACIE BENBATTOUCHE HASSINA",
        "slug": "pharmacie-benbattouche-hassina",
        "wilaya": "05",
        "wilayaName": "Batna",
        "commune": "Batna",
        "address": "Batna, Algérie",
        "employeeCount": 5,
        "verificationStatus": "PENDING",
        "hasWebsite": false
      }
    },
    {
      "type": "Feature",
      "geometry": {
        "type": "Point",
        "coordinates": [
          5.0794,
          36.69
        ]
      },
      "properties": {
        "id": "cmsvxs7ev0055r1gdqrykl095",
        "name": "CEVITAL Group",
        "slug": "cevital-group",
        "wilaya": "06",
        "wilayaName": "Béjaïa",
        "commune": "Béjaïa",
        "address": "Béjaïa, Algérie",
        "employeeCount": 18000,
        "verificationStatus": "VERIFIED",
        "hasWebsite": false
      }
    },
    {
      "type": "Feature",
      "geometry": {
        "type": "Point",
        "coordinates": [
          5.0947,
          36.7214
        ]
      },
      "properties": {
        "id": "cmsvxs7ew0057r1gdyyzfar7h",
        "name": "Groupe IFRI",
        "slug": "groupe-ifri",
        "wilaya": "06",
        "wilayaName": "Béjaïa",
        "commune": "Béjaïa",
        "address": "Béjaïa, Algérie",
        "employeeCount": 2500,
        "verificationStatus": "VERIFIED",
        "hasWebsite": false
      }
    },
    {
      "type": "Feature",
      "geometry": {
        "type": "Point",
        "coordinates": [
          5.061,
          36.7014
        ]
      },
      "properties": {
        "id": "cmsvxs7ez005dr1gdcs1v1y02",
        "name": "BMT SPA (Béjaïa Mediterranean Terminal)",
        "slug": "bmt-spa-bejaia-mediterranean-terminal",
        "wilaya": "06",
        "wilayaName": "Béjaïa",
        "commune": "Béjaïa",
        "address": "Béjaïa, Algérie",
        "employeeCount": 280,
        "verificationStatus": "VERIFIED",
        "hasWebsite": false
      }
    },
    {
      "type": "Feature",
      "geometry": {
        "type": "Point",
        "coordinates": [
          5.0524,
          36.697
        ]
      },
      "properties": {
        "id": "cmsvxs7f0005fr1gd2j0m3lsg",
        "name": "Béjaïa Terminal Conteneurs (BTC)",
        "slug": "bejaia-terminal-conteneurs-btc",
        "wilaya": "06",
        "wilayaName": "Béjaïa",
        "commune": "Béjaïa",
        "address": "Béjaïa, Algérie",
        "employeeCount": 380,
        "verificationStatus": "VERIFIED",
        "hasWebsite": false
      }
    },
    {
      "type": "Feature",
      "geometry": {
        "type": "Point",
        "coordinates": [
          5.0541,
          36.7193
        ]
      },
      "properties": {
        "id": "cmsvxs7f2005jr1gdcu1qo3q2",
        "name": "SARL Pharmal",
        "slug": "sarl-pharmal",
        "wilaya": "06",
        "wilayaName": "Béjaïa",
        "commune": "Béjaïa",
        "address": "Béjaïa, Algérie",
        "employeeCount": 450,
        "verificationStatus": "VERIFIED",
        "hasWebsite": false
      }
    },
    {
      "type": "Feature",
      "geometry": {
        "type": "Point",
        "coordinates": [
          5.0695,
          36.7382
        ]
      },
      "properties": {
        "id": "cmsvxs7f4005nr1gd479csp7t",
        "name": "Laboratoires HIKMA Béjaïa",
        "slug": "laboratoires-hikma-bejaia",
        "wilaya": "06",
        "wilayaName": "Béjaïa",
        "commune": "Béjaïa",
        "address": "Béjaïa, Algérie",
        "employeeCount": 320,
        "verificationStatus": "VERIFIED",
        "hasWebsite": false
      }
    },
    {
      "type": "Feature",
      "geometry": {
        "type": "Point",
        "coordinates": [
          5.0387,
          36.6978
        ]
      },
      "properties": {
        "id": "cmsvxs7f5005pr1gdsfq95v10",
        "name": "SARL Biopharm",
        "slug": "sarl-biopharm",
        "wilaya": "06",
        "wilayaName": "Béjaïa",
        "commune": "Béjaïa",
        "address": "Béjaïa, Algérie",
        "employeeCount": 85,
        "verificationStatus": "PENDING",
        "hasWebsite": false
      }
    },
    {
      "type": "Feature",
      "geometry": {
        "type": "Point",
        "coordinates": [
          5.0483,
          36.6901
        ]
      },
      "properties": {
        "id": "cmsvxs7f8005vr1gd5zujbouh",
        "name": "SARL Huilerie Kabyle",
        "slug": "sarl-huilerie-kabyle",
        "wilaya": "06",
        "wilayaName": "Béjaïa",
        "commune": "Béjaïa",
        "address": "Béjaïa, Algérie",
        "employeeCount": 45,
        "verificationStatus": "VERIFIED",
        "hasWebsite": false
      }
    },
    {
      "type": "Feature",
      "geometry": {
        "type": "Point",
        "coordinates": [
          5.0908,
          36.6909
        ]
      },
      "properties": {
        "id": "cmsvxs7f9005xr1gdg3c21pys",
        "name": "SPA Conserverie Méditerranée",
        "slug": "spa-conserverie-mediterranee",
        "wilaya": "06",
        "wilayaName": "Béjaïa",
        "commune": "Béjaïa",
        "address": "Béjaïa, Algérie",
        "employeeCount": 185,
        "verificationStatus": "VERIFIED",
        "hasWebsite": false
      }
    },
    {
      "type": "Feature",
      "geometry": {
        "type": "Point",
        "coordinates": [
          5.0369,
          36.7286
        ]
      },
      "properties": {
        "id": "cmsvxs7fa005zr1gdd71oepo8",
        "name": "SARL Pêche et Commerce Maritime (PCM)",
        "slug": "sarl-peche-et-commerce-maritime-pcm",
        "wilaya": "06",
        "wilayaName": "Béjaïa",
        "commune": "Béjaïa",
        "address": "Béjaïa, Algérie",
        "employeeCount": 65,
        "verificationStatus": "VERIFIED",
        "hasWebsite": false
      }
    },
    {
      "type": "Feature",
      "geometry": {
        "type": "Point",
        "coordinates": [
          5.0429,
          36.7145
        ]
      },
      "properties": {
        "id": "cmsvxs7fa0061r1gdccz2d9tm",
        "name": "SARL Liège de Kabylie",
        "slug": "sarl-liege-de-kabylie",
        "wilaya": "06",
        "wilayaName": "Béjaïa",
        "commune": "Béjaïa",
        "address": "Béjaïa, Algérie",
        "employeeCount": 125,
        "verificationStatus": "VERIFIED",
        "hasWebsite": false
      }
    },
    {
      "type": "Feature",
      "geometry": {
        "type": "Point",
        "coordinates": [
          5.0715,
          36.7359
        ]
      },
      "properties": {
        "id": "cmsvxs7fc0063r1gdqxpb34i7",
        "name": "SARL Comptoir Commercial Béjaïa (CCB)",
        "slug": "sarl-comptoir-commercial-bejaia-ccb",
        "wilaya": "06",
        "wilayaName": "Béjaïa",
        "commune": "Béjaïa",
        "address": "Béjaïa, Algérie",
        "employeeCount": 35,
        "verificationStatus": "PENDING",
        "hasWebsite": false
      }
    },
    {
      "type": "Feature",
      "geometry": {
        "type": "Point",
        "coordinates": [
          5.0873,
          36.6937
        ]
      },
      "properties": {
        "id": "cmsvxs7fd0065r1gdhafpnjxm",
        "name": "SARL BTP Méditerranée",
        "slug": "sarl-btp-mediterranee",
        "wilaya": "06",
        "wilayaName": "Béjaïa",
        "commune": "Béjaïa",
        "address": "Béjaïa, Algérie",
        "employeeCount": 165,
        "verificationStatus": "VERIFIED",
        "hasWebsite": false
      }
    },
    {
      "type": "Feature",
      "geometry": {
        "type": "Point",
        "coordinates": [
          5.0911,
          36.6984
        ]
      },
      "properties": {
        "id": "cmsvxs7fe0067r1gdmwtxs8y7",
        "name": "Transports et Logistique Méditerranée (TLM)",
        "slug": "transports-et-logistique-mediterranee-tlm",
        "wilaya": "06",
        "wilayaName": "Béjaïa",
        "commune": "Béjaïa",
        "address": "Béjaïa, Algérie",
        "employeeCount": 145,
        "verificationStatus": "PENDING",
        "hasWebsite": false
      }
    },
    {
      "type": "Feature",
      "geometry": {
        "type": "Point",
        "coordinates": [
          5.0785,
          36.6979
        ]
      },
      "properties": {
        "id": "cmsvxs7ff0069r1gdem5m6z91",
        "name": "SARL Métallerie Kabylie",
        "slug": "sarl-metallerie-kabylie",
        "wilaya": "06",
        "wilayaName": "Béjaïa",
        "commune": "Béjaïa",
        "address": "Béjaïa, Algérie",
        "employeeCount": 72,
        "verificationStatus": "PENDING",
        "hasWebsite": false
      }
    },
    {
      "type": "Feature",
      "geometry": {
        "type": "Point",
        "coordinates": [
          5.0654,
          36.7388
        ]
      },
      "properties": {
        "id": "cmsvxs7fh006br1gdt3ffison",
        "name": "SARL Plastique Industrie Béjaïa (PIB)",
        "slug": "sarl-plastique-industrie-bejaia-pib",
        "wilaya": "06",
        "wilayaName": "Béjaïa",
        "commune": "Béjaïa",
        "address": "Béjaïa, Algérie",
        "employeeCount": 58,
        "verificationStatus": "PENDING",
        "hasWebsite": false
      }
    },
    {
      "type": "Feature",
      "geometry": {
        "type": "Point",
        "coordinates": [
          5.0853,
          36.7304
        ]
      },
      "properties": {
        "id": "cmsvxs7fi006dr1gdwamhu37k",
        "name": "SARL Confection Modern Textile (CMT)",
        "slug": "sarl-confection-modern-textile-cmt",
        "wilaya": "06",
        "wilayaName": "Béjaïa",
        "commune": "Béjaïa",
        "address": "Béjaïa, Algérie",
        "employeeCount": 145,
        "verificationStatus": "PENDING",
        "hasWebsite": false
      }
    },
    {
      "type": "Feature",
      "geometry": {
        "type": "Point",
        "coordinates": [
          5.0425,
          36.6918
        ]
      },
      "properties": {
        "id": "cmsvxs7fj006fr1gdmso1q4b7",
        "name": "Hôtel le Royal Béjaïa",
        "slug": "hotel-le-royal-bejaia",
        "wilaya": "06",
        "wilayaName": "Béjaïa",
        "commune": "Béjaïa",
        "address": "Béjaïa, Algérie",
        "employeeCount": 85,
        "verificationStatus": "VERIFIED",
        "hasWebsite": false
      }
    },
    {
      "type": "Feature",
      "geometry": {
        "type": "Point",
        "coordinates": [
          5.0386,
          36.7026
        ]
      },
      "properties": {
        "id": "cmsvxs7fk006hr1gdgyyrcmcx",
        "name": "Agence de Voyage Découverte Kabylie (ADK)",
        "slug": "agence-de-voyage-decouverte-kabylie-adk",
        "wilaya": "06",
        "wilayaName": "Béjaïa",
        "commune": "Béjaïa",
        "address": "Béjaïa, Algérie",
        "employeeCount": 15,
        "verificationStatus": "PENDING",
        "hasWebsite": false
      }
    },
    {
      "type": "Feature",
      "geometry": {
        "type": "Point",
        "coordinates": [
          5.0559,
          36.6955
        ]
      },
      "properties": {
        "id": "cmsvxs7fn006jr1gdhreksvv8",
        "name": "SARL Maison du Matériaux Béjaïa",
        "slug": "sarl-maison-du-materiaux-bejaia",
        "wilaya": "06",
        "wilayaName": "Béjaïa",
        "commune": "Béjaïa",
        "address": "Béjaïa, Algérie",
        "employeeCount": 48,
        "verificationStatus": "PENDING",
        "hasWebsite": false
      }
    },
    {
      "type": "Feature",
      "geometry": {
        "type": "Point",
        "coordinates": [
          5.0544,
          36.7135
        ]
      },
      "properties": {
        "id": "cmsvxs7fp006lr1gdorr27bm8",
        "name": "SARL Electro-Service Béjaïa",
        "slug": "sarl-electro-service-bejaia",
        "wilaya": "06",
        "wilayaName": "Béjaïa",
        "commune": "Béjaïa",
        "address": "Béjaïa, Algérie",
        "employeeCount": 28,
        "verificationStatus": "PENDING",
        "hasWebsite": false
      }
    },
    {
      "type": "Feature",
      "geometry": {
        "type": "Point",
        "coordinates": [
          5.07,
          36.7077
        ]
      },
      "properties": {
        "id": "cmsvxs7fq006nr1gdhn0shy60",
        "name": "SARL Agro-Fourniture Kabylie",
        "slug": "sarl-agro-fourniture-kabylie",
        "wilaya": "06",
        "wilayaName": "Béjaïa",
        "commune": "Béjaïa",
        "address": "Béjaïa, Algérie",
        "employeeCount": 22,
        "verificationStatus": "PENDING",
        "hasWebsite": false
      }
    },
    {
      "type": "Feature",
      "geometry": {
        "type": "Point",
        "coordinates": [
          5.0589,
          36.7366
        ]
      },
      "properties": {
        "id": "cmsvxs7fv006rr1gdw4lvpmib",
        "name": "SARL Informatique Plus Béjaïa",
        "slug": "sarl-informatique-plus-bejaia",
        "wilaya": "06",
        "wilayaName": "Béjaïa",
        "commune": "Béjaïa",
        "address": "Béjaïa, Algérie",
        "employeeCount": 12,
        "verificationStatus": "PENDING",
        "hasWebsite": false
      }
    },
    {
      "type": "Feature",
      "geometry": {
        "type": "Point",
        "coordinates": [
          5.0888,
          36.7129
        ]
      },
      "properties": {
        "id": "cmsvxs7fx006tr1gdp6qbea36",
        "name": "SARL Maintenance Industrielle Béjaïa (MIB)",
        "slug": "sarl-maintenance-industrielle-bejaia-mib",
        "wilaya": "06",
        "wilayaName": "Béjaïa",
        "commune": "Béjaïa",
        "address": "Béjaïa, Algérie",
        "employeeCount": 38,
        "verificationStatus": "PENDING",
        "hasWebsite": false
      }
    },
    {
      "type": "Feature",
      "geometry": {
        "type": "Point",
        "coordinates": [
          5.0886,
          36.704
        ]
      },
      "properties": {
        "id": "cmsvxs7fy006vr1gdyajpds06",
        "name": "SARL Laiterie des Cèdres",
        "slug": "sarl-laiterie-des-cedres",
        "wilaya": "06",
        "wilayaName": "Béjaïa",
        "commune": "Béjaïa",
        "address": "Béjaïa, Algérie",
        "employeeCount": 92,
        "verificationStatus": "PENDING",
        "hasWebsite": false
      }
    },
    {
      "type": "Feature",
      "geometry": {
        "type": "Point",
        "coordinates": [
          5.0605,
          36.7143
        ]
      },
      "properties": {
        "id": "cmsvxs7fz006xr1gdpg94hdtg",
        "name": "SARL Biscuiterie Kabylie",
        "slug": "sarl-biscuiterie-kabylie",
        "wilaya": "06",
        "wilayaName": "Béjaïa",
        "commune": "Béjaïa",
        "address": "Béjaïa, Algérie",
        "employeeCount": 75,
        "verificationStatus": "PENDING",
        "hasWebsite": false
      }
    },
    {
      "type": "Feature",
      "geometry": {
        "type": "Point",
        "coordinates": [
          5.0583,
          36.7386
        ]
      },
      "properties": {
        "id": "cmsvxs7g1006zr1gd7m92am9b",
        "name": "SARL Tapis Artisanal Kabyle",
        "slug": "sarl-tapis-artisanal-kabyle",
        "wilaya": "06",
        "wilayaName": "Béjaïa",
        "commune": "Béjaïa",
        "address": "Béjaïa, Algérie",
        "employeeCount": 85,
        "verificationStatus": "VERIFIED",
        "hasWebsite": false
      }
    },
    {
      "type": "Feature",
      "geometry": {
        "type": "Point",
        "coordinates": [
          5.0794,
          36.7058
        ]
      },
      "properties": {
        "id": "cmsvxs7g60071r1gdem6idfk3",
        "name": "Restaurant La Table du Pêcheur",
        "slug": "restaurant-la-table-du-pecheur",
        "wilaya": "06",
        "wilayaName": "Béjaïa",
        "commune": "Béjaïa",
        "address": "Béjaïa, Algérie",
        "employeeCount": 22,
        "verificationStatus": "PENDING",
        "hasWebsite": false
      }
    },
    {
      "type": "Feature",
      "geometry": {
        "type": "Point",
        "coordinates": [
          5.7224,
          34.8621
        ]
      },
      "properties": {
        "id": "cmsvxs7g80073r1gdzvxcsdyk",
        "name": "SIDHOUM Dattes",
        "slug": "sidhoum-dattes",
        "wilaya": "07",
        "wilayaName": "Biskra",
        "commune": "Biskra",
        "address": "Biskra, Algérie",
        "employeeCount": 85,
        "verificationStatus": "VERIFIED",
        "hasWebsite": false
      }
    },
    {
      "type": "Feature",
      "geometry": {
        "type": "Point",
        "coordinates": [
          5.7008,
          34.8332
        ]
      },
      "properties": {
        "id": "cmsvxs7ga0077r1gdamjataxj",
        "name": "BISKRA DATTES EXPORT (BDE)",
        "slug": "biskra-dattes-export-bde",
        "wilaya": "07",
        "wilayaName": "Biskra",
        "commune": "Biskra",
        "address": "Biskra, Algérie",
        "employeeCount": 65,
        "verificationStatus": "VERIFIED",
        "hasWebsite": false
      }
    },
    {
      "type": "Feature",
      "geometry": {
        "type": "Point",
        "coordinates": [
          5.7011,
          34.8661
        ]
      },
      "properties": {
        "id": "cmsvxs7gb0079r1gdbrmpmgij",
        "name": "UNITÉ DATTES DE ZIBAN (UDZ)",
        "slug": "unite-dattes-de-ziban-udz",
        "wilaya": "07",
        "wilayaName": "Biskra",
        "commune": "Biskra",
        "address": "Biskra, Algérie",
        "employeeCount": 42,
        "verificationStatus": "VERIFIED",
        "hasWebsite": false
      }
    },
    {
      "type": "Feature",
      "geometry": {
        "type": "Point",
        "coordinates": [
          5.7434,
          34.8506
        ]
      },
      "properties": {
        "id": "cmsvxs7gc007br1gd0izqkpq1",
        "name": "ECOTEL BISKRA",
        "slug": "ecotel-biskra",
        "wilaya": "07",
        "wilayaName": "Biskra",
        "commune": "Biskra",
        "address": "Biskra, Algérie",
        "employeeCount": 120,
        "verificationStatus": "VERIFIED",
        "hasWebsite": false
      }
    },
    {
      "type": "Feature",
      "geometry": {
        "type": "Point",
        "coordinates": [
          5.728,
          34.8382
        ]
      },
      "properties": {
        "id": "cmsvxs7gi007dr1gd3trl3hsb",
        "name": "LES DATTES DU SAHARA (LDS)",
        "slug": "les-dattes-du-sahara-lds",
        "wilaya": "07",
        "wilayaName": "Biskra",
        "commune": "Biskra",
        "address": "Biskra, Algérie",
        "employeeCount": 55,
        "verificationStatus": "VERIFIED",
        "hasWebsite": false
      }
    },
    {
      "type": "Feature",
      "geometry": {
        "type": "Point",
        "coordinates": [
          5.6889,
          34.8553
        ]
      },
      "properties": {
        "id": "cmsvxs7gj007fr1gdd2u12tgf",
        "name": "SAFIR PALM",
        "slug": "safir-palm",
        "wilaya": "07",
        "wilayaName": "Biskra",
        "commune": "Biskra",
        "address": "Biskra, Algérie",
        "employeeCount": 35,
        "verificationStatus": "PENDING",
        "hasWebsite": false
      }
    },
    {
      "type": "Feature",
      "geometry": {
        "type": "Point",
        "coordinates": [
          5.7357,
          34.8607
        ]
      },
      "properties": {
        "id": "cmsvxs7gk007hr1gdljvnvtm9",
        "name": "ZIBAN AGRO-INDUSTRIES (ZAI)",
        "slug": "ziban-agro-industries-zai",
        "wilaya": "07",
        "wilayaName": "Biskra",
        "commune": "Biskra",
        "address": "Biskra, Algérie",
        "employeeCount": 180,
        "verificationStatus": "VERIFIED",
        "hasWebsite": false
      }
    },
    {
      "type": "Feature",
      "geometry": {
        "type": "Point",
        "coordinates": [
          5.6859,
          34.8367
        ]
      },
      "properties": {
        "id": "cmsvxs7gl007jr1gdbu4cd95v",
        "name": "THERMALIA BISKRA SPA RESORT",
        "slug": "thermalia-biskra-spa-resort",
        "wilaya": "07",
        "wilayaName": "Biskra",
        "commune": "Biskra",
        "address": "Biskra, Algérie",
        "employeeCount": 95,
        "verificationStatus": "VERIFIED",
        "hasWebsite": false
      }
    },
    {
      "type": "Feature",
      "geometry": {
        "type": "Point",
        "coordinates": [
          5.7291,
          34.8745
        ]
      },
      "properties": {
        "id": "cmsvxs7gm007lr1gdmrglup9q",
        "name": "ALGERIAN DATE COMPANY (ADC)",
        "slug": "algerian-date-company-adc",
        "wilaya": "07",
        "wilayaName": "Biskra",
        "commune": "Biskra",
        "address": "Biskra, Algérie",
        "employeeCount": 72,
        "verificationStatus": "VERIFIED",
        "hasWebsite": false
      }
    },
    {
      "type": "Feature",
      "geometry": {
        "type": "Point",
        "coordinates": [
          5.7336,
          34.8331
        ]
      },
      "properties": {
        "id": "cmsvxs7gn007nr1gdzv3tnfm8",
        "name": "OASIS TOURS BISKRA",
        "slug": "oasis-tours-biskra",
        "wilaya": "07",
        "wilayaName": "Biskra",
        "commune": "Biskra",
        "address": "Biskra, Algérie",
        "employeeCount": 18,
        "verificationStatus": "PENDING",
        "hasWebsite": false
      }
    },
    {
      "type": "Feature",
      "geometry": {
        "type": "Point",
        "coordinates": [
          5.7018,
          34.8277
        ]
      },
      "properties": {
        "id": "cmsvxs7go007pr1gddk8dwvva",
        "name": "DATTES EL-FETH",
        "slug": "dattes-el-feth",
        "wilaya": "07",
        "wilayaName": "Biskra",
        "commune": "Biskra",
        "address": "Biskra, Algérie",
        "employeeCount": 48,
        "verificationStatus": "VERIFIED",
        "hasWebsite": false
      }
    },
    {
      "type": "Feature",
      "geometry": {
        "type": "Point",
        "coordinates": [
          5.7154,
          34.8384
        ]
      },
      "properties": {
        "id": "cmsvxs7gp007rr1gdwlwfw5fy",
        "name": "BISKRA CEREALES ET DERIVES (BCD)",
        "slug": "biskra-cereales-et-derives-bcd",
        "wilaya": "07",
        "wilayaName": "Biskra",
        "commune": "Biskra",
        "address": "Biskra, Algérie",
        "employeeCount": 95,
        "verificationStatus": "VERIFIED",
        "hasWebsite": false
      }
    },
    {
      "type": "Feature",
      "geometry": {
        "type": "Point",
        "coordinates": [
          5.72,
          34.8666
        ]
      },
      "properties": {
        "id": "cmsvxs7gq007tr1gd2b5ve998",
        "name": "HOTEL KENADSA BISKRA",
        "slug": "hotel-kenadsa-biskra",
        "wilaya": "07",
        "wilayaName": "Biskra",
        "commune": "Biskra",
        "address": "Biskra, Algérie",
        "employeeCount": 45,
        "verificationStatus": "PENDING",
        "hasWebsite": false
      }
    },
    {
      "type": "Feature",
      "geometry": {
        "type": "Point",
        "coordinates": [
          5.7456,
          34.8662
        ]
      },
      "properties": {
        "id": "cmsvxs7gs007vr1gdpjbdzun8",
        "name": "ZIBAN DATES INTERNATIONAL (ZDI)",
        "slug": "ziban-dates-international-zdi",
        "wilaya": "07",
        "wilayaName": "Biskra",
        "commune": "Biskra",
        "address": "Biskra, Algérie",
        "employeeCount": 28,
        "verificationStatus": "VERIFIED",
        "hasWebsite": false
      }
    },
    {
      "type": "Feature",
      "geometry": {
        "type": "Point",
        "coordinates": [
          5.7067,
          34.8584
        ]
      },
      "properties": {
        "id": "cmsvxs7gt007xr1gdqlhva3jl",
        "name": "SOCIETE DES EAUX DE BISKRA (SEB)",
        "slug": "societe-des-eaux-de-biskra-seb",
        "wilaya": "07",
        "wilayaName": "Biskra",
        "commune": "Biskra",
        "address": "Biskra, Algérie",
        "employeeCount": 450,
        "verificationStatus": "VERIFIED",
        "hasWebsite": false
      }
    },
    {
      "type": "Feature",
      "geometry": {
        "type": "Point",
        "coordinates": [
          5.6846,
          34.8368
        ]
      },
      "properties": {
        "id": "cmsvxs7gx007zr1gdbop01v5y",
        "name": "PALMIER D'OR",
        "slug": "palmier-dor",
        "wilaya": "07",
        "wilayaName": "Biskra",
        "commune": "Biskra",
        "address": "Biskra, Algérie",
        "employeeCount": 22,
        "verificationStatus": "PENDING",
        "hasWebsite": false
      }
    },
    {
      "type": "Feature",
      "geometry": {
        "type": "Point",
        "coordinates": [
          5.7203,
          34.8554
        ]
      },
      "properties": {
        "id": "cmsvxs7gy0081r1gdb3gd4n5d",
        "name": "TRANS-BISKRA LOGISTIQUE",
        "slug": "trans-biskra-logistique",
        "wilaya": "07",
        "wilayaName": "Biskra",
        "commune": "Biskra",
        "address": "Biskra, Algérie",
        "employeeCount": 68,
        "verificationStatus": "VERIFIED",
        "hasWebsite": false
      }
    },
    {
      "type": "Feature",
      "geometry": {
        "type": "Point",
        "coordinates": [
          5.7178,
          34.8514
        ]
      },
      "properties": {
        "id": "cmsvxs7gz0083r1gdx5mkf0dg",
        "name": "CONFISERIE SAHARIENNE (CSB)",
        "slug": "confiserie-saharienne-csb",
        "wilaya": "07",
        "wilayaName": "Biskra",
        "commune": "Biskra",
        "address": "Biskra, Algérie",
        "employeeCount": 55,
        "verificationStatus": "VERIFIED",
        "hasWebsite": false
      }
    },
    {
      "type": "Feature",
      "geometry": {
        "type": "Point",
        "coordinates": [
          5.7384,
          34.83
        ]
      },
      "properties": {
        "id": "cmsvxs7h10087r1gdic1x0whg",
        "name": "AGRO-ZIBAN DISTRIBUTION",
        "slug": "agro-ziban-distribution",
        "wilaya": "07",
        "wilayaName": "Biskra",
        "commune": "Biskra",
        "address": "Biskra, Algérie",
        "employeeCount": 38,
        "verificationStatus": "PENDING",
        "hasWebsite": false
      }
    },
    {
      "type": "Feature",
      "geometry": {
        "type": "Point",
        "coordinates": [
          5.693,
          34.8452
        ]
      },
      "properties": {
        "id": "cmsvxs7h20089r1gdfawbqjju",
        "name": "SOLAR SYSTEMS BISKRA (SSB)",
        "slug": "solar-systems-biskra-ssb",
        "wilaya": "07",
        "wilayaName": "Biskra",
        "commune": "Biskra",
        "address": "Biskra, Algérie",
        "employeeCount": 42,
        "verificationStatus": "VERIFIED",
        "hasWebsite": false
      }
    },
    {
      "type": "Feature",
      "geometry": {
        "type": "Point",
        "coordinates": [
          5.7424,
          34.8708
        ]
      },
      "properties": {
        "id": "cmsvxs7h3008br1gdd3648bwp",
        "name": "DATTES TOUGGOURT-BISKRA (DTB)",
        "slug": "dattes-touggourt-biskra-dtb",
        "wilaya": "07",
        "wilayaName": "Biskra",
        "commune": "Biskra",
        "address": "Biskra, Algérie",
        "employeeCount": 60,
        "verificationStatus": "VERIFIED",
        "hasWebsite": false
      }
    },
    {
      "type": "Feature",
      "geometry": {
        "type": "Point",
        "coordinates": [
          5.6901,
          34.827
        ]
      },
      "properties": {
        "id": "cmsvxs7h5008dr1gdc3m2nyj5",
        "name": "RESTAURANT EL-MIR",
        "slug": "restaurant-el-mir",
        "wilaya": "07",
        "wilayaName": "Biskra",
        "commune": "Biskra",
        "address": "Biskra, Algérie",
        "employeeCount": 25,
        "verificationStatus": "PENDING",
        "hasWebsite": false
      }
    },
    {
      "type": "Feature",
      "geometry": {
        "type": "Point",
        "coordinates": [
          5.704,
          34.8295
        ]
      },
      "properties": {
        "id": "cmsvxs7h6008fr1gdifvxwte4",
        "name": "BISKRA MATERIAUX DE CONSTRUCTION (BMC)",
        "slug": "biskra-materiaux-de-construction-bmc",
        "wilaya": "07",
        "wilayaName": "Biskra",
        "commune": "Biskra",
        "address": "Biskra, Algérie",
        "employeeCount": 75,
        "verificationStatus": "VERIFIED",
        "hasWebsite": false
      }
    },
    {
      "type": "Feature",
      "geometry": {
        "type": "Point",
        "coordinates": [
          5.7301,
          34.8641
        ]
      },
      "properties": {
        "id": "cmsvxs7h7008hr1gd8mktvioo",
        "name": "PHARMACIE CENTRALE BISKRA",
        "slug": "pharmacie-centrale-biskra",
        "wilaya": "07",
        "wilayaName": "Biskra",
        "commune": "Biskra",
        "address": "Biskra, Algérie",
        "employeeCount": 15,
        "verificationStatus": "PENDING",
        "hasWebsite": false
      }
    },
    {
      "type": "Feature",
      "geometry": {
        "type": "Point",
        "coordinates": [
          5.6986,
          34.8238
        ]
      },
      "properties": {
        "id": "cmsvxs7h8008jr1gd7nxhml7q",
        "name": "SAHARA GATE TRAVEL",
        "slug": "sahara-gate-travel",
        "wilaya": "07",
        "wilayaName": "Biskra",
        "commune": "Biskra",
        "address": "Biskra, Algérie",
        "employeeCount": 12,
        "verificationStatus": "PENDING",
        "hasWebsite": false
      }
    },
    {
      "type": "Feature",
      "geometry": {
        "type": "Point",
        "coordinates": [
          5.7234,
          34.8295
        ]
      },
      "properties": {
        "id": "cmsvxs7h9008lr1gdqpvkb5wf",
        "name": "EL-KOUTTAF DATTES",
        "slug": "el-kouttaf-dattes",
        "wilaya": "07",
        "wilayaName": "Biskra",
        "commune": "Biskra",
        "address": "Biskra, Algérie",
        "employeeCount": 10,
        "verificationStatus": "PENDING",
        "hasWebsite": false
      }
    },
    {
      "type": "Feature",
      "geometry": {
        "type": "Point",
        "coordinates": [
          5.7293,
          34.8436
        ]
      },
      "properties": {
        "id": "cmsvxs7ha008nr1gd3y7ws3fx",
        "name": "USINE DE LAIT DE BISKRA (ULB)",
        "slug": "usine-de-lait-de-biskra-ulb",
        "wilaya": "07",
        "wilayaName": "Biskra",
        "commune": "Biskra",
        "address": "Biskra, Algérie",
        "employeeCount": 210,
        "verificationStatus": "VERIFIED",
        "hasWebsite": false
      }
    },
    {
      "type": "Feature",
      "geometry": {
        "type": "Point",
        "coordinates": [
          5.7387,
          34.8651
        ]
      },
      "properties": {
        "id": "cmsvxs7hb008pr1gdgr564age",
        "name": "MAISON DE LA DATTDE DE BISKRA (MDB)",
        "slug": "maison-de-la-dattde-de-biskra-mdb",
        "wilaya": "07",
        "wilayaName": "Biskra",
        "commune": "Biskra",
        "address": "Biskra, Algérie",
        "employeeCount": 18,
        "verificationStatus": "VERIFIED",
        "hasWebsite": false
      }
    },
    {
      "type": "Feature",
      "geometry": {
        "type": "Point",
        "coordinates": [
          2.7986,
          36.4623
        ]
      },
      "properties": {
        "id": "cmsvxs7hf008vr1gdrcn06gc6",
        "name": "BIOPHARM SPA - Site Ouled Yaich",
        "slug": "biopharm-spa-site-ouled-yaich",
        "wilaya": "09",
        "wilayaName": "Blida",
        "commune": "Blida",
        "address": "Blida, Algérie",
        "employeeCount": 350,
        "verificationStatus": "VERIFIED",
        "hasWebsite": false
      }
    },
    {
      "type": "Feature",
      "geometry": {
        "type": "Point",
        "coordinates": [
          2.8131,
          36.4667
        ]
      },
      "properties": {
        "id": "cmsvxs7hg008xr1gdy5v930zt",
        "name": "Pharmal Algérie - Unité Blida",
        "slug": "pharmal-algerie-unite-blida",
        "wilaya": "09",
        "wilayaName": "Blida",
        "commune": "Blida",
        "address": "Blida, Algérie",
        "employeeCount": 145,
        "verificationStatus": "VERIFIED",
        "hasWebsite": false
      }
    },
    {
      "type": "Feature",
      "geometry": {
        "type": "Point",
        "coordinates": [
          2.8539,
          36.48
        ]
      },
      "properties": {
        "id": "cmsvxs7hh008zr1gdkcfceyn7",
        "name": "Hikma Pharma Algérie - Dépôt Blida",
        "slug": "hikma-pharma-algerie-depot-blida",
        "wilaya": "09",
        "wilayaName": "Blida",
        "commune": "Blida",
        "address": "Blida, Algérie",
        "employeeCount": 65,
        "verificationStatus": "VERIFIED",
        "hasWebsite": false
      }
    },
    {
      "type": "Feature",
      "geometry": {
        "type": "Point",
        "coordinates": [
          2.8622,
          36.4454
        ]
      },
      "properties": {
        "id": "cmsvxs7hi0091r1gd6jz52hcy",
        "name": "Cooper Pharma Algérie - Antenne Blida",
        "slug": "cooper-pharma-algerie-antenne-blida",
        "wilaya": "09",
        "wilayaName": "Blida",
        "commune": "Blida",
        "address": "Blida, Algérie",
        "employeeCount": 42,
        "verificationStatus": "PENDING",
        "hasWebsite": false
      }
    },
    {
      "type": "Feature",
      "geometry": {
        "type": "Point",
        "coordinates": [
          2.8476,
          36.4798
        ]
      },
      "properties": {
        "id": "cmsvxs7hj0093r1gdh6b1r1ii",
        "name": "Sanofi Aventis Algérie - Délégation Blida",
        "slug": "sanofi-aventis-algerie-delegation-blida",
        "wilaya": "09",
        "wilayaName": "Blida",
        "commune": "Blida",
        "address": "Blida, Algérie",
        "employeeCount": 28,
        "verificationStatus": "VERIFIED",
        "hasWebsite": false
      }
    },
    {
      "type": "Feature",
      "geometry": {
        "type": "Point",
        "coordinates": [
          2.8397,
          36.4664
        ]
      },
      "properties": {
        "id": "cmsvxs7hk0095r1gd8r85dk0r",
        "name": "Novartis Pharma Algérie - Région Blida",
        "slug": "novartis-pharma-algerie-region-blida",
        "wilaya": "09",
        "wilayaName": "Blida",
        "commune": "Blida",
        "address": "Blida, Algérie",
        "employeeCount": 22,
        "verificationStatus": "VERIFIED",
        "hasWebsite": false
      }
    },
    {
      "type": "Feature",
      "geometry": {
        "type": "Point",
        "coordinates": [
          2.841,
          36.4464
        ]
      },
      "properties": {
        "id": "cmsvxs7hl0097r1gdxu3zmsxq",
        "name": "Medis Algeria - Site de Blida",
        "slug": "medis-algeria-site-de-blida",
        "wilaya": "09",
        "wilayaName": "Blida",
        "commune": "Blida",
        "address": "Blida, Algérie",
        "employeeCount": 95,
        "verificationStatus": "VERIFIED",
        "hasWebsite": false
      }
    },
    {
      "type": "Feature",
      "geometry": {
        "type": "Point",
        "coordinates": [
          2.8322,
          36.4438
        ]
      },
      "properties": {
        "id": "cmsvxs7hm0099r1gdjbqrsauh",
        "name": "Unipharm Algérie - Usine Blida",
        "slug": "unipharm-algerie-usine-blida",
        "wilaya": "09",
        "wilayaName": "Blida",
        "commune": "Blida",
        "address": "Blida, Algérie",
        "employeeCount": 210,
        "verificationStatus": "VERIFIED",
        "hasWebsite": false
      }
    },
    {
      "type": "Feature",
      "geometry": {
        "type": "Point",
        "coordinates": [
          2.8201,
          36.496
        ]
      },
      "properties": {
        "id": "cmsvxs7hm009br1gdlzo3l8ur",
        "name": "Gepharma Distribution - Magasin Blida",
        "slug": "gepharma-distribution-magasin-blida",
        "wilaya": "09",
        "wilayaName": "Blida",
        "commune": "Blida",
        "address": "Blida, Algérie",
        "employeeCount": 35,
        "verificationStatus": "PENDING",
        "hasWebsite": false
      }
    },
    {
      "type": "Feature",
      "geometry": {
        "type": "Point",
        "coordinates": [
          2.8069,
          36.4625
        ]
      },
      "properties": {
        "id": "cmsvxs7ht009nr1gdwei1g8m6",
        "name": "EURL Mitidja Agrumicole",
        "slug": "eurl-mitidja-agrumicole",
        "wilaya": "09",
        "wilayaName": "Blida",
        "commune": "Blida",
        "address": "Blida, Algérie",
        "employeeCount": 45,
        "verificationStatus": "PENDING",
        "hasWebsite": false
      }
    },
    {
      "type": "Feature",
      "geometry": {
        "type": "Point",
        "coordinates": [
          2.8436,
          36.4763
        ]
      },
      "properties": {
        "id": "cmsvxs7hu009pr1gdt4pm3qbp",
        "name": "SARL Les Vergers de Chréa",
        "slug": "sarl-les-vergers-de-chrea",
        "wilaya": "09",
        "wilayaName": "Blida",
        "commune": "Blida",
        "address": "Blida, Algérie",
        "employeeCount": 32,
        "verificationStatus": "PENDING",
        "hasWebsite": false
      }
    },
    {
      "type": "Feature",
      "geometry": {
        "type": "Point",
        "coordinates": [
          2.802,
          36.4565
        ]
      },
      "properties": {
        "id": "cmsvxs7hv009rr1gdcihmi9ce",
        "name": "EURL Huilerie Moderne Blida",
        "slug": "eurl-huilerie-moderne-blida",
        "wilaya": "09",
        "wilayaName": "Blida",
        "commune": "Blida",
        "address": "Blida, Algérie",
        "employeeCount": 18,
        "verificationStatus": "PENDING",
        "hasWebsite": false
      }
    },
    {
      "type": "Feature",
      "geometry": {
        "type": "Point",
        "coordinates": [
          2.8387,
          36.482
        ]
      },
      "properties": {
        "id": "cmsvxs7hx009tr1gdnj5imf40",
        "name": "Coopérative Agricole de la Mitidja (CAM)",
        "slug": "cooperative-agricole-de-la-mitidja-cam",
        "wilaya": "09",
        "wilayaName": "Blida",
        "commune": "Blida",
        "address": "Blida, Algérie",
        "employeeCount": 120,
        "verificationStatus": "VERIFIED",
        "hasWebsite": false
      }
    },
    {
      "type": "Feature",
      "geometry": {
        "type": "Point",
        "coordinates": [
          2.8623,
          36.4594
        ]
      },
      "properties": {
        "id": "cmsvxs7hx009vr1gd4fpkwvdp",
        "name": "SARL Céréales et Dérivés de Blida (CDB)",
        "slug": "sarl-cereales-et-derives-de-blida-cdb",
        "wilaya": "09",
        "wilayaName": "Blida",
        "commune": "Blida",
        "address": "Blida, Algérie",
        "employeeCount": 68,
        "verificationStatus": "VERIFIED",
        "hasWebsite": false
      }
    },
    {
      "type": "Feature",
      "geometry": {
        "type": "Point",
        "coordinates": [
          2.8086,
          36.446
        ]
      },
      "properties": {
        "id": "cmsvxs7hy009xr1gdbznk32ld",
        "name": "EURL Laiterie de la Mitidja",
        "slug": "eurl-laiterie-de-la-mitidja",
        "wilaya": "09",
        "wilayaName": "Blida",
        "commune": "Blida",
        "address": "Blida, Algérie",
        "employeeCount": 38,
        "verificationStatus": "PENDING",
        "hasWebsite": false
      }
    },
    {
      "type": "Feature",
      "geometry": {
        "type": "Point",
        "coordinates": [
          2.8196,
          36.4573
        ]
      },
      "properties": {
        "id": "cmsvxs7hz009zr1gdpwp04u27",
        "name": "SPA Complexe Avicole de Blida (CAB)",
        "slug": "spa-complexe-avicole-de-blida-cab",
        "wilaya": "09",
        "wilayaName": "Blida",
        "commune": "Blida",
        "address": "Blida, Algérie",
        "employeeCount": 95,
        "verificationStatus": "VERIFIED",
        "hasWebsite": false
      }
    },
    {
      "type": "Feature",
      "geometry": {
        "type": "Point",
        "coordinates": [
          2.84,
          36.4708
        ]
      },
      "properties": {
        "id": "cmsvxs7i000a1r1gd1i145m3s",
        "name": "SARL Serre-Hydro Blida",
        "slug": "sarl-serre-hydro-blida",
        "wilaya": "09",
        "wilayaName": "Blida",
        "commune": "Blida",
        "address": "Blida, Algérie",
        "employeeCount": 28,
        "verificationStatus": "PENDING",
        "hasWebsite": false
      }
    },
    {
      "type": "Feature",
      "geometry": {
        "type": "Point",
        "coordinates": [
          2.8038,
          36.4571
        ]
      },
      "properties": {
        "id": "cmsvxs7i200a5r1gdyr42r36u",
        "name": "Hôtel Restaurant les Cèdres de Chréa",
        "slug": "hotel-restaurant-les-cedres-de-chrea",
        "wilaya": "09",
        "wilayaName": "Blida",
        "commune": "Blida",
        "address": "Blida, Algérie",
        "employeeCount": 35,
        "verificationStatus": "VERIFIED",
        "hasWebsite": false
      }
    },
    {
      "type": "Feature",
      "geometry": {
        "type": "Point",
        "coordinates": [
          2.8096,
          36.471
        ]
      },
      "properties": {
        "id": "cmsvxs7i300a7r1gdk4q03035",
        "name": "Agence de Voyage et Tourisme Atlas-Blida",
        "slug": "agence-de-voyage-et-tourisme-atlas-blida",
        "wilaya": "09",
        "wilayaName": "Blida",
        "commune": "Blida",
        "address": "Blida, Algérie",
        "employeeCount": 15,
        "verificationStatus": "PENDING",
        "hasWebsite": false
      }
    },
    {
      "type": "Feature",
      "geometry": {
        "type": "Point",
        "coordinates": [
          2.8284,
          36.4607
        ]
      },
      "properties": {
        "id": "cmsvxs7i400a9r1gdds4f9sf8",
        "name": "SARL Sports d'Hiver Chréa",
        "slug": "sarl-sports-dhiver-chrea",
        "wilaya": "09",
        "wilayaName": "Blida",
        "commune": "Blida",
        "address": "Blida, Algérie",
        "employeeCount": 22,
        "verificationStatus": "PENDING",
        "hasWebsite": false
      }
    },
    {
      "type": "Feature",
      "geometry": {
        "type": "Point",
        "coordinates": [
          2.831,
          36.4775
        ]
      },
      "properties": {
        "id": "cmsvxs7i500abr1gdx42izjak",
        "name": "EURL Camping Municipal de Chréa",
        "slug": "eurl-camping-municipal-de-chrea",
        "wilaya": "09",
        "wilayaName": "Blida",
        "commune": "Blida",
        "address": "Blida, Algérie",
        "employeeCount": 10,
        "verificationStatus": "PENDING",
        "hasWebsite": false
      }
    },
    {
      "type": "Feature",
      "geometry": {
        "type": "Point",
        "coordinates": [
          2.8315,
          36.4805
        ]
      },
      "properties": {
        "id": "cmsvxs7i700adr1gdtjn2c71i",
        "name": "SPA Supermarché El-Kawthar Blida",
        "slug": "spa-supermarche-el-kawthar-blida",
        "wilaya": "09",
        "wilayaName": "Blida",
        "commune": "Blida",
        "address": "Blida, Algérie",
        "employeeCount": 125,
        "verificationStatus": "VERIFIED",
        "hasWebsite": false
      }
    },
    {
      "type": "Feature",
      "geometry": {
        "type": "Point",
        "coordinates": [
          2.8106,
          36.4733
        ]
      },
      "properties": {
        "id": "cmsvxs7i800afr1gdu3ejlazr",
        "name": "SARL Negoce Plus Blida",
        "slug": "sarl-negoce-plus-blida",
        "wilaya": "09",
        "wilayaName": "Blida",
        "commune": "Blida",
        "address": "Blida, Algérie",
        "employeeCount": 42,
        "verificationStatus": "PENDING",
        "hasWebsite": false
      }
    },
    {
      "type": "Feature",
      "geometry": {
        "type": "Point",
        "coordinates": [
          2.8538,
          36.4763
        ]
      },
      "properties": {
        "id": "cmsvxs7i900ahr1gdgy08pb6o",
        "name": "EURL Bureautique Informatique Blida (BIB)",
        "slug": "eurl-bureautique-informatique-blida-bib",
        "wilaya": "09",
        "wilayaName": "Blida",
        "commune": "Blida",
        "address": "Blida, Algérie",
        "employeeCount": 12,
        "verificationStatus": "PENDING",
        "hasWebsite": false
      }
    },
    {
      "type": "Feature",
      "geometry": {
        "type": "Point",
        "coordinates": [
          2.8196,
          36.4777
        ]
      },
      "properties": {
        "id": "cmsvxs7ia00ajr1gddh3tlezo",
        "name": "SARL Electro-Ménager du Centre (EMC)",
        "slug": "sarl-electro-menager-du-centre-emc",
        "wilaya": "09",
        "wilayaName": "Blida",
        "commune": "Blida",
        "address": "Blida, Algérie",
        "employeeCount": 25,
        "verificationStatus": "PENDING",
        "hasWebsite": false
      }
    },
    {
      "type": "Feature",
      "geometry": {
        "type": "Point",
        "coordinates": [
          2.8238,
          36.4432
        ]
      },
      "properties": {
        "id": "cmsvxs7ib00alr1gdhr3sipf9",
        "name": "SARL Quincaillerie Générale Blida (QGB)",
        "slug": "sarl-quincaillerie-generale-blida-qgb",
        "wilaya": "09",
        "wilayaName": "Blida",
        "commune": "Blida",
        "address": "Blida, Algérie",
        "employeeCount": 30,
        "verificationStatus": "PENDING",
        "hasWebsite": false
      }
    },
    {
      "type": "Feature",
      "geometry": {
        "type": "Point",
        "coordinates": [
          2.8059,
          36.4753
        ]
      },
      "properties": {
        "id": "cmsvxs7ic00anr1gdm1ff5gfm",
        "name": "EURL Textile Mode Blida (TMB)",
        "slug": "eurl-textile-mode-blida-tmb",
        "wilaya": "09",
        "wilayaName": "Blida",
        "commune": "Blida",
        "address": "Blida, Algérie",
        "employeeCount": 18,
        "verificationStatus": "PENDING",
        "hasWebsite": false
      }
    },
    {
      "type": "Feature",
      "geometry": {
        "type": "Point",
        "coordinates": [
          2.8314,
          36.4774
        ]
      },
      "properties": {
        "id": "cmsvxs7id00apr1gdab7fhawd",
        "name": "SARL BTP Blida Construction (BBC)",
        "slug": "sarl-btp-blida-construction-bbc",
        "wilaya": "09",
        "wilayaName": "Blida",
        "commune": "Blida",
        "address": "Blida, Algérie",
        "employeeCount": 85,
        "verificationStatus": "VERIFIED",
        "hasWebsite": false
      }
    },
    {
      "type": "Feature",
      "geometry": {
        "type": "Point",
        "coordinates": [
          2.8492,
          36.4567
        ]
      },
      "properties": {
        "id": "cmsvxs7ie00arr1gda95beb0n",
        "name": "EURL Menuiserie Aluminium Blida (MAB)",
        "slug": "eurl-menuiserie-aluminium-blida-mab",
        "wilaya": "09",
        "wilayaName": "Blida",
        "commune": "Blida",
        "address": "Blida, Algérie",
        "employeeCount": 22,
        "verificationStatus": "PENDING",
        "hasWebsite": false
      }
    },
    {
      "type": "Feature",
      "geometry": {
        "type": "Point",
        "coordinates": [
          2.8224,
          36.4778
        ]
      },
      "properties": {
        "id": "cmsvxs7if00atr1gdjniphc88",
        "name": "SARL Peinture et Revêtements Blida (PRB)",
        "slug": "sarl-peinture-et-revetements-blida-prb",
        "wilaya": "09",
        "wilayaName": "Blida",
        "commune": "Blida",
        "address": "Blida, Algérie",
        "employeeCount": 35,
        "verificationStatus": "PENDING",
        "hasWebsite": false
      }
    },
    {
      "type": "Feature",
      "geometry": {
        "type": "Point",
        "coordinates": [
          2.8591,
          36.4783
        ]
      },
      "properties": {
        "id": "cmsvxs7ig00avr1gdtuizccyb",
        "name": "EURL Transport et Logistique Blida (TLB)",
        "slug": "eurl-transport-et-logistique-blida-tlb",
        "wilaya": "09",
        "wilayaName": "Blida",
        "commune": "Blida",
        "address": "Blida, Algérie",
        "employeeCount": 28,
        "verificationStatus": "PENDING",
        "hasWebsite": false
      }
    },
    {
      "type": "Feature",
      "geometry": {
        "type": "Point",
        "coordinates": [
          2.8362,
          36.463
        ]
      },
      "properties": {
        "id": "cmsvxs7ii00axr1gd1mc99nn3",
        "name": "SARL Imprimerie Nouvelle Blida (INB)",
        "slug": "sarl-imprimerie-nouvelle-blida-inb",
        "wilaya": "09",
        "wilayaName": "Blida",
        "commune": "Blida",
        "address": "Blida, Algérie",
        "employeeCount": 40,
        "verificationStatus": "VERIFIED",
        "hasWebsite": false
      }
    },
    {
      "type": "Feature",
      "geometry": {
        "type": "Point",
        "coordinates": [
          2.8585,
          36.4703
        ]
      },
      "properties": {
        "id": "cmsvxs7ij00azr1gd01pokjtr",
        "name": "EURL Pâtisserie Confiserie Traditionnelle Blida",
        "slug": "eurl-patisserie-confiserie-traditionnelle-blida",
        "wilaya": "09",
        "wilayaName": "Blida",
        "commune": "Blida",
        "address": "Blida, Algérie",
        "employeeCount": 15,
        "verificationStatus": "PENDING",
        "hasWebsite": false
      }
    },
    {
      "type": "Feature",
      "geometry": {
        "type": "Point",
        "coordinates": [
          2.8394,
          36.4809
        ]
      },
      "properties": {
        "id": "cmsvxs7ik00b1r1gdiuc1g4ts",
        "name": "SARL Eaux Minérales de Chréa (EMC)",
        "slug": "sarl-eaux-minerales-de-chrea-emc",
        "wilaya": "09",
        "wilayaName": "Blida",
        "commune": "Blida",
        "address": "Blida, Algérie",
        "employeeCount": 72,
        "verificationStatus": "VERIFIED",
        "hasWebsite": false
      }
    },
    {
      "type": "Feature",
      "geometry": {
        "type": "Point",
        "coordinates": [
          2.8297,
          36.4672
        ]
      },
      "properties": {
        "id": "cmsvxs7il00b3r1gdyoska15o",
        "name": "Tabuk Pharmaceuticals Algeria - Regional Office Blida",
        "slug": "tabuk-pharmaceuticals-algeria-regional-office-blida",
        "wilaya": "09",
        "wilayaName": "Blida",
        "commune": "Blida",
        "address": "Blida, Algérie",
        "employeeCount": 55,
        "verificationStatus": "VERIFIED",
        "hasWebsite": false
      }
    },
    {
      "type": "Feature",
      "geometry": {
        "type": "Point",
        "coordinates": [
          2.8113,
          36.4887
        ]
      },
      "properties": {
        "id": "cmsvxs7im00b5r1gdzgvephae",
        "name": "SARL Laboratoire d'Analyses Médicales Blida (LAMB)",
        "slug": "sarl-laboratoire-danalyses-medicales-blida-lamb",
        "wilaya": "09",
        "wilayaName": "Blida",
        "commune": "Blida",
        "address": "Blida, Algérie",
        "employeeCount": 20,
        "verificationStatus": "VERIFIED",
        "hasWebsite": false
      }
    },
    {
      "type": "Feature",
      "geometry": {
        "type": "Point",
        "coordinates": [
          3.8816,
          36.3812
        ]
      },
      "properties": {
        "id": "cmsvxs7iq00b9r1gda27060bs",
        "name": "CARRAVIC SPA - Filiale Aviculture Bouira",
        "slug": "carravic-spa-filiale-aviculture-bouira",
        "wilaya": "10",
        "wilayaName": "Bouira",
        "commune": "Bouira",
        "address": "Bouira, Algérie",
        "employeeCount": 120,
        "verificationStatus": "VERIFIED",
        "hasWebsite": false
      }
    },
    {
      "type": "Feature",
      "geometry": {
        "type": "Point",
        "coordinates": [
          3.9044,
          36.3748
        ]
      },
      "properties": {
        "id": "cmsvxs7ir00bbr1gdvhii6kx0",
        "name": "CERAMIQUES MEDITERRANEENNE SARL (CERMED)",
        "slug": "ceramiques-mediterraneenne-sarl-cermed",
        "wilaya": "10",
        "wilayaName": "Bouira",
        "commune": "Bouira",
        "address": "Bouira, Algérie",
        "employeeCount": 75,
        "verificationStatus": "VERIFIED",
        "hasWebsite": false
      }
    },
    {
      "type": "Feature",
      "geometry": {
        "type": "Point",
        "coordinates": [
          3.8826,
          36.3724
        ]
      },
      "properties": {
        "id": "cmsvxs7is00bdr1gdpjdvt77k",
        "name": "Tiziri Ceramica SARL",
        "slug": "tiziri-ceramica-sarl",
        "wilaya": "10",
        "wilayaName": "Bouira",
        "commune": "Bouira",
        "address": "Bouira, Algérie",
        "employeeCount": 42,
        "verificationStatus": "VERIFIED",
        "hasWebsite": false
      }
    },
    {
      "type": "Feature",
      "geometry": {
        "type": "Point",
        "coordinates": [
          3.8927,
          36.3618
        ]
      },
      "properties": {
        "id": "cmsvxs7it00bfr1gdt9dd8sdx",
        "name": "SAOUDI Olive & Co SARL",
        "slug": "saoudi-olive-co-sarl",
        "wilaya": "10",
        "wilayaName": "Bouira",
        "commune": "Bouira",
        "address": "Bouira, Algérie",
        "employeeCount": 25,
        "verificationStatus": "VERIFIED",
        "hasWebsite": false
      }
    },
    {
      "type": "Feature",
      "geometry": {
        "type": "Point",
        "coordinates": [
          3.8813,
          36.3624
        ]
      },
      "properties": {
        "id": "cmsvxs7iv00bhr1gd0r850ssm",
        "name": "BISTA PRODA SARL - Confiserie Pâtisserie",
        "slug": "bista-proda-sarl-confiserie-patisserie",
        "wilaya": "10",
        "wilayaName": "Bouira",
        "commune": "Bouira",
        "address": "Bouira, Algérie",
        "employeeCount": 35,
        "verificationStatus": "VERIFIED",
        "hasWebsite": false
      }
    },
    {
      "type": "Feature",
      "geometry": {
        "type": "Point",
        "coordinates": [
          3.9372,
          36.3945
        ]
      },
      "properties": {
        "id": "cmsvxs7iw00bjr1gdj4vb7f01",
        "name": "Confiserie EL KHOULD EURL",
        "slug": "confiserie-el-khould-eurl",
        "wilaya": "10",
        "wilayaName": "Bouira",
        "commune": "Bouira",
        "address": "Bouira, Algérie",
        "employeeCount": 15,
        "verificationStatus": "VERIFIED",
        "hasWebsite": false
      }
    },
    {
      "type": "Feature",
      "geometry": {
        "type": "Point",
        "coordinates": [
          3.8858,
          36.3617
        ]
      },
      "properties": {
        "id": "cmsvxs7ix00blr1gdpoi39k7x",
        "name": "Etablissements MABROUK SARL",
        "slug": "etablissements-mabrouk-sarl",
        "wilaya": "10",
        "wilayaName": "Bouira",
        "commune": "Bouira",
        "address": "Bouira, Algérie",
        "employeeCount": 18,
        "verificationStatus": "VERIFIED",
        "hasWebsite": false
      }
    },
    {
      "type": "Feature",
      "geometry": {
        "type": "Point",
        "coordinates": [
          3.9106,
          36.3979
        ]
      },
      "properties": {
        "id": "cmsvxs7iy00bnr1gdb6udkik0",
        "name": "BH-AGRICULTURE SARL",
        "slug": "bh-agriculture-sarl",
        "wilaya": "10",
        "wilayaName": "Bouira",
        "commune": "Bouira",
        "address": "Bouira, Algérie",
        "employeeCount": 22,
        "verificationStatus": "VERIFIED",
        "hasWebsite": false
      }
    },
    {
      "type": "Feature",
      "geometry": {
        "type": "Point",
        "coordinates": [
          3.895,
          36.3752
        ]
      },
      "properties": {
        "id": "cmsvxs7iz00bpr1gdplj2ohjw",
        "name": "Coopérative Oléicole du Djurdjura",
        "slug": "cooperative-oleicole-du-djurdjura",
        "wilaya": "10",
        "wilayaName": "Bouira",
        "commune": "Bouira",
        "address": "Bouira, Algérie",
        "employeeCount": 35,
        "verificationStatus": "VERIFIED",
        "hasWebsite": false
      }
    },
    {
      "type": "Feature",
      "geometry": {
        "type": "Point",
        "coordinates": [
          3.8997,
          36.3983
        ]
      },
      "properties": {
        "id": "cmsvxs7j100brr1gdqhvs8hid",
        "name": "Verger des Djurdjura - Pommes et Fruits",
        "slug": "verger-des-djurdjura-pommes-et-fruits",
        "wilaya": "10",
        "wilayaName": "Bouira",
        "commune": "Bouira",
        "address": "Bouira, Algérie",
        "employeeCount": 30,
        "verificationStatus": "VERIFIED",
        "hasWebsite": false
      }
    },
    {
      "type": "Feature",
      "geometry": {
        "type": "Point",
        "coordinates": [
          3.9021,
          36.3906
        ]
      },
      "properties": {
        "id": "cmsvxs7j200btr1gdi32i5ifd",
        "name": "Artisanat Poterie Haizer-Maadid",
        "slug": "artisanat-poterie-haizer-maadid",
        "wilaya": "10",
        "wilayaName": "Bouira",
        "commune": "Bouira",
        "address": "Bouira, Algérie",
        "employeeCount": 20,
        "verificationStatus": "VERIFIED",
        "hasWebsite": false
      }
    },
    {
      "type": "Feature",
      "geometry": {
        "type": "Point",
        "coordinates": [
          3.8972,
          36.3754
        ]
      },
      "properties": {
        "id": "cmsvxs7j300bvr1gd0kex87dz",
        "name": "Céramique d'Art BOUMEHDI Rachid",
        "slug": "ceramique-dart-boumehdi-rachid",
        "wilaya": "10",
        "wilayaName": "Bouira",
        "commune": "Bouira",
        "address": "Bouira, Algérie",
        "employeeCount": 4,
        "verificationStatus": "VERIFIED",
        "hasWebsite": false
      }
    },
    {
      "type": "Feature",
      "geometry": {
        "type": "Point",
        "coordinates": [
          3.9221,
          36.3859
        ]
      },
      "properties": {
        "id": "cmsvxs7j400bxr1gdo7vz45y3",
        "name": "Hôtel El Arz Cosy Hotel Tikjda",
        "slug": "hotel-el-arz-cosy-hotel-tikjda",
        "wilaya": "10",
        "wilayaName": "Bouira",
        "commune": "Bouira",
        "address": "Bouira, Algérie",
        "employeeCount": 25,
        "verificationStatus": "VERIFIED",
        "hasWebsite": false
      }
    },
    {
      "type": "Feature",
      "geometry": {
        "type": "Point",
        "coordinates": [
          3.9062,
          36.3594
        ]
      },
      "properties": {
        "id": "cmsvxs7j500bzr1gdg95xmlqa",
        "name": "Résidence Djurdjura Tikjda",
        "slug": "residence-djurdjura-tikjda",
        "wilaya": "10",
        "wilayaName": "Bouira",
        "commune": "Bouira",
        "address": "Bouira, Algérie",
        "employeeCount": 10,
        "verificationStatus": "VERIFIED",
        "hasWebsite": false
      }
    },
    {
      "type": "Feature",
      "geometry": {
        "type": "Point",
        "coordinates": [
          3.8884,
          36.3993
        ]
      },
      "properties": {
        "id": "cmsvxs7j600c1r1gdo6jq5il1",
        "name": "Office de Tourisme Parc National Djurdjura",
        "slug": "office-de-tourisme-parc-national-djurdjura",
        "wilaya": "10",
        "wilayaName": "Bouira",
        "commune": "Bouira",
        "address": "Bouira, Algérie",
        "employeeCount": 40,
        "verificationStatus": "VERIFIED",
        "hasWebsite": false
      }
    },
    {
      "type": "Feature",
      "geometry": {
        "type": "Point",
        "coordinates": [
          3.8825,
          36.4023
        ]
      },
      "properties": {
        "id": "cmsvxs7j700c3r1gdmyk6zqw3",
        "name": "Apiculteurs du Djurdjura - Miel de Bouira",
        "slug": "apiculteurs-du-djurdjura-miel-de-bouira",
        "wilaya": "10",
        "wilayaName": "Bouira",
        "commune": "Bouira",
        "address": "Bouira, Algérie",
        "employeeCount": 35,
        "verificationStatus": "VERIFIED",
        "hasWebsite": false
      }
    },
    {
      "type": "Feature",
      "geometry": {
        "type": "Point",
        "coordinates": [
          3.8824,
          36.3714
        ]
      },
      "properties": {
        "id": "cmsvxs7j800c5r1gd8uvtgddj",
        "name": "Carrieres et Matériaux du Djurdjura SARL",
        "slug": "carrieres-et-materiaux-du-djurdjura-sarl",
        "wilaya": "10",
        "wilayaName": "Bouira",
        "commune": "Bouira",
        "address": "Bouira, Algérie",
        "employeeCount": 38,
        "verificationStatus": "VERIFIED",
        "hasWebsite": false
      }
    },
    {
      "type": "Feature",
      "geometry": {
        "type": "Point",
        "coordinates": [
          3.8777,
          36.4028
        ]
      },
      "properties": {
        "id": "cmsvxs7j900c7r1gdikrvlnm8",
        "name": "Textiles Artisanaux Kabyles de Bouira",
        "slug": "textiles-artisanaux-kabyles-de-bouira",
        "wilaya": "10",
        "wilayaName": "Bouira",
        "commune": "Bouira",
        "address": "Bouira, Algérie",
        "employeeCount": 55,
        "verificationStatus": "VERIFIED",
        "hasWebsite": false
      }
    },
    {
      "type": "Feature",
      "geometry": {
        "type": "Point",
        "coordinates": [
          3.8792,
          36.368
        ]
      },
      "properties": {
        "id": "cmsvxs7ja00c9r1gdb2dfx5dw",
        "name": "Pigma Color SARL - Peintures et Revêtements",
        "slug": "pigma-color-sarl-peintures-et-revetements",
        "wilaya": "10",
        "wilayaName": "Bouira",
        "commune": "Bouira",
        "address": "Bouira, Algérie",
        "employeeCount": 32,
        "verificationStatus": "VERIFIED",
        "hasWebsite": false
      }
    },
    {
      "type": "Feature",
      "geometry": {
        "type": "Point",
        "coordinates": [
          3.9187,
          36.3746
        ]
      },
      "properties": {
        "id": "cmsvxs7jb00cbr1gdsfb4ubu8",
        "name": "JULEX COLOR SARL - Quincaillerie Peinture",
        "slug": "julex-color-sarl-quincaillerie-peinture",
        "wilaya": "10",
        "wilayaName": "Bouira",
        "commune": "Bouira",
        "address": "Bouira, Algérie",
        "employeeCount": 12,
        "verificationStatus": "VERIFIED",
        "hasWebsite": false
      }
    },
    {
      "type": "Feature",
      "geometry": {
        "type": "Point",
        "coordinates": [
          3.8859,
          36.4087
        ]
      },
      "properties": {
        "id": "cmsvxs7jc00cdr1gd2xzr800b",
        "name": "MATADOR Batteries SARL",
        "slug": "matador-batteries-sarl",
        "wilaya": "10",
        "wilayaName": "Bouira",
        "commune": "Bouira",
        "address": "Bouira, Algérie",
        "employeeCount": 22,
        "verificationStatus": "VERIFIED",
        "hasWebsite": false
      }
    },
    {
      "type": "Feature",
      "geometry": {
        "type": "Point",
        "coordinates": [
          3.9043,
          36.4088
        ]
      },
      "properties": {
        "id": "cmsvxs7jd00cfr1gdd3pctnag",
        "name": "ISSOULA Laiteries Artisanales",
        "slug": "issoula-laiteries-artisanales",
        "wilaya": "10",
        "wilayaName": "Bouira",
        "commune": "Bouira",
        "address": "Bouira, Algérie",
        "employeeCount": 8,
        "verificationStatus": "VERIFIED",
        "hasWebsite": false
      }
    },
    {
      "type": "Feature",
      "geometry": {
        "type": "Point",
        "coordinates": [
          3.9187,
          36.3819
        ]
      },
      "properties": {
        "id": "cmsvxs7je00chr1gdo89tzs9r",
        "name": "Centre Collecte Lait Ain Bessem",
        "slug": "centre-collecte-lait-ain-bessem",
        "wilaya": "10",
        "wilayaName": "Bouira",
        "commune": "Bouira",
        "address": "Bouira, Algérie",
        "employeeCount": 10,
        "verificationStatus": "VERIFIED",
        "hasWebsite": false
      }
    },
    {
      "type": "Feature",
      "geometry": {
        "type": "Point",
        "coordinates": [
          3.9154,
          36.3621
        ]
      },
      "properties": {
        "id": "cmsvxs7jf00cjr1gdtoyyori4",
        "name": "Produits Forestiers Djurdjura SARL",
        "slug": "produits-forestiers-djurdjura-sarl",
        "wilaya": "10",
        "wilayaName": "Bouira",
        "commune": "Bouira",
        "address": "Bouira, Algérie",
        "employeeCount": 28,
        "verificationStatus": "VERIFIED",
        "hasWebsite": false
      }
    },
    {
      "type": "Feature",
      "geometry": {
        "type": "Point",
        "coordinates": [
          3.9417,
          36.3943
        ]
      },
      "properties": {
        "id": "cmsvxs7jg00clr1gdoq3i9vc1",
        "name": "BTP Djurdjura Construction SARL",
        "slug": "btp-djurdjura-construction-sarl",
        "wilaya": "10",
        "wilayaName": "Bouira",
        "commune": "Bouira",
        "address": "Bouira, Algérie",
        "employeeCount": 65,
        "verificationStatus": "VERIFIED",
        "hasWebsite": false
      }
    },
    {
      "type": "Feature",
      "geometry": {
        "type": "Point",
        "coordinates": [
          3.9202,
          36.3873
        ]
      },
      "properties": {
        "id": "cmsvxs7jh00cnr1gdfxt7g4x5",
        "name": "Alimentation Boustane Distribution",
        "slug": "alimentation-boustane-distribution",
        "wilaya": "10",
        "wilayaName": "Bouira",
        "commune": "Bouira",
        "address": "Bouira, Algérie",
        "employeeCount": 45,
        "verificationStatus": "VERIFIED",
        "hasWebsite": false
      }
    },
    {
      "type": "Feature",
      "geometry": {
        "type": "Point",
        "coordinates": [
          3.9355,
          36.4088
        ]
      },
      "properties": {
        "id": "cmsvxs7jj00cpr1gdikb8xrhh",
        "name": "Transports Bouira Express SARL",
        "slug": "transports-bouira-express-sarl",
        "wilaya": "10",
        "wilayaName": "Bouira",
        "commune": "Bouira",
        "address": "Bouira, Algérie",
        "employeeCount": 30,
        "verificationStatus": "VERIFIED",
        "hasWebsite": false
      }
    },
    {
      "type": "Feature",
      "geometry": {
        "type": "Point",
        "coordinates": [
          3.9036,
          36.3573
        ]
      },
      "properties": {
        "id": "cmsvxs7jk00crr1gd4qxuf433",
        "name": "Pharmacie Centrale Bouira (PCB)",
        "slug": "pharmacie-centrale-bouira-pcb",
        "wilaya": "10",
        "wilayaName": "Bouira",
        "commune": "Bouira",
        "address": "Bouira, Algérie",
        "employeeCount": 18,
        "verificationStatus": "VERIFIED",
        "hasWebsite": false
      }
    },
    {
      "type": "Feature",
      "geometry": {
        "type": "Point",
        "coordinates": [
          5.5211,
          22.8084
        ]
      },
      "properties": {
        "id": "cmsvxs7jn00cvr1gd0xnjsb92",
        "name": "SARL Hoggar Voyages (HV)",
        "slug": "sarl-hoggar-voyages-hv",
        "wilaya": "11",
        "wilayaName": "Tamanrasset",
        "commune": "Tamanrasset",
        "address": "Tamanrasset, Algérie",
        "employeeCount": 35,
        "verificationStatus": "VERIFIED",
        "hasWebsite": false
      }
    },
    {
      "type": "Feature",
      "geometry": {
        "type": "Point",
        "coordinates": [
          5.4937,
          22.7904
        ]
      },
      "properties": {
        "id": "cmsvxs7jo00cxr1gd6s599ws8",
        "name": "EURL Tahat Tourisme Désert (TTD)",
        "slug": "eurl-tahat-tourisme-desert-ttd",
        "wilaya": "11",
        "wilayaName": "Tamanrasset",
        "commune": "Tamanrasset",
        "address": "Tamanrasset, Algérie",
        "employeeCount": 18,
        "verificationStatus": "VERIFIED",
        "hasWebsite": false
      }
    },
    {
      "type": "Feature",
      "geometry": {
        "type": "Point",
        "coordinates": [
          5.5513,
          22.8083
        ]
      },
      "properties": {
        "id": "cmsvxs7jp00czr1gdoesh6bfp",
        "name": "Coopérative Artisanale Touareg du Hoggar (CATH)",
        "slug": "cooperative-artisanale-touareg-du-hoggar-cath",
        "wilaya": "11",
        "wilayaName": "Tamanrasset",
        "commune": "Tamanrasset",
        "address": "Tamanrasset, Algérie",
        "employeeCount": 55,
        "verificationStatus": "VERIFIED",
        "hasWebsite": false
      }
    },
    {
      "type": "Feature",
      "geometry": {
        "type": "Point",
        "coordinates": [
          5.5186,
          22.7675
        ]
      },
      "properties": {
        "id": "cmsvxs7jq00d1r1gd3zmwz7q9",
        "name": "Hôtel Restaurant Tahat (HRT)",
        "slug": "hotel-restaurant-tahat-hrt",
        "wilaya": "11",
        "wilayaName": "Tamanrasset",
        "commune": "Tamanrasset",
        "address": "Tamanrasset, Algérie",
        "employeeCount": 65,
        "verificationStatus": "VERIFIED",
        "hasWebsite": false
      }
    },
    {
      "type": "Feature",
      "geometry": {
        "type": "Point",
        "coordinates": [
          5.5513,
          22.7587
        ]
      },
      "properties": {
        "id": "cmsvxs7jr00d3r1gd2dtszgc8",
        "name": "SARL Assekrem Expéditions (AE)",
        "slug": "sarl-assekrem-expeditions-ae",
        "wilaya": "11",
        "wilayaName": "Tamanrasset",
        "commune": "Tamanrasset",
        "address": "Tamanrasset, Algérie",
        "employeeCount": 22,
        "verificationStatus": "VERIFIED",
        "hasWebsite": false
      }
    },
    {
      "type": "Feature",
      "geometry": {
        "type": "Point",
        "coordinates": [
          5.5382,
          22.7631
        ]
      },
      "properties": {
        "id": "cmsvxs7jv00d9r1gd3p9xl2ho",
        "name": "SARL Transport Logistique Sud TLS",
        "slug": "sarl-transport-logistique-sud-tls",
        "wilaya": "11",
        "wilayaName": "Tamanrasset",
        "commune": "Tamanrasset",
        "address": "Tamanrasset, Algérie",
        "employeeCount": 42,
        "verificationStatus": "VERIFIED",
        "hasWebsite": false
      }
    },
    {
      "type": "Feature",
      "geometry": {
        "type": "Point",
        "coordinates": [
          5.5097,
          22.763
        ]
      },
      "properties": {
        "id": "cmsvxs7jw00dbr1gdrun8zxci",
        "name": "EURL Commerce Général Saharien (CGS)",
        "slug": "eurl-commerce-general-saharien-cgs",
        "wilaya": "11",
        "wilayaName": "Tamanrasset",
        "commune": "Tamanrasset",
        "address": "Tamanrasset, Algérie",
        "employeeCount": 16,
        "verificationStatus": "PENDING",
        "hasWebsite": false
      }
    },
    {
      "type": "Feature",
      "geometry": {
        "type": "Point",
        "coordinates": [
          5.4962,
          22.794
        ]
      },
      "properties": {
        "id": "cmsvxs7jy00dfr1gdshvi9ph4",
        "name": "SARL Location Véhicules Désert LVD",
        "slug": "sarl-location-vehicules-desert-lvd",
        "wilaya": "11",
        "wilayaName": "Tamanrasset",
        "commune": "Tamanrasset",
        "address": "Tamanrasset, Algérie",
        "employeeCount": 14,
        "verificationStatus": "VERIFIED",
        "hasWebsite": false
      }
    },
    {
      "type": "Feature",
      "geometry": {
        "type": "Point",
        "coordinates": [
          5.5407,
          22.7975
        ]
      },
      "properties": {
        "id": "cmsvxs7k000djr1gduuciyag3",
        "name": "SARl Agence de Voyage du Hoggar AVH",
        "slug": "sarl-agence-de-voyage-du-hoggar-avh",
        "wilaya": "11",
        "wilayaName": "Tamanrasset",
        "commune": "Tamanrasset",
        "address": "Tamanrasset, Algérie",
        "employeeCount": 24,
        "verificationStatus": "VERIFIED",
        "hasWebsite": false
      }
    },
    {
      "type": "Feature",
      "geometry": {
        "type": "Point",
        "coordinates": [
          5.5454,
          22.811
        ]
      },
      "properties": {
        "id": "cmsvxs7k100dlr1gd8rbh8xk5",
        "name": "EURL Artisanat Touareg Moderne ATM",
        "slug": "eurl-artisanat-touareg-moderne-atm",
        "wilaya": "11",
        "wilayaName": "Tamanrasset",
        "commune": "Tamanrasset",
        "address": "Tamanrasset, Algérie",
        "employeeCount": 12,
        "verificationStatus": "VERIFIED",
        "hasWebsite": false
      }
    },
    {
      "type": "Feature",
      "geometry": {
        "type": "Point",
        "coordinates": [
          5.5267,
          22.7838
        ]
      },
      "properties": {
        "id": "cmsvxs7k300dpr1gdjotg2mro",
        "name": "SARL Restauration Le Hoggar RLH",
        "slug": "sarl-restauration-le-hoggar-rlh",
        "wilaya": "11",
        "wilayaName": "Tamanrasset",
        "commune": "Tamanrasset",
        "address": "Tamanrasset, Algérie",
        "employeeCount": 18,
        "verificationStatus": "PENDING",
        "hasWebsite": false
      }
    },
    {
      "type": "Feature",
      "geometry": {
        "type": "Point",
        "coordinates": [
          5.5519,
          22.7633
        ]
      },
      "properties": {
        "id": "cmsvxs7k400drr1gd3fnlcj5u",
        "name": "Auberge du Désert Tamanrasset ADT",
        "slug": "auberge-du-desert-tamanrasset-adt",
        "wilaya": "11",
        "wilayaName": "Tamanrasset",
        "commune": "Tamanrasset",
        "address": "Tamanrasset, Algérie",
        "employeeCount": 10,
        "verificationStatus": "PENDING",
        "hasWebsite": false
      }
    },
    {
      "type": "Feature",
      "geometry": {
        "type": "Point",
        "coordinates": [
          5.5215,
          22.801
        ]
      },
      "properties": {
        "id": "cmsvxs7k700dvr1gd4fo5f4bx",
        "name": "EURL Guide Accompagnateur Touareg GAT",
        "slug": "eurl-guide-accompagnateur-touareg-gat",
        "wilaya": "11",
        "wilayaName": "Tamanrasset",
        "commune": "Tamanrasset",
        "address": "Tamanrasset, Algérie",
        "employeeCount": 8,
        "verificationStatus": "VERIFIED",
        "hasWebsite": false
      }
    },
    {
      "type": "Feature",
      "geometry": {
        "type": "Point",
        "coordinates": [
          5.5466,
          22.7902
        ]
      },
      "properties": {
        "id": "cmsvxs7k800dxr1gd0oyq079v",
        "name": "SARL Commerce Souvenirs Hoggar CSH",
        "slug": "sarl-commerce-souvenirs-hoggar-csh",
        "wilaya": "11",
        "wilayaName": "Tamanrasset",
        "commune": "Tamanrasset",
        "address": "Tamanrasset, Algérie",
        "employeeCount": 14,
        "verificationStatus": "VERIFIED",
        "hasWebsite": false
      }
    },
    {
      "type": "Feature",
      "geometry": {
        "type": "Point",
        "coordinates": [
          5.5236,
          22.759
        ]
      },
      "properties": {
        "id": "cmsvxs7ka00e1r1gdspkr9ou8",
        "name": "SARL Construction Travaux Publics Sud CTPS",
        "slug": "sarl-construction-travaux-publics-sud-ctps",
        "wilaya": "11",
        "wilayaName": "Tamanrasset",
        "commune": "Tamanrasset",
        "address": "Tamanrasset, Algérie",
        "employeeCount": 48,
        "verificationStatus": "VERIFIED",
        "hasWebsite": false
      }
    },
    {
      "type": "Feature",
      "geometry": {
        "type": "Point",
        "coordinates": [
          5.5111,
          22.8041
        ]
      },
      "properties": {
        "id": "cmsvxs7kb00e3r1gdzfe8qjx0",
        "name": "Coopérative Féminine Artisanale Tamanrasset CFAT",
        "slug": "cooperative-feminine-artisanale-tamanrasset-cfat",
        "wilaya": "11",
        "wilayaName": "Tamanrasset",
        "commune": "Tamanrasset",
        "address": "Tamanrasset, Algérie",
        "employeeCount": 35,
        "verificationStatus": "VERIFIED",
        "hasWebsite": false
      }
    },
    {
      "type": "Feature",
      "geometry": {
        "type": "Point",
        "coordinates": [
          5.5249,
          22.7743
        ]
      },
      "properties": {
        "id": "cmsvxs7kc00e5r1gdws54zgtu",
        "name": "EURL Santé Pharmacie du Hoggar PH",
        "slug": "eurl-sante-pharmacie-du-hoggar-ph",
        "wilaya": "11",
        "wilayaName": "Tamanrasset",
        "commune": "Tamanrasset",
        "address": "Tamanrasset, Algérie",
        "employeeCount": 6,
        "verificationStatus": "PENDING",
        "hasWebsite": false
      }
    },
    {
      "type": "Feature",
      "geometry": {
        "type": "Point",
        "coordinates": [
          5.5174,
          22.7757
        ]
      },
      "properties": {
        "id": "cmsvxs7kd00e7r1gdsmysrnko",
        "name": "SARL Élevage Chameaux du Hoggar ECH",
        "slug": "sarl-elevage-chameaux-du-hoggar-ech",
        "wilaya": "11",
        "wilayaName": "Tamanrasset",
        "commune": "Tamanrasset",
        "address": "Tamanrasset, Algérie",
        "employeeCount": 28,
        "verificationStatus": "VERIFIED",
        "hasWebsite": false
      }
    },
    {
      "type": "Feature",
      "geometry": {
        "type": "Point",
        "coordinates": [
          -0.6126,
          35.6764
        ]
      },
      "properties": {
        "id": "cmsvxs7kf00ebr1gd5ac16ozl",
        "name": "Sonatrach - Raffinerie d'Arzew",
        "slug": "sonatrach-raffinerie-darzew",
        "wilaya": "31",
        "wilayaName": "Ouargla",
        "commune": "Oran",
        "address": "Oran, Algérie",
        "employeeCount": 2500,
        "verificationStatus": "VERIFIED",
        "hasWebsite": false
      }
    },
    {
      "type": "Feature",
      "geometry": {
        "type": "Point",
        "coordinates": [
          -0.6363,
          35.7136
        ]
      },
      "properties": {
        "id": "cmsvxs7kh00efr1gddyajg2lf",
        "name": "Société Nationale de Chimie - Complexe d'Arzew (SNC-LA)",
        "slug": "societe-nationale-de-chimie-complexe-darzew-snc-la",
        "wilaya": "31",
        "wilayaName": "Ouargla",
        "commune": "Oran",
        "address": "Oran, Algérie",
        "employeeCount": 3200,
        "verificationStatus": "VERIFIED",
        "hasWebsite": false
      }
    },
    {
      "type": "Feature",
      "geometry": {
        "type": "Point",
        "coordinates": [
          -0.613,
          35.6774
        ]
      },
      "properties": {
        "id": "cmsvxs7ki00ehr1gdz3p8guqx",
        "name": "NAFTAL Oran",
        "slug": "naftal-oran",
        "wilaya": "31",
        "wilayaName": "Ouargla",
        "commune": "Oran",
        "address": "Oran, Algérie",
        "employeeCount": 450,
        "verificationStatus": "VERIFIED",
        "hasWebsite": false
      }
    },
    {
      "type": "Feature",
      "geometry": {
        "type": "Point",
        "coordinates": [
          -0.621,
          35.6741
        ]
      },
      "properties": {
        "id": "cmsvxs7kj00ejr1gd291w53sk",
        "name": "SONELGAZ - Direction Régionale Oran",
        "slug": "sonelgaz-direction-regionale-oran",
        "wilaya": "31",
        "wilayaName": "Ouargla",
        "commune": "Oran",
        "address": "Oran, Algérie",
        "employeeCount": 1200,
        "verificationStatus": "VERIFIED",
        "hasWebsite": false
      }
    },
    {
      "type": "Feature",
      "geometry": {
        "type": "Point",
        "coordinates": [
          -0.6292,
          35.6935
        ]
      },
      "properties": {
        "id": "cmsvxs7kk00elr1gdvtcufoeg",
        "name": "Cevital Distribution Oran",
        "slug": "cevital-distribution-oran",
        "wilaya": "31",
        "wilayaName": "Ouargla",
        "commune": "Oran",
        "address": "Oran, Algérie",
        "employeeCount": 380,
        "verificationStatus": "VERIFIED",
        "hasWebsite": false
      }
    },
    {
      "type": "Feature",
      "geometry": {
        "type": "Point",
        "coordinates": [
          -0.5925,
          35.6941
        ]
      },
      "properties": {
        "id": "cmsvxs7kl00enr1gdo035bjsp",
        "name": "Groupe NADJAH Oran",
        "slug": "groupe-nadjah-oran",
        "wilaya": "31",
        "wilayaName": "Ouargla",
        "commune": "Oran",
        "address": "Oran, Algérie",
        "employeeCount": 650,
        "verificationStatus": "VERIFIED",
        "hasWebsite": false
      }
    },
    {
      "type": "Feature",
      "geometry": {
        "type": "Point",
        "coordinates": [
          -0.5885,
          35.6683
        ]
      },
      "properties": {
        "id": "cmsvxs7km00epr1gdpdi3xemz",
        "name": "Ciment d'Oran - SCIMAT",
        "slug": "ciment-doran-scimat",
        "wilaya": "31",
        "wilayaName": "Ouargla",
        "commune": "Oran",
        "address": "Oran, Algérie",
        "employeeCount": 520,
        "verificationStatus": "VERIFIED",
        "hasWebsite": false
      }
    },
    {
      "type": "Feature",
      "geometry": {
        "type": "Point",
        "coordinates": [
          -0.5823,
          35.6827
        ]
      },
      "properties": {
        "id": "cmsvxs7kp00etr1gd544hluuc",
        "name": "ENEMO (Entreprise Nationale de Métallurgie d'Oran)",
        "slug": "enemo-entreprise-nationale-de-metallurgie-doran",
        "wilaya": "31",
        "wilayaName": "Ouargla",
        "commune": "Oran",
        "address": "Oran, Algérie",
        "employeeCount": 420,
        "verificationStatus": "VERIFIED",
        "hasWebsite": false
      }
    },
    {
      "type": "Feature",
      "geometry": {
        "type": "Point",
        "coordinates": [
          -0.612,
          35.6695
        ]
      },
      "properties": {
        "id": "cmsvxs7kq00evr1gdcb3u95f1",
        "name": "CTP Oran (Centre de Thermographie Professionnelle)",
        "slug": "ctp-oran-centre-de-thermographie-professionnelle",
        "wilaya": "31",
        "wilayaName": "Ouargla",
        "commune": "Oran",
        "address": "Oran, Algérie",
        "employeeCount": 45,
        "verificationStatus": "VERIFIED",
        "hasWebsite": false
      }
    },
    {
      "type": "Feature",
      "geometry": {
        "type": "Point",
        "coordinates": [
          -0.5994,
          35.6856
        ]
      },
      "properties": {
        "id": "cmsvxs7kr00exr1gdu74v84km",
        "name": "Hôtel Sheraton Oran",
        "slug": "hotel-sheraton-oran",
        "wilaya": "31",
        "wilayaName": "Ouargla",
        "commune": "Oran",
        "address": "Oran, Algérie",
        "employeeCount": 280,
        "verificationStatus": "VERIFIED",
        "hasWebsite": false
      }
    },
    {
      "type": "Feature",
      "geometry": {
        "type": "Point",
        "coordinates": [
          -0.6382,
          35.716
        ]
      },
      "properties": {
        "id": "cmsvxs7ks00ezr1gdngn698fa",
        "name": "Hôtel Royal Oran",
        "slug": "hotel-royal-oran",
        "wilaya": "31",
        "wilayaName": "Ouargla",
        "commune": "Oran",
        "address": "Oran, Algérie",
        "employeeCount": 150,
        "verificationStatus": "VERIFIED",
        "hasWebsite": false
      }
    },
    {
      "type": "Feature",
      "geometry": {
        "type": "Point",
        "coordinates": [
          -0.6213,
          35.7109
        ]
      },
      "properties": {
        "id": "cmsvxs7kt00f1r1gdd8xsvngn",
        "name": "Air Algérie - Hub Oran Ahmed Ben Bella",
        "slug": "air-algerie-hub-oran-ahmed-ben-bella",
        "wilaya": "31",
        "wilayaName": "Ouargla",
        "commune": "Oran",
        "address": "Oran, Algérie",
        "employeeCount": 850,
        "verificationStatus": "VERIFIED",
        "hasWebsite": false
      }
    },
    {
      "type": "Feature",
      "geometry": {
        "type": "Point",
        "coordinates": [
          -0.6368,
          35.7086
        ]
      },
      "properties": {
        "id": "cmsvxs7kw00f7r1gdkvdfh4lj",
        "name": "Université d'Oran 1 - Ahmed Ben Bella",
        "slug": "universite-doran-1-ahmed-ben-bella",
        "wilaya": "31",
        "wilayaName": "Ouargla",
        "commune": "Oran",
        "address": "Oran, Algérie",
        "employeeCount": 2200,
        "verificationStatus": "VERIFIED",
        "hasWebsite": false
      }
    },
    {
      "type": "Feature",
      "geometry": {
        "type": "Point",
        "coordinates": [
          -0.5979,
          35.6975
        ]
      },
      "properties": {
        "id": "cmsvxs7ky00f9r1gd6vhgvmmi",
        "name": "Université d'Oran 2 - Mohamed Ben Ahmed",
        "slug": "universite-doran-2-mohamed-ben-ahmed",
        "wilaya": "31",
        "wilayaName": "Ouargla",
        "commune": "Oran",
        "address": "Oran, Algérie",
        "employeeCount": 1500,
        "verificationStatus": "VERIFIED",
        "hasWebsite": false
      }
    },
    {
      "type": "Feature",
      "geometry": {
        "type": "Point",
        "coordinates": [
          -0.6097,
          35.679
        ]
      },
      "properties": {
        "id": "cmsvxs7kz00fbr1gde0dbfgc9",
        "name": "CHU Oran - Centre Hospitalier Universitaire",
        "slug": "chu-oran-centre-hospitalier-universitaire",
        "wilaya": "31",
        "wilayaName": "Ouargla",
        "commune": "Oran",
        "address": "Oran, Algérie",
        "employeeCount": 4800,
        "verificationStatus": "VERIFIED",
        "hasWebsite": false
      }
    },
    {
      "type": "Feature",
      "geometry": {
        "type": "Point",
        "coordinates": [
          -0.6355,
          35.6799
        ]
      },
      "properties": {
        "id": "cmsvxs7l000fdr1gdtj7ynsq5",
        "name": "Clinique Privée Les Orangers",
        "slug": "clinique-privee-les-orangers",
        "wilaya": "31",
        "wilayaName": "Ouargla",
        "commune": "Oran",
        "address": "Oran, Algérie",
        "employeeCount": 95,
        "verificationStatus": "VERIFIED",
        "hasWebsite": false
      }
    },
    {
      "type": "Feature",
      "geometry": {
        "type": "Point",
        "coordinates": [
          -0.6215,
          35.6943
        ]
      },
      "properties": {
        "id": "cmsvxs7l100ffr1gdz9cn68zc",
        "name": "Laboratoire Pharmaceutique SAIDAL Oran",
        "slug": "laboratoire-pharmaceutique-saidal-oran",
        "wilaya": "31",
        "wilayaName": "Ouargla",
        "commune": "Oran",
        "address": "Oran, Algérie",
        "employeeCount": 420,
        "verificationStatus": "VERIFIED",
        "hasWebsite": false
      }
    },
    {
      "type": "Feature",
      "geometry": {
        "type": "Point",
        "coordinates": [
          -0.6252,
          35.681
        ]
      },
      "properties": {
        "id": "cmsvxs7l100fhr1gdvsm4c0t5",
        "name": "Pharmacie Centrale d'Oran (PCO)",
        "slug": "pharmacie-centrale-doran-pco",
        "wilaya": "31",
        "wilayaName": "Ouargla",
        "commune": "Oran",
        "address": "Oran, Algérie",
        "employeeCount": 65,
        "verificationStatus": "VERIFIED",
        "hasWebsite": false
      }
    },
    {
      "type": "Feature",
      "geometry": {
        "type": "Point",
        "coordinates": [
          -0.5834,
          35.696
        ]
      },
      "properties": {
        "id": "cmsvxs7l300fjr1gdxic5a3kt",
        "name": "Boulangerie Industrielle d'Oran (BIO)",
        "slug": "boulangerie-industrielle-doran-bio",
        "wilaya": "31",
        "wilayaName": "Ouargla",
        "commune": "Oran",
        "address": "Oran, Algérie",
        "employeeCount": 145,
        "verificationStatus": "VERIFIED",
        "hasWebsite": false
      }
    },
    {
      "type": "Feature",
      "geometry": {
        "type": "Point",
        "coordinates": [
          -0.6162,
          35.6948
        ]
      },
      "properties": {
        "id": "cmsvxs7l400flr1gdwsa1tkjc",
        "name": "Eaux Minérales d'Ifri (EMI)",
        "slug": "eaux-minerales-difri-emi",
        "wilaya": "31",
        "wilayaName": "Ouargla",
        "commune": "Oran",
        "address": "Oran, Algérie",
        "employeeCount": 85,
        "verificationStatus": "VERIFIED",
        "hasWebsite": false
      }
    },
    {
      "type": "Feature",
      "geometry": {
        "type": "Point",
        "coordinates": [
          -0.5909,
          35.7167
        ]
      },
      "properties": {
        "id": "cmsvxs7l500fnr1gd4b1jr4gr",
        "name": "SARL BTP Oran Construction",
        "slug": "sarl-btp-oran-construction",
        "wilaya": "31",
        "wilayaName": "Ouargla",
        "commune": "Oran",
        "address": "Oran, Algérie",
        "employeeCount": 185,
        "verificationStatus": "VERIFIED",
        "hasWebsite": false
      }
    },
    {
      "type": "Feature",
      "geometry": {
        "type": "Point",
        "coordinates": [
          -0.6312,
          35.6918
        ]
      },
      "properties": {
        "id": "cmsvxs7l600fpr1gd8be0gcgc",
        "name": "CNCC Oran (Chambre Nationale du Commerce et de l'Artisanat)",
        "slug": "cncc-oran-chambre-nationale-du-commerce-et-de-lartisanat",
        "wilaya": "31",
        "wilayaName": "Ouargla",
        "commune": "Oran",
        "address": "Oran, Algérie",
        "employeeCount": 120,
        "verificationStatus": "VERIFIED",
        "hasWebsite": false
      }
    },
    {
      "type": "Feature",
      "geometry": {
        "type": "Point",
        "coordinates": [
          -0.6352,
          35.6888
        ]
      },
      "properties": {
        "id": "cmsvxs7l700frr1gdlkcnnfm8",
        "name": "Promotion Immobilière Oranaise (PIO)",
        "slug": "promotion-immobiliere-oranaise-pio",
        "wilaya": "31",
        "wilayaName": "Ouargla",
        "commune": "Oran",
        "address": "Oran, Algérie",
        "employeeCount": 55,
        "verificationStatus": "VERIFIED",
        "hasWebsite": false
      }
    },
    {
      "type": "Feature",
      "geometry": {
        "type": "Point",
        "coordinates": [
          -0.6078,
          35.7118
        ]
      },
      "properties": {
        "id": "cmsvxs7l800ftr1gdrbedd5j1",
        "name": "Agence de Voyage et Tourisme Oran Travel",
        "slug": "agence-de-voyage-et-tourisme-oran-travel",
        "wilaya": "31",
        "wilayaName": "Ouargla",
        "commune": "Oran",
        "address": "Oran, Algérie",
        "employeeCount": 28,
        "verificationStatus": "VERIFIED",
        "hasWebsite": false
      }
    },
    {
      "type": "Feature",
      "geometry": {
        "type": "Point",
        "coordinates": [
          -0.6008,
          35.6953
        ]
      },
      "properties": {
        "id": "cmsvxs7l900fvr1gd3tdowaz5",
        "name": "Société de Gestion de la Plage d'Oran (SGPO)",
        "slug": "societe-de-gestion-de-la-plage-doran-sgpo",
        "wilaya": "31",
        "wilayaName": "Ouargla",
        "commune": "Oran",
        "address": "Oran, Algérie",
        "employeeCount": 65,
        "verificationStatus": "VERIFIED",
        "hasWebsite": false
      }
    },
    {
      "type": "Feature",
      "geometry": {
        "type": "Point",
        "coordinates": [
          -0.5959,
          35.6679
        ]
      },
      "properties": {
        "id": "cmsvxs7lb00fzr1gd2tjyww51",
        "name": "SARL Informatique Oran Systems (IOS)",
        "slug": "sarl-informatique-oran-systems-ios",
        "wilaya": "31",
        "wilayaName": "Ouargla",
        "commune": "Oran",
        "address": "Oran, Algérie",
        "employeeCount": 42,
        "verificationStatus": "VERIFIED",
        "hasWebsite": false
      }
    },
    {
      "type": "Feature",
      "geometry": {
        "type": "Point",
        "coordinates": [
          -0.6122,
          35.7097
        ]
      },
      "properties": {
        "id": "cmsvxs7lc00g1r1gd29gyyprp",
        "name": "Algerie Telecom Oran - Direction Régionale",
        "slug": "algerie-telecom-oran-direction-regionale",
        "wilaya": "31",
        "wilayaName": "Ouargla",
        "commune": "Oran",
        "address": "Oran, Algérie",
        "employeeCount": 580,
        "verificationStatus": "VERIFIED",
        "hasWebsite": false
      }
    },
    {
      "type": "Feature",
      "geometry": {
        "type": "Point",
        "coordinates": [
          -0.6024,
          35.6709
        ]
      },
      "properties": {
        "id": "cmsvxs7ld00g3r1gdilqdhbox",
        "name": "Mobilis Oran - DSI Ouest",
        "slug": "mobilis-oran-dsi-ouest",
        "wilaya": "31",
        "wilayaName": "Ouargla",
        "commune": "Oran",
        "address": "Oran, Algérie",
        "employeeCount": 220,
        "verificationStatus": "VERIFIED",
        "hasWebsite": false
      }
    },
    {
      "type": "Feature",
      "geometry": {
        "type": "Point",
        "coordinates": [
          -0.6266,
          35.6672
        ]
      },
      "properties": {
        "id": "cmsvxs7le00g5r1gdk0g769be",
        "name": "Djeezy Oran - Siège Ouest",
        "slug": "djeezy-oran-siege-ouest",
        "wilaya": "31",
        "wilayaName": "Ouargla",
        "commune": "Oran",
        "address": "Oran, Algérie",
        "employeeCount": 165,
        "verificationStatus": "VERIFIED",
        "hasWebsite": false
      }
    },
    {
      "type": "Feature",
      "geometry": {
        "type": "Point",
        "coordinates": [
          -0.5851,
          35.6689
        ]
      },
      "properties": {
        "id": "cmsvxs7lf00g7r1gdv510ahe9",
        "name": "Banque d'Algérie - Succursale d'Oran",
        "slug": "banque-dalgerie-succursale-doran",
        "wilaya": "31",
        "wilayaName": "Ouargla",
        "commune": "Oran",
        "address": "Oran, Algérie",
        "employeeCount": 180,
        "verificationStatus": "VERIFIED",
        "hasWebsite": false
      }
    },
    {
      "type": "Feature",
      "geometry": {
        "type": "Point",
        "coordinates": [
          -0.6014,
          35.6825
        ]
      },
      "properties": {
        "id": "cmsvxs7lg00g9r1gdndscu7ee",
        "name": "BNA Oran (Banque Nationale d'Algérie)",
        "slug": "bna-oran-banque-nationale-dalgerie",
        "wilaya": "31",
        "wilayaName": "Ouargla",
        "commune": "Oran",
        "address": "Oran, Algérie",
        "employeeCount": 145,
        "verificationStatus": "VERIFIED",
        "hasWebsite": false
      }
    },
    {
      "type": "Feature",
      "geometry": {
        "type": "Point",
        "coordinates": [
          -0.5849,
          35.666
        ]
      },
      "properties": {
        "id": "cmsvxs7lh00gbr1gd6z9ivbq0",
        "name": "CPA Oran (Crédit Populaire d'Algérie)",
        "slug": "cpa-oran-credit-populaire-dalgerie",
        "wilaya": "31",
        "wilayaName": "Ouargla",
        "commune": "Oran",
        "address": "Oran, Algérie",
        "employeeCount": 125,
        "verificationStatus": "VERIFIED",
        "hasWebsite": false
      }
    },
    {
      "type": "Feature",
      "geometry": {
        "type": "Point",
        "coordinates": [
          -0.6447,
          35.6853
        ]
      },
      "properties": {
        "id": "cmsvxs7li00gdr1gdmdxbj2da",
        "name": "Algérie Poste - Direction Régionale Oran",
        "slug": "algerie-poste-direction-regionale-oran",
        "wilaya": "31",
        "wilayaName": "Ouargla",
        "commune": "Oran",
        "address": "Oran, Algérie",
        "employeeCount": 550,
        "verificationStatus": "VERIFIED",
        "hasWebsite": false
      }
    },
    {
      "type": "Feature",
      "geometry": {
        "type": "Point",
        "coordinates": [
          -0.61,
          35.6768
        ]
      },
      "properties": {
        "id": "cmsvxs7lj00gfr1gdpobqn1fo",
        "name": "SARL Transports Internationaux d'Oran (TIO)",
        "slug": "sarl-transports-internationaux-doran-tio",
        "wilaya": "31",
        "wilayaName": "Ouargla",
        "commune": "Oran",
        "address": "Oran, Algérie",
        "employeeCount": 95,
        "verificationStatus": "VERIFIED",
        "hasWebsite": false
      }
    },
    {
      "type": "Feature",
      "geometry": {
        "type": "Point",
        "coordinates": [
          -0.5904,
          35.6935
        ]
      },
      "properties": {
        "id": "cmsvxs7lk00ghr1gdquas5m0g",
        "name": "Yalidine Express Oran",
        "slug": "yalidine-express-oran",
        "wilaya": "31",
        "wilayaName": "Ouargla",
        "commune": "Oran",
        "address": "Oran, Algérie",
        "employeeCount": 75,
        "verificationStatus": "VERIFIED",
        "hasWebsite": false
      }
    },
    {
      "type": "Feature",
      "geometry": {
        "type": "Point",
        "coordinates": [
          -0.6268,
          35.7128
        ]
      },
      "properties": {
        "id": "cmsvxs7ll00gjr1gd0307inr5",
        "name": "SARL Sécurité Protection Oran (SPO)",
        "slug": "sarl-securite-protection-oran-spo",
        "wilaya": "31",
        "wilayaName": "Ouargla",
        "commune": "Oran",
        "address": "Oran, Algérie",
        "employeeCount": 210,
        "verificationStatus": "VERIFIED",
        "hasWebsite": false
      }
    },
    {
      "type": "Feature",
      "geometry": {
        "type": "Point",
        "coordinates": [
          -0.6428,
          35.704
        ]
      },
      "properties": {
        "id": "cmsvxs7lm00glr1gdmy4s4l4f",
        "name": "SARL Location Matériel de Chantier Oran (LMCO)",
        "slug": "sarl-location-materiel-de-chantier-oran-lmco",
        "wilaya": "31",
        "wilayaName": "Ouargla",
        "commune": "Oran",
        "address": "Oran, Algérie",
        "employeeCount": 38,
        "verificationStatus": "VERIFIED",
        "hasWebsite": false
      }
    },
    {
      "type": "Feature",
      "geometry": {
        "type": "Point",
        "coordinates": [
          -0.6353,
          35.6994
        ]
      },
      "properties": {
        "id": "cmsvxs7ln00gnr1gdj07au6df",
        "name": "Société de Recyclage d'Oran (SRO)",
        "slug": "societe-de-recyclage-doran-sro",
        "wilaya": "31",
        "wilayaName": "Ouargla",
        "commune": "Oran",
        "address": "Oran, Algérie",
        "employeeCount": 72,
        "verificationStatus": "VERIFIED",
        "hasWebsite": false
      }
    },
    {
      "type": "Feature",
      "geometry": {
        "type": "Point",
        "coordinates": [
          -0.5792,
          35.6654
        ]
      },
      "properties": {
        "id": "cmsvxs7lo00gpr1gdag9e364y",
        "name": "SARL Pêche Maritime d'Oran (PMO)",
        "slug": "sarl-peche-maritime-doran-pmo",
        "wilaya": "31",
        "wilayaName": "Ouargla",
        "commune": "Oran",
        "address": "Oran, Algérie",
        "employeeCount": 55,
        "verificationStatus": "VERIFIED",
        "hasWebsite": false
      }
    },
    {
      "type": "Feature",
      "geometry": {
        "type": "Point",
        "coordinates": [
          -0.6271,
          35.7012
        ]
      },
      "properties": {
        "id": "cmsvxs7lp00grr1gd13xqguub",
        "name": "Centre Commercial Oran Mall",
        "slug": "centre-commercial-oran-mall",
        "wilaya": "31",
        "wilayaName": "Ouargla",
        "commune": "Oran",
        "address": "Oran, Algérie",
        "employeeCount": 320,
        "verificationStatus": "VERIFIED",
        "hasWebsite": false
      }
    },
    {
      "type": "Feature",
      "geometry": {
        "type": "Point",
        "coordinates": [
          6.0387,
          31.7011
        ]
      },
      "properties": {
        "id": "cmsvxs7lt00gxr1gd3tbe7ayd",
        "name": "Sonatrach - Direction Régionale Illizi / Hassi Messaoud",
        "slug": "sonatrach-direction-regionale-illizi-hassi-messaoud",
        "wilaya": "33",
        "wilayaName": "El Tarf",
        "commune": "Illizi",
        "address": "Illizi, Algérie",
        "employeeCount": 4500,
        "verificationStatus": "VERIFIED",
        "hasWebsite": false
      }
    },
    {
      "type": "Feature",
      "geometry": {
        "type": "Point",
        "coordinates": [
          8.2951,
          36.5743
        ]
      },
      "properties": {
        "id": "cmsvxs7lu00gzr1gdiu8lsm80",
        "name": "Sonatrach - Base de Bordj Omar Driss",
        "slug": "sonatrach-base-de-bordj-omar-driss",
        "wilaya": "33",
        "wilayaName": "El Tarf",
        "commune": "Illizi",
        "address": "Illizi, Algérie",
        "employeeCount": 680,
        "verificationStatus": "VERIFIED",
        "hasWebsite": false
      }
    },
    {
      "type": "Feature",
      "geometry": {
        "type": "Point",
        "coordinates": [
          8.0362,
          36.8576
        ]
      },
      "properties": {
        "id": "cmsvxs7lv00h1r1gdlipdnbbe",
        "name": "Sonatrach - Base d'In Amenas",
        "slug": "sonatrach-base-din-amenas",
        "wilaya": "33",
        "wilayaName": "El Tarf",
        "commune": "Illizi",
        "address": "Illizi, Algérie",
        "employeeCount": 920,
        "verificationStatus": "VERIFIED",
        "hasWebsite": false
      }
    },
    {
      "type": "Feature",
      "geometry": {
        "type": "Point",
        "coordinates": [
          8.349,
          36.7255
        ]
      },
      "properties": {
        "id": "cmsvxs7lx00h3r1gdb59lgl8n",
        "name": "Enageo - Entreprise Nationale de Géophysique",
        "slug": "enageo-entreprise-nationale-de-geophysique",
        "wilaya": "33",
        "wilayaName": "El Tarf",
        "commune": "Illizi",
        "address": "Illizi, Algérie",
        "employeeCount": 185,
        "verificationStatus": "VERIFIED",
        "hasWebsite": false
      }
    },
    {
      "type": "Feature",
      "geometry": {
        "type": "Point",
        "coordinates": [
          8.3744,
          36.9688
        ]
      },
      "properties": {
        "id": "cmsvxs7ly00h5r1gd51vog2tn",
        "name": "ENAFOR - Entreprise Nationale des Forages Pétroliers",
        "slug": "enafor-entreprise-nationale-des-forages-petroliers",
        "wilaya": "33",
        "wilayaName": "El Tarf",
        "commune": "Illizi",
        "address": "Illizi, Algérie",
        "employeeCount": 320,
        "verificationStatus": "VERIFIED",
        "hasWebsite": false
      }
    },
    {
      "type": "Feature",
      "geometry": {
        "type": "Point",
        "coordinates": [
          8.375,
          37.0189
        ]
      },
      "properties": {
        "id": "cmsvxs7lz00h7r1gd91g1sfv2",
        "name": "Agence Tassili Tours Désert",
        "slug": "agence-tassili-tours-desert",
        "wilaya": "33",
        "wilayaName": "El Tarf",
        "commune": "Illizi",
        "address": "Illizi, Algérie",
        "employeeCount": 15,
        "verificationStatus": "VERIFIED",
        "hasWebsite": false
      }
    },
    {
      "type": "Feature",
      "geometry": {
        "type": "Point",
        "coordinates": [
          9.4902,
          24.5701
        ]
      },
      "properties": {
        "id": "cmsvxs7m000h9r1gdpom8m5nz",
        "name": "Djanet Sahara Voyages",
        "slug": "djanet-sahara-voyages",
        "wilaya": "33",
        "wilayaName": "El Tarf",
        "commune": "Illizi",
        "address": "Illizi, Algérie",
        "employeeCount": 12,
        "verificationStatus": "VERIFIED",
        "hasWebsite": false
      }
    },
    {
      "type": "Feature",
      "geometry": {
        "type": "Point",
        "coordinates": [
          -0.2644,
          27.8576
        ]
      },
      "properties": {
        "id": "cmsvxs7m100hbr1gdeatcdg2e",
        "name": "Auberge Tadrart Rouge",
        "slug": "auberge-tadrart-rouge",
        "wilaya": "33",
        "wilayaName": "El Tarf",
        "commune": "Illizi",
        "address": "Illizi, Algérie",
        "employeeCount": 8,
        "verificationStatus": "VERIFIED",
        "hasWebsite": false
      }
    },
    {
      "type": "Feature",
      "geometry": {
        "type": "Point",
        "coordinates": [
          8.2835,
          36.7214
        ]
      },
      "properties": {
        "id": "cmsvxs7m200hdr1gd9z1izs5u",
        "name": "SONELGAZ Illizi - Distribution Énergie",
        "slug": "sonelgaz-illizi-distribution-energie",
        "wilaya": "33",
        "wilayaName": "El Tarf",
        "commune": "Illizi",
        "address": "Illizi, Algérie",
        "employeeCount": 65,
        "verificationStatus": "VERIFIED",
        "hasWebsite": false
      }
    },
    {
      "type": "Feature",
      "geometry": {
        "type": "Point",
        "coordinates": [
          8.2989,
          37.0146
        ]
      },
      "properties": {
        "id": "cmsvxs7m300hfr1gdqham4iip",
        "name": "NAFTAL Illizi - Station Service",
        "slug": "naftal-illizi-station-service",
        "wilaya": "33",
        "wilayaName": "El Tarf",
        "commune": "Illizi",
        "address": "Illizi, Algérie",
        "employeeCount": 15,
        "verificationStatus": "VERIFIED",
        "hasWebsite": false
      }
    },
    {
      "type": "Feature",
      "geometry": {
        "type": "Point",
        "coordinates": [
          8.4066,
          36.9434
        ]
      },
      "properties": {
        "id": "cmsvxs7m400hhr1gdglcobjmg",
        "name": "Algérie Poste Illizi",
        "slug": "algerie-poste-illizi",
        "wilaya": "33",
        "wilayaName": "El Tarf",
        "commune": "Illizi",
        "address": "Illizi, Algérie",
        "employeeCount": 25,
        "verificationStatus": "VERIFIED",
        "hasWebsite": false
      }
    },
    {
      "type": "Feature",
      "geometry": {
        "type": "Point",
        "coordinates": [
          8.462,
          36.6403
        ]
      },
      "properties": {
        "id": "cmsvxs7m500hjr1gd6wzdeuzn",
        "name": "Mobilis Illizi",
        "slug": "mobilis-illizi",
        "wilaya": "33",
        "wilayaName": "El Tarf",
        "commune": "Illizi",
        "address": "Illizi, Algérie",
        "employeeCount": 8,
        "verificationStatus": "VERIFIED",
        "hasWebsite": false
      }
    },
    {
      "type": "Feature",
      "geometry": {
        "type": "Point",
        "coordinates": [
          8.3538,
          36.611
        ]
      },
      "properties": {
        "id": "cmsvxs7m600hlr1gdzuchmmrq",
        "name": "Djeezy Illizi",
        "slug": "djeezy-illizi",
        "wilaya": "33",
        "wilayaName": "El Tarf",
        "commune": "Illizi",
        "address": "Illizi, Algérie",
        "employeeCount": 5,
        "verificationStatus": "VERIFIED",
        "hasWebsite": false
      }
    },
    {
      "type": "Feature",
      "geometry": {
        "type": "Point",
        "coordinates": [
          8.3698,
          36.5078
        ]
      },
      "properties": {
        "id": "cmsvxs7m700hnr1gd1inb21c4",
        "name": "Banque de Développement Local (BDL) - Agence Illizi",
        "slug": "banque-de-developpement-local-bdl-agence-illizi",
        "wilaya": "33",
        "wilayaName": "El Tarf",
        "commune": "Illizi",
        "address": "Illizi, Algérie",
        "employeeCount": 8,
        "verificationStatus": "VERIFIED",
        "hasWebsite": false
      }
    },
    {
      "type": "Feature",
      "geometry": {
        "type": "Point",
        "coordinates": [
          8.4381,
          37.0014
        ]
      },
      "properties": {
        "id": "cmsvxs7m800hpr1gdg4rvwk0a",
        "name": "SARL Commerce Général Illizi (CGI)",
        "slug": "sarl-commerce-general-illizi-cgi",
        "wilaya": "33",
        "wilayaName": "El Tarf",
        "commune": "Illizi",
        "address": "Illizi, Algérie",
        "employeeCount": 12,
        "verificationStatus": "VERIFIED",
        "hasWebsite": false
      }
    },
    {
      "type": "Feature",
      "geometry": {
        "type": "Point",
        "coordinates": [
          8.4484,
          36.5894
        ]
      },
      "properties": {
        "id": "cmsvxs7m900hrr1gd3hy13i0z",
        "name": "SARL Transports Sahariens Illizi (TSI)",
        "slug": "sarl-transports-sahariens-illizi-tsi",
        "wilaya": "33",
        "wilayaName": "El Tarf",
        "commune": "Illizi",
        "address": "Illizi, Algérie",
        "employeeCount": 35,
        "verificationStatus": "VERIFIED",
        "hasWebsite": false
      }
    },
    {
      "type": "Feature",
      "geometry": {
        "type": "Point",
        "coordinates": [
          8.5772,
          36.6059
        ]
      },
      "properties": {
        "id": "cmsvxs7ma00htr1gdd096p5fp",
        "name": "EURL Solaire Désert Energies (SDE)",
        "slug": "eurl-solaire-desert-energies-sde",
        "wilaya": "33",
        "wilayaName": "El Tarf",
        "commune": "Illizi",
        "address": "Illizi, Algérie",
        "employeeCount": 10,
        "verificationStatus": "VERIFIED",
        "hasWebsite": false
      }
    },
    {
      "type": "Feature",
      "geometry": {
        "type": "Point",
        "coordinates": [
          8.6226,
          36.7501
        ]
      },
      "properties": {
        "id": "cmsvxs7mb00hvr1gdfjtbc5jp",
        "name": "APC Illizi - Mairie (Services Publics)",
        "slug": "apc-illizi-mairie-services-publics",
        "wilaya": "33",
        "wilayaName": "El Tarf",
        "commune": "Illizi",
        "address": "Illizi, Algérie",
        "employeeCount": 85,
        "verificationStatus": "VERIFIED",
        "hasWebsite": false
      }
    },
    {
      "type": "Feature",
      "geometry": {
        "type": "Point",
        "coordinates": [
          1.7136,
          35.7315
        ]
      },
      "properties": {
        "id": "cmsvxs7md00hxr1gdobx2j29g",
        "name": "Université M'hamed Bougara de Boumerdès (UMBB)",
        "slug": "universite-mhamed-bougara-de-boumerdes-umbb",
        "wilaya": "35",
        "wilayaName": "Tissemsilt",
        "commune": "Boumerdès",
        "address": "Boumerdès, Algérie",
        "employeeCount": 1800,
        "verificationStatus": "VERIFIED",
        "hasWebsite": false
      }
    },
    {
      "type": "Feature",
      "geometry": {
        "type": "Point",
        "coordinates": [
          1.7514,
          35.3294
        ]
      },
      "properties": {
        "id": "cmsvxs7me00hzr1gd2bzget25",
        "name": "SARL Informatique & Services Algérie (ISA)",
        "slug": "sarl-informatique-services-algerie-isa",
        "wilaya": "35",
        "wilayaName": "Tissemsilt",
        "commune": "Boumerdès",
        "address": "Boumerdès, Algérie",
        "employeeCount": 45,
        "verificationStatus": "VERIFIED",
        "hasWebsite": false
      }
    },
    {
      "type": "Feature",
      "geometry": {
        "type": "Point",
        "coordinates": [
          2.196,
          35.9117
        ]
      },
      "properties": {
        "id": "cmsvxs7mf00i1r1gdsaq0sux1",
        "name": "EURL Digital Solutions Boumerdès (DSB)",
        "slug": "eurl-digital-solutions-boumerdes-dsb",
        "wilaya": "35",
        "wilayaName": "Tissemsilt",
        "commune": "Boumerdès",
        "address": "Boumerdès, Algérie",
        "employeeCount": 12,
        "verificationStatus": "VERIFIED",
        "hasWebsite": false
      }
    },
    {
      "type": "Feature",
      "geometry": {
        "type": "Point",
        "coordinates": [
          2.0904,
          35.3321
        ]
      },
      "properties": {
        "id": "cmsvxs7mg00i3r1gdckhlmsnr",
        "name": "SARL BTP Boumerdès Construction (BBC)",
        "slug": "sarl-btp-boumerdes-construction-bbc",
        "wilaya": "35",
        "wilayaName": "Tissemsilt",
        "commune": "Boumerdès",
        "address": "Boumerdès, Algérie",
        "employeeCount": 125,
        "verificationStatus": "VERIFIED",
        "hasWebsite": false
      }
    },
    {
      "type": "Feature",
      "geometry": {
        "type": "Point",
        "coordinates": [
          1.9589,
          35.5407
        ]
      },
      "properties": {
        "id": "cmsvxs7mh00i5r1gdwzolwn7g",
        "name": "Société de Promotion Immobilière Boumerdès (SPIB)",
        "slug": "societe-de-promotion-immobiliere-boumerdes-spib",
        "wilaya": "35",
        "wilayaName": "Tissemsilt",
        "commune": "Boumerdès",
        "address": "Boumerdès, Algérie",
        "employeeCount": 38,
        "verificationStatus": "VERIFIED",
        "hasWebsite": false
      }
    },
    {
      "type": "Feature",
      "geometry": {
        "type": "Point",
        "coordinates": [
          2.0971,
          35.4845
        ]
      },
      "properties": {
        "id": "cmsvxs7mi00i7r1gdegw4ntle",
        "name": "SARL Agro-Alimentaire de Boumerdès (AAB)",
        "slug": "sarl-agro-alimentaire-de-boumerdes-aab",
        "wilaya": "35",
        "wilayaName": "Tissemsilt",
        "commune": "Boumerdès",
        "address": "Boumerdès, Algérie",
        "employeeCount": 78,
        "verificationStatus": "VERIFIED",
        "hasWebsite": false
      }
    },
    {
      "type": "Feature",
      "geometry": {
        "type": "Point",
        "coordinates": [
          1.5116,
          35.4618
        ]
      },
      "properties": {
        "id": "cmsvxs7mj00i9r1gd22lvy27r",
        "name": "SARL Plastiques & Emballages Boumerdès (PEB)",
        "slug": "sarl-plastiques-emballages-boumerdes-peb",
        "wilaya": "35",
        "wilayaName": "Tissemsilt",
        "commune": "Boumerdès",
        "address": "Boumerdès, Algérie",
        "employeeCount": 65,
        "verificationStatus": "VERIFIED",
        "hasWebsite": false
      }
    },
    {
      "type": "Feature",
      "geometry": {
        "type": "Point",
        "coordinates": [
          2.0675,
          35.6587
        ]
      },
      "properties": {
        "id": "cmsvxs7mk00ibr1gd2qd0bmpm",
        "name": "Centre Hospitalier de Boumerdès (CHB)",
        "slug": "centre-hospitalier-de-boumerdes-chb",
        "wilaya": "35",
        "wilayaName": "Tissemsilt",
        "commune": "Boumerdès",
        "address": "Boumerdès, Algérie",
        "employeeCount": 650,
        "verificationStatus": "VERIFIED",
        "hasWebsite": false
      }
    },
    {
      "type": "Feature",
      "geometry": {
        "type": "Point",
        "coordinates": [
          1.9742,
          35.4955
        ]
      },
      "properties": {
        "id": "cmsvxs7ml00idr1gdsp2p27j2",
        "name": "Clinique Privée El Borhane",
        "slug": "clinique-privee-el-borhane",
        "wilaya": "35",
        "wilayaName": "Tissemsilt",
        "commune": "Boumerdès",
        "address": "Boumerdès, Algérie",
        "employeeCount": 72,
        "verificationStatus": "VERIFIED",
        "hasWebsite": false
      }
    },
    {
      "type": "Feature",
      "geometry": {
        "type": "Point",
        "coordinates": [
          1.929,
          35.382
        ]
      },
      "properties": {
        "id": "cmsvxs7mm00ifr1gdzl7gjg1b",
        "name": "Pharmacie Centrale de Boumerdès (PCB)",
        "slug": "pharmacie-centrale-de-boumerdes-pcb",
        "wilaya": "35",
        "wilayaName": "Tissemsilt",
        "commune": "Boumerdès",
        "address": "Boumerdès, Algérie",
        "employeeCount": 28,
        "verificationStatus": "VERIFIED",
        "hasWebsite": false
      }
    },
    {
      "type": "Feature",
      "geometry": {
        "type": "Point",
        "coordinates": [
          1.7965,
          35.5748
        ]
      },
      "properties": {
        "id": "cmsvxs7mn00ihr1gd3sqg5u45",
        "name": "SONELGAZ - Direction Régionale Boumerdès",
        "slug": "sonelgaz-direction-regionale-boumerdes",
        "wilaya": "35",
        "wilayaName": "Tissemsilt",
        "commune": "Boumerdès",
        "address": "Boumerdès, Algérie",
        "employeeCount": 320,
        "verificationStatus": "VERIFIED",
        "hasWebsite": false
      }
    },
    {
      "type": "Feature",
      "geometry": {
        "type": "Point",
        "coordinates": [
          1.5343,
          35.4581
        ]
      },
      "properties": {
        "id": "cmsvxs7mo00ijr1gdkuch3fxs",
        "name": "NAFTAL Boumerdès",
        "slug": "naftal-boumerdes",
        "wilaya": "35",
        "wilayaName": "Tissemsilt",
        "commune": "Boumerdès",
        "address": "Boumerdès, Algérie",
        "employeeCount": 85,
        "verificationStatus": "VERIFIED",
        "hasWebsite": false
      }
    },
    {
      "type": "Feature",
      "geometry": {
        "type": "Point",
        "coordinates": [
          2.1957,
          35.7658
        ]
      },
      "properties": {
        "id": "cmsvxs7mp00ilr1gd5zd7nsbt",
        "name": "Algérie Poste - Direction Régionale Boumerdès",
        "slug": "algerie-poste-direction-regionale-boumerdes",
        "wilaya": "35",
        "wilayaName": "Tissemsilt",
        "commune": "Boumerdès",
        "address": "Boumerdès, Algérie",
        "employeeCount": 185,
        "verificationStatus": "VERIFIED",
        "hasWebsite": false
      }
    },
    {
      "type": "Feature",
      "geometry": {
        "type": "Point",
        "coordinates": [
          1.7017,
          35.3495
        ]
      },
      "properties": {
        "id": "cmsvxs7mq00inr1gdruaarqgc",
        "name": "Mobilis Boumerdès - DSI Centre",
        "slug": "mobilis-boumerdes-dsi-centre",
        "wilaya": "35",
        "wilayaName": "Tissemsilt",
        "commune": "Boumerdès",
        "address": "Boumerdès, Algérie",
        "employeeCount": 95,
        "verificationStatus": "VERIFIED",
        "hasWebsite": false
      }
    },
    {
      "type": "Feature",
      "geometry": {
        "type": "Point",
        "coordinates": [
          1.9781,
          35.8183
        ]
      },
      "properties": {
        "id": "cmsvxs7ms00ipr1gdinsio6e8",
        "name": "Djeezy Boumerdès",
        "slug": "djeezy-boumerdes",
        "wilaya": "35",
        "wilayaName": "Tissemsilt",
        "commune": "Boumerdès",
        "address": "Boumerdès, Algérie",
        "employeeCount": 42,
        "verificationStatus": "VERIFIED",
        "hasWebsite": false
      }
    },
    {
      "type": "Feature",
      "geometry": {
        "type": "Point",
        "coordinates": [
          2.1105,
          35.4653
        ]
      },
      "properties": {
        "id": "cmsvxs7mt00irr1gdb4dfg4ia",
        "name": "Algerie Telecom Boumerdès",
        "slug": "algerie-telecom-boumerdes",
        "wilaya": "35",
        "wilayaName": "Tissemsilt",
        "commune": "Boumerdès",
        "address": "Boumerdès, Algérie",
        "employeeCount": 68,
        "verificationStatus": "VERIFIED",
        "hasWebsite": false
      }
    },
    {
      "type": "Feature",
      "geometry": {
        "type": "Point",
        "coordinates": [
          2.1484,
          35.8794
        ]
      },
      "properties": {
        "id": "cmsvxs7mu00itr1gd1ehwijie",
        "name": "Banque Extérieure d'Algérie (BEA) - Agence Boumerdès",
        "slug": "banque-exterieure-dalgerie-bea-agence-boumerdes",
        "wilaya": "35",
        "wilayaName": "Tissemsilt",
        "commune": "Boumerdès",
        "address": "Boumerdès, Algérie",
        "employeeCount": 25,
        "verificationStatus": "VERIFIED",
        "hasWebsite": false
      }
    },
    {
      "type": "Feature",
      "geometry": {
        "type": "Point",
        "coordinates": [
          2.0057,
          35.6462
        ]
      },
      "properties": {
        "id": "cmsvxs7mv00ivr1gd29l99ogf",
        "name": "CPA Banque Boumerdès",
        "slug": "cpa-banque-boumerdes",
        "wilaya": "35",
        "wilayaName": "Tissemsilt",
        "commune": "Boumerdès",
        "address": "Boumerdès, Algérie",
        "employeeCount": 22,
        "verificationStatus": "VERIFIED",
        "hasWebsite": false
      }
    },
    {
      "type": "Feature",
      "geometry": {
        "type": "Point",
        "coordinates": [
          1.4504,
          35.3968
        ]
      },
      "properties": {
        "id": "cmsvxs7mw00ixr1gdwdmxzubj",
        "name": "SARL Transports & Logistique de Boumerdès (TLB)",
        "slug": "sarl-transports-logistique-de-boumerdes-tlb",
        "wilaya": "35",
        "wilayaName": "Tissemsilt",
        "commune": "Boumerdès",
        "address": "Boumerdès, Algérie",
        "employeeCount": 48,
        "verificationStatus": "VERIFIED",
        "hasWebsite": false
      }
    },
    {
      "type": "Feature",
      "geometry": {
        "type": "Point",
        "coordinates": [
          1.7258,
          35.6201
        ]
      },
      "properties": {
        "id": "cmsvxs7mx00izr1gd79ju9bab",
        "name": "Yalidine Express Boumerdès",
        "slug": "yalidine-express-boumerdes",
        "wilaya": "35",
        "wilayaName": "Tissemsilt",
        "commune": "Boumerdès",
        "address": "Boumerdès, Algérie",
        "employeeCount": 32,
        "verificationStatus": "VERIFIED",
        "hasWebsite": false
      }
    },
    {
      "type": "Feature",
      "geometry": {
        "type": "Point",
        "coordinates": [
          1.6774,
          35.3616
        ]
      },
      "properties": {
        "id": "cmsvxs7my00j1r1gdl7afv84a",
        "name": "SARL Électricité & Automation Boumerdès (EAB)",
        "slug": "sarl-electricite-automation-boumerdes-eab",
        "wilaya": "35",
        "wilayaName": "Tissemsilt",
        "commune": "Boumerdès",
        "address": "Boumerdès, Algérie",
        "employeeCount": 35,
        "verificationStatus": "VERIFIED",
        "hasWebsite": false
      }
    },
    {
      "type": "Feature",
      "geometry": {
        "type": "Point",
        "coordinates": [
          1.4763,
          35.5132
        ]
      },
      "properties": {
        "id": "cmsvxs7mz00j3r1gdcu470xpx",
        "name": "SARL Menuiserie Aluminium Boumerdès (MAB)",
        "slug": "sarl-menuiserie-aluminium-boumerdes-mab",
        "wilaya": "35",
        "wilayaName": "Tissemsilt",
        "commune": "Boumerdès",
        "address": "Boumerdès, Algérie",
        "employeeCount": 28,
        "verificationStatus": "VERIFIED",
        "hasWebsite": false
      }
    },
    {
      "type": "Feature",
      "geometry": {
        "type": "Point",
        "coordinates": [
          1.6419,
          35.3754
        ]
      },
      "properties": {
        "id": "cmsvxs7n000j5r1gd6ubz3zbs",
        "name": "SARL Peinture & Décoration Boumerdès (PDB)",
        "slug": "sarl-peinture-decoration-boumerdes-pdb",
        "wilaya": "35",
        "wilayaName": "Tissemsilt",
        "commune": "Boumerdès",
        "address": "Boumerdès, Algérie",
        "employeeCount": 18,
        "verificationStatus": "VERIFIED",
        "hasWebsite": false
      }
    },
    {
      "type": "Feature",
      "geometry": {
        "type": "Point",
        "coordinates": [
          1.7876,
          35.875
        ]
      },
      "properties": {
        "id": "cmsvxs7n200j7r1gdy72tm3rf",
        "name": "SARl Plomberie & Sanitaires Boumerdès (PSB)",
        "slug": "sarl-plomberie-sanitaires-boumerdes-psb",
        "wilaya": "35",
        "wilayaName": "Tissemsilt",
        "commune": "Boumerdès",
        "address": "Boumerdès, Algérie",
        "employeeCount": 15,
        "verificationStatus": "VERIFIED",
        "hasWebsite": false
      }
    },
    {
      "type": "Feature",
      "geometry": {
        "type": "Point",
        "coordinates": [
          1.4396,
          35.6996
        ]
      },
      "properties": {
        "id": "cmsvxs7n300j9r1gdnfm81lav",
        "name": "Supermarché Général Boumerdès (SGB)",
        "slug": "supermarche-general-boumerdes-sgb",
        "wilaya": "35",
        "wilayaName": "Tissemsilt",
        "commune": "Boumerdès",
        "address": "Boumerdès, Algérie",
        "employeeCount": 55,
        "verificationStatus": "VERIFIED",
        "hasWebsite": false
      }
    },
    {
      "type": "Feature",
      "geometry": {
        "type": "Point",
        "coordinates": [
          2.0949,
          35.4348
        ]
      },
      "properties": {
        "id": "cmsvxs7n600jbr1gd9odipe14",
        "name": "Boulangerie-Pâtisserie Moderne Boumerdès (BPMB)",
        "slug": "boulangerie-patisserie-moderne-boumerdes-bpmb",
        "wilaya": "35",
        "wilayaName": "Tissemsilt",
        "commune": "Boumerdès",
        "address": "Boumerdès, Algérie",
        "employeeCount": 32,
        "verificationStatus": "VERIFIED",
        "hasWebsite": false
      }
    },
    {
      "type": "Feature",
      "geometry": {
        "type": "Point",
        "coordinates": [
          1.6226,
          35.794
        ]
      },
      "properties": {
        "id": "cmsvxs7n700jdr1gdtggqa8et",
        "name": "Restaurant Le Mediterranean Boumerdès",
        "slug": "restaurant-le-mediterranean-boumerdes",
        "wilaya": "35",
        "wilayaName": "Tissemsilt",
        "commune": "Boumerdès",
        "address": "Boumerdès, Algérie",
        "employeeCount": 18,
        "verificationStatus": "VERIFIED",
        "hasWebsite": false
      }
    },
    {
      "type": "Feature",
      "geometry": {
        "type": "Point",
        "coordinates": [
          1.5626,
          35.6682
        ]
      },
      "properties": {
        "id": "cmsvxs7n900jfr1gdsztorbjq",
        "name": "Hôtel Les Jardins de Boumerdès",
        "slug": "hotel-les-jardins-de-boumerdes",
        "wilaya": "35",
        "wilayaName": "Tissemsilt",
        "commune": "Boumerdès",
        "address": "Boumerdès, Algérie",
        "employeeCount": 28,
        "verificationStatus": "VERIFIED",
        "hasWebsite": false
      }
    },
    {
      "type": "Feature",
      "geometry": {
        "type": "Point",
        "coordinates": [
          1.9219,
          35.5416
        ]
      },
      "properties": {
        "id": "cmsvxs7nb00jhr1gdkxqgamdb",
        "name": "Agence de Voyage Boumerdès Tourisme (BT)",
        "slug": "agence-de-voyage-boumerdes-tourisme-bt",
        "wilaya": "35",
        "wilayaName": "Tissemsilt",
        "commune": "Boumerdès",
        "address": "Boumerdès, Algérie",
        "employeeCount": 10,
        "verificationStatus": "VERIFIED",
        "hasWebsite": false
      }
    },
    {
      "type": "Feature",
      "geometry": {
        "type": "Point",
        "coordinates": [
          1.4985,
          35.4288
        ]
      },
      "properties": {
        "id": "cmsvxs7nc00jjr1gdn19qdvl0",
        "name": "SARL Sécurité Protection Boumerdès (SPB)",
        "slug": "sarl-securite-protection-boumerdes-spb",
        "wilaya": "35",
        "wilayaName": "Tissemsilt",
        "commune": "Boumerdès",
        "address": "Boumerdès, Algérie",
        "employeeCount": 95,
        "verificationStatus": "VERIFIED",
        "hasWebsite": false
      }
    },
    {
      "type": "Feature",
      "geometry": {
        "type": "Point",
        "coordinates": [
          1.6172,
          35.4029
        ]
      },
      "properties": {
        "id": "cmsvxs7ne00jlr1gdv5v9tc3i",
        "name": "SARL Nettoyage & Entretien Boumerdès (NEB)",
        "slug": "sarl-nettoyage-entretien-boumerdes-neb",
        "wilaya": "35",
        "wilayaName": "Tissemsilt",
        "commune": "Boumerdès",
        "address": "Boumerdès, Algérie",
        "employeeCount": 45,
        "verificationStatus": "VERIFIED",
        "hasWebsite": false
      }
    },
    {
      "type": "Feature",
      "geometry": {
        "type": "Point",
        "coordinates": [
          2.1888,
          35.5297
        ]
      },
      "properties": {
        "id": "cmsvxs7nf00jnr1gdc0abi4n3",
        "name": "SARL Location Matériel Chantier Boumerdès (LMCB)",
        "slug": "sarl-location-materiel-chantier-boumerdes-lmcb",
        "wilaya": "35",
        "wilayaName": "Tissemsilt",
        "commune": "Boumerdès",
        "address": "Boumerdès, Algérie",
        "employeeCount": 12,
        "verificationStatus": "VERIFIED",
        "hasWebsite": false
      }
    },
    {
      "type": "Feature",
      "geometry": {
        "type": "Point",
        "coordinates": [
          1.5891,
          35.3057
        ]
      },
      "properties": {
        "id": "cmsvxs7ng00jpr1gd5vt7ivol",
        "name": "Centre de Formation Professionnelle Boumerdès (CFPB)",
        "slug": "centre-de-formation-professionnelle-boumerdes-cfpb",
        "wilaya": "35",
        "wilayaName": "Tissemsilt",
        "commune": "Boumerdès",
        "address": "Boumerdès, Algérie",
        "employeeCount": 75,
        "verificationStatus": "VERIFIED",
        "hasWebsite": false
      }
    }
  ]
}